group,experiment_group,model,dataset,pred_len,seed,data_mode,synth_ratio,sparsity,difficulty_mode,bundle,p_latent_factor,anneal_strategy,anneal_epoch,mse,mae,train_time,timestamp
1,baseline,DLinear,ETTh2,336,2021,real,0.0,1.0,none,all,0.0,none,0,0.5929315686225891,0.5421717166900635,30,2026-03-09 16:32:33
1,baseline,DLinear,ETTh2,96,2023,real,0.0,1.0,none,all,0.0,none,0,0.3429639041423797,0.3966805636882782,30,2026-03-09 16:32:33
1,baseline,DLinear,ETTh2,96,2021,real,0.0,1.0,none,all,0.0,none,0,0.3414475321769714,0.3952931761741638,33,2026-03-09 16:32:36
1,baseline,DLinear,ETTh1,336,2023,real,0.0,1.0,none,all,0.0,none,0,0.4874500036239624,0.4654593467712402,34,2026-03-09 16:32:37
1,baseline,DLinear,ETTh2,336,2022,real,0.0,1.0,none,all,0.0,none,0,0.5808380842208862,0.5357903838157654,35,2026-03-09 16:32:38
1,baseline,DLinear,ETTh1,96,2023,real,0.0,1.0,none,all,0.0,none,0,0.3954680562019348,0.4103050529956817,36,2026-03-09 16:32:39
1,baseline,DLinear,ETTh2,96,2022,real,0.0,1.0,none,all,0.0,none,0,0.3510926365852356,0.4029801189899444,37,2026-03-09 16:32:40
1,baseline,DLinear,ETTh1,336,2021,real,0.0,1.0,none,all,0.0,none,0,0.4874104261398315,0.4654037654399872,37,2026-03-09 16:32:40
1,baseline,DLinear,ETTh1,336,2022,real,0.0,1.0,none,all,0.0,none,0,0.486869752407074,0.4649213850498199,40,2026-03-09 16:32:43
1,baseline,DLinear,ETTh2,336,2023,real,0.0,1.0,none,all,0.0,none,0,0.6023935079574585,0.5457181334495544,40,2026-03-09 16:32:43
1,baseline,DLinear,ETTh1,96,2022,real,0.0,1.0,none,all,0.0,none,0,0.3976009488105774,0.4122239649295807,42,2026-03-09 16:33:03
1,baseline,DLinear,ETTm1,96,2021,real,0.0,1.0,none,all,0.0,none,0,0.3459462523460388,0.3737089335918426,63,2026-03-09 16:33:06
1,baseline,DLinear,ETTh1,96,2021,real,0.0,1.0,none,all,0.0,none,0,0.3961580693721771,0.4108411967754364,45,2026-03-09 16:33:06
1,baseline,DLinear,ETTm1,96,2023,real,0.0,1.0,none,all,0.0,none,0,0.3452924191951751,0.3719123899936676,80,2026-03-09 16:33:23
1,baseline,DLinear,ETTm1,96,2022,real,0.0,1.0,none,all,0.0,none,0,0.3453782498836517,0.3719723224639892,81,2026-03-09 16:33:24
1,baseline,DLinear,ETTm2,96,2022,real,0.0,1.0,none,all,0.0,none,0,0.1909642666578292,0.2892410159111023,51,2026-03-09 16:33:54
1,baseline,DLinear,ETTm2,336,2022,real,0.0,1.0,none,all,0.0,none,0,0.3751390874385834,0.4220036566257477,53,2026-03-09 16:33:59
1,baseline,DLinear,ETTm1,336,2021,real,0.0,1.0,none,all,0.0,none,0,0.4152669012546539,0.4150264263153076,60,2026-03-09 16:33:59
1,baseline,DLinear,ETTm2,96,2021,real,0.0,1.0,none,all,0.0,none,0,0.1934284567832946,0.292817085981369,59,2026-03-09 16:34:01
1,baseline,DLinear,ETTm2,336,2021,real,0.0,1.0,none,all,0.0,none,0,0.3849274218082428,0.4294671416282654,56,2026-03-09 16:34:01
1,baseline,DLinear,ETTm1,336,2022,real,0.0,1.0,none,all,0.0,none,0,0.4133463203907013,0.4130905270576477,63,2026-03-09 16:34:02
1,baseline,DLinear,ETTm2,96,2023,real,0.0,1.0,none,all,0.0,none,0,0.19521464407444,0.2948095798492431,60,2026-03-09 16:34:04
1,baseline,DLinear,ETTm1,336,2023,real,0.0,1.0,none,all,0.0,none,0,0.4138513803482055,0.4138355553150177,64,2026-03-09 16:34:05
1,baseline,DLinear,Weather,96,2023,real,0.0,1.0,none,all,0.0,none,0,0.1964689493179321,0.2589033544063568,58,2026-03-09 16:34:07
1,baseline,DLinear,ETTm2,336,2023,real,0.0,1.0,none,all,0.0,none,0,0.384463220834732,0.4277086555957794,63,2026-03-09 16:34:09
1,baseline,DLinear,Weather,96,2022,real,0.0,1.0,none,all,0.0,none,0,0.196770429611206,0.2592284381389618,63,2026-03-09 16:34:11
1,baseline,DLinear,Weather,96,2021,real,0.0,1.0,none,all,0.0,none,0,0.1962200999259948,0.2561099231243133,74,2026-03-09 16:34:20
1,baseline,DLinear,Weather,336,2021,real,0.0,1.0,none,all,0.0,none,0,0.2810532450675964,0.3305884301662445,81,2026-03-09 16:34:52
1,baseline,DLinear,Weather,336,2023,real,0.0,1.0,none,all,0.0,none,0,0.2819915413856506,0.3317079842090606,98,2026-03-09 16:35:28
1,baseline,DLinear,Weather,336,2022,real,0.0,1.0,none,all,0.0,none,0,0.281845360994339,0.3315663635730743,101,2026-03-09 16:35:29
1,baseline,SegRNN,ETTh1,96,2021,real,0.0,1.0,none,all,0.0,none,0,0.3728362917900085,0.3982914686203003,52,2026-03-09 16:36:09
1,baseline,SegRNN,ETTh1,96,2022,real,0.0,1.0,none,all,0.0,none,0,0.3751285672187805,0.3998768925666809,41,2026-03-09 16:36:35
1,baseline,SegRNN,ETTh1,96,2023,real,0.0,1.0,none,all,0.0,none,0,0.3749196529388428,0.3997296690940857,44,2026-03-09 16:36:39
1,baseline,DLinear,Electricity,96,2021,real,0.0,1.0,none,all,0.0,none,0,0.2103679627180099,0.3015490770339966,143,2026-03-09 16:36:43
1,baseline,DLinear,Electricity,96,2023,real,0.0,1.0,none,all,0.0,none,0,0.2102971374988556,0.3014651834964752,139,2026-03-09 16:36:44
1,baseline,DLinear,Electricity,96,2022,real,0.0,1.0,none,all,0.0,none,0,0.2104123383760452,0.3016297221183777,146,2026-03-09 16:36:52
1,baseline,SegRNN,ETTh1,336,2021,real,0.0,1.0,none,all,0.0,none,0,0.4563104808330536,0.4436960518360138,45,2026-03-09 16:37:20
1,baseline,DLinear,Traffic,96,2022,real,0.0,1.0,none,all,0.0,none,0,0.6963860988616943,0.4285494387149811,183,2026-03-09 16:37:34
1,baseline,DLinear,Traffic,96,2021,real,0.0,1.0,none,all,0.0,none,0,0.6965416073799133,0.4287469089031219,185,2026-03-09 16:37:35
1,baseline,DLinear,Traffic,96,2023,real,0.0,1.0,none,all,0.0,none,0,0.6965391635894775,0.4288296699523926,186,2026-03-09 16:37:38
1,baseline,SegRNN,ETTh2,96,2021,real,0.0,1.0,none,all,0.0,none,0,0.2927711904048919,0.3483842611312866,31,2026-03-09 16:37:41
1,baseline,SegRNN,ETTh1,336,2022,real,0.0,1.0,none,all,0.0,none,0,0.4552458822727203,0.4432075619697571,41,2026-03-09 16:37:42
1,baseline,SegRNN,ETTh1,336,2023,real,0.0,1.0,none,all,0.0,none,0,0.4540707767009735,0.4428073465824127,42,2026-03-09 16:37:47
1,baseline,SegRNN,ETTh2,96,2022,real,0.0,1.0,none,all,0.0,none,0,0.2918326556682586,0.3480232059955597,39,2026-03-09 16:37:49
1,baseline,SegRNN,ETTh2,96,2023,real,0.0,1.0,none,all,0.0,none,0,0.2942517399787903,0.3500765562057495,40,2026-03-09 16:38:00
1,baseline,DLinear,Electricity,336,2023,real,0.0,1.0,none,all,0.0,none,0,0.2230052202939987,0.3191001713275909,220,2026-03-09 16:38:08
1,baseline,SegRNN,ETTh2,336,2021,real,0.0,1.0,none,all,0.0,none,0,0.4220800995826721,0.4389735758304596,35,2026-03-09 16:38:21
1,baseline,SegRNN,ETTh2,336,2022,real,0.0,1.0,none,all,0.0,none,0,0.4264871776103973,0.4464603960514068,30,2026-03-09 16:38:30
1,baseline,SegRNN,ETTh2,336,2023,real,0.0,1.0,none,all,0.0,none,0,0.4247964322566986,0.4422381818294525,29,2026-03-09 16:38:31
1,baseline,SegRNN,ETTm1,96,2021,real,0.0,1.0,none,all,0.0,none,0,0.3314228355884552,0.3710297346115112,99,2026-03-09 16:39:43
1,baseline,SegRNN,ETTm1,96,2022,real,0.0,1.0,none,all,0.0,none,0,0.3301794528961181,0.3705179989337921,98,2026-03-09 16:39:45
1,baseline,SegRNN,ETTm2,96,2021,real,0.0,1.0,none,all,0.0,none,0,0.172886237502098,0.2551244795322418,87,2026-03-09 16:40:01
1,baseline,SegRNN,ETTm1,96,2023,real,0.0,1.0,none,all,0.0,none,0,0.330523282289505,0.3701656758785248,113,2026-03-09 16:40:01
1,baseline,SegRNN,ETTm1,336,2023,real,0.0,1.0,none,all,0.0,none,0,0.3978195190429687,0.4116866588592529,99,2026-03-09 16:40:06
1,baseline,DLinear,Traffic,336,2022,real,0.0,1.0,none,all,0.0,none,0,0.6530725955963135,0.409732311964035,336,2026-03-09 16:40:13
1,baseline,SegRNN,ETTm1,336,2021,real,0.0,1.0,none,all,0.0,none,0,0.3977310061454773,0.4116200506687164,125,2026-03-09 16:40:18
1,baseline,SegRNN,ETTm1,336,2022,real,0.0,1.0,none,all,0.0,none,0,0.3977507352828979,0.4113090336322784,127,2026-03-09 16:40:22
1,baseline,SegRNN,ETTm2,96,2022,real,0.0,1.0,none,all,0.0,none,0,0.1728171557188034,0.2550859153270721,108,2026-03-09 16:40:22
1,baseline,SegRNN,ETTm2,96,2023,real,0.0,1.0,none,all,0.0,none,0,0.1726227849721908,0.2549330294132232,107,2026-03-09 16:40:29
1,baseline,DLinear,Traffic,336,2023,real,0.0,1.0,none,all,0.0,none,0,0.6533231735229492,0.4098588526248932,345,2026-03-09 16:40:30
1,baseline,SegRNN,ETTm2,336,2023,real,0.0,1.0,none,all,0.0,none,0,0.2952445447444916,0.3338517546653747,98,2026-03-09 16:40:35
1,baseline,SegRNN,ETTm2,336,2021,real,0.0,1.0,none,all,0.0,none,0,0.2941294610500335,0.3347007632255554,113,2026-03-09 16:40:40
1,baseline,SegRNN,ETTm2,336,2022,real,0.0,1.0,none,all,0.0,none,0,0.2946843802928924,0.3350753784179687,109,2026-03-09 16:40:44
1,baseline,DLinear,Traffic,336,2021,real,0.0,1.0,none,all,0.0,none,0,0.6532208323478699,0.4097229838371277,382,2026-03-09 16:40:57
1,baseline,DLinear,Electricity,336,2021,real,0.0,1.0,none,all,0.0,none,0,0.2231063097715377,0.3192039132118225,254,2026-03-09 16:42:04
1,baseline,SegRNN,Weather,96,2021,real,0.0,1.0,none,all,0.0,none,0,0.1657422333955764,0.2277453988790512,126,2026-03-09 16:42:15
1,baseline,DLinear,Electricity,336,2022,real,0.0,1.0,none,all,0.0,none,0,0.2230586260557174,0.3191634714603424,257,2026-03-09 16:42:17
1,baseline,SegRNN,Weather,96,2022,real,0.0,1.0,none,all,0.0,none,0,0.1655809581279754,0.2275456339120865,128,2026-03-09 16:42:19
1,baseline,SegRNN,Weather,96,2023,real,0.0,1.0,none,all,0.0,none,0,0.1651533246040344,0.2265661507844925,125,2026-03-09 16:42:32
1,baseline,SegRNN,Weather,336,2021,real,0.0,1.0,none,all,0.0,none,0,0.2714014053344726,0.3179495632648468,162,2026-03-09 16:43:09
1,baseline,SegRNN,Weather,336,2022,real,0.0,1.0,none,all,0.0,none,0,0.2710295021533966,0.3173817694187164,162,2026-03-09 16:43:15
1,baseline,SegRNN,Weather,336,2023,real,0.0,1.0,none,all,0.0,none,0,0.2718804776668548,0.3181878924369812,164,2026-03-09 16:43:23
1,baseline,SegRNN,Electricity,96,2023,real,0.0,1.0,none,all,0.0,none,0,0.1928035914897918,0.2821254134178161,334,2026-03-09 16:46:22
1,baseline,SegRNN,Electricity,96,2021,real,0.0,1.0,none,all,0.0,none,0,0.1923749595880508,0.2816057205200195,339,2026-03-09 16:46:23
1,baseline,SegRNN,Electricity,96,2022,real,0.0,1.0,none,all,0.0,none,0,0.1933169513940811,0.2821172773838043,347,2026-03-09 16:46:34
1,baseline,TimesNet,ETTh1,96,2021,real,0.0,1.0,none,all,0.0,none,0,0.398941308259964,0.4170216917991638,219,2026-03-09 16:47:15
1,baseline,TimesNet,ETTh1,96,2023,real,0.0,1.0,none,all,0.0,none,0,0.400020033121109,0.4200457036495209,208,2026-03-09 16:47:17
1,baseline,TimesNet,ETTh1,96,2022,real,0.0,1.0,none,all,0.0,none,0,0.4057192504405975,0.4212290346622467,213,2026-03-09 16:47:17
1,baseline,SegRNN,Traffic,96,2022,real,0.0,1.0,none,all,0.0,none,0,0.7815296649932861,0.4033322036266327,576,2026-03-09 16:50:45
1,baseline,SegRNN,Traffic,96,2021,real,0.0,1.0,none,all,0.0,none,0,0.7805348038673401,0.4028790891170501,594,2026-03-09 16:51:00
1,baseline,TimesNet,ETTh2,96,2021,real,0.0,1.0,none,all,0.0,none,0,0.3373456001281738,0.3751086890697479,242,2026-03-09 16:51:47
1,baseline,TimesNet,ETTh1,336,2022,real,0.0,1.0,none,all,0.0,none,0,0.529456377029419,0.4935737550258636,327,2026-03-09 16:52:28
1,baseline,SegRNN,Electricity,336,2021,real,0.0,1.0,none,all,0.0,none,0,0.223903015255928,0.3099614679813385,705,2026-03-09 16:52:40
1,baseline,SegRNN,Electricity,336,2022,real,0.0,1.0,none,all,0.0,none,0,0.2245802134275436,0.310485690832138,714,2026-03-09 16:52:50
1,baseline,SegRNN,Electricity,336,2023,real,0.0,1.0,none,all,0.0,none,0,0.2244846373796463,0.3103267550468445,718,2026-03-09 16:52:59
1,baseline,TimesNet,ETTh2,96,2022,real,0.0,1.0,none,all,0.0,none,0,0.3328694105148315,0.3714664280414581,345,2026-03-09 16:53:29
1,baseline,TimesNet,ETTh1,336,2023,real,0.0,1.0,none,all,0.0,none,0,0.5332945585250854,0.5000338554382324,349,2026-03-09 16:53:30
1,baseline,TimesNet,ETTh1,336,2021,real,0.0,1.0,none,all,0.0,none,0,0.5296286940574646,0.5039340257644653,403,2026-03-09 16:53:33
1,baseline,TimesNet,ETTh2,96,2023,real,0.0,1.0,none,all,0.0,none,0,0.3264084756374359,0.3673677742481231,235,2026-03-09 16:55:04
1,baseline,TimesNet,ETTh2,336,2023,real,0.0,1.0,none,all,0.0,none,0,0.4740564823150635,0.4619011282920837,322,2026-03-09 16:56:49
1,baseline,TimesNet,ETTh2,336,2021,real,0.0,1.0,none,all,0.0,none,0,0.4684042632579803,0.4587928652763366,477,2026-03-09 16:59:07
1,baseline,TimesNet,ETTh2,336,2022,real,0.0,1.0,none,all,0.0,none,0,0.4962889552116394,0.4748250842094421,489,2026-03-09 16:59:21
1,baseline,SegRNN,Traffic,336,2021,real,0.0,1.0,none,all,0.0,none,0,0.817988932132721,0.4137267470359802,1185,2026-03-09 17:02:26
1,baseline,SegRNN,Traffic,336,2023,real,0.0,1.0,none,all,0.0,none,0,0.8172498345375061,0.4136184453964233,1190,2026-03-09 17:02:48
1,baseline,SegRNN,Traffic,336,2022,real,0.0,1.0,none,all,0.0,none,0,0.8177883625030518,0.4143631756305694,1206,2026-03-09 17:02:52
1,baseline,TimesNet,ETTm1,96,2021,real,0.0,1.0,none,all,0.0,none,0,0.336481899023056,0.3750999569892883,711,2026-03-09 17:04:03
1,baseline,TimesNet,ETTm1,96,2023,real,0.0,1.0,none,all,0.0,none,0,0.3295453786849975,0.3692018687725067,726,2026-03-09 17:05:13
1,baseline,TimesNet,ETTm2,96,2022,real,0.0,1.0,none,all,0.0,none,0,0.1878973245620727,0.2652996182441711,705,2026-03-09 17:05:45
1,baseline,TimesNet,ETTm1,96,2022,real,0.0,1.0,none,all,0.0,none,0,0.3512721061706543,0.3826656639575958,821,2026-03-09 17:06:36
1,baseline,TimesNet,ETTm2,96,2023,real,0.0,1.0,none,all,0.0,none,0,0.1856778860092163,0.2645743489265442,728,2026-03-09 17:07:39
1,baseline,TimesNet,ETTm2,96,2021,real,0.0,1.0,none,all,0.0,none,0,0.1887607276439666,0.2657355070114136,867,2026-03-09 17:08:24
1,baseline,TimesNet,ETTm1,336,2023,real,0.0,1.0,none,all,0.0,none,0,0.4017219543457031,0.4111236035823822,1033,2026-03-09 17:11:11
1,baseline,TimesNet,ETTm1,336,2021,real,0.0,1.0,none,all,0.0,none,0,0.4345044493675232,0.4278107285499573,1098,2026-03-09 17:11:35
1,baseline,TimesNet,Weather,96,2021,real,0.0,1.0,none,all,0.0,none,0,0.1698329597711563,0.2205594480037689,709,2026-03-09 17:14:42
1,baseline,TimesNet,Weather,96,2023,real,0.0,1.0,none,all,0.0,none,0,0.1736131459474563,0.2219133824110031,723,2026-03-09 17:15:22
1,baseline,TimesNet,ETTm2,336,2021,real,0.0,1.0,none,all,0.0,none,0,0.3162614107131958,0.3465791046619415,1117,2026-03-09 17:15:52
1,baseline,TimesNet,Weather,96,2022,real,0.0,1.0,none,all,0.0,none,0,0.1690019965171814,0.2179155200719833,863,2026-03-09 17:17:38
1,baseline,TimesNet,ETTm1,336,2022,real,0.0,1.0,none,all,0.0,none,0,0.4593179225921631,0.4379580616950989,1610,2026-03-09 17:20:16
1,baseline,TimesNet,Electricity,96,2021,real,0.0,1.0,none,all,0.0,none,0,0.20855014026165,0.3087145984172821,802,2026-03-09 17:20:25
1,baseline,TimesNet,Electricity,96,2022,real,0.0,1.0,none,all,0.0,none,0,0.1918627321720123,0.2953886985778808,822,2026-03-09 17:21:48
1,baseline,TimesNet,Electricity,96,2023,real,0.0,1.0,none,all,0.0,none,0,0.2113609164953231,0.3112763166427612,800,2026-03-09 17:22:12
1,baseline,iTransformer,ETTh1,96,2021,real,0.0,1.0,none,all,0.0,none,0,0.3894663453102112,0.4058949053287506,55,2026-03-09 17:23:33
1,baseline,TimesNet,Weather,336,2021,real,0.0,1.0,none,all,0.0,none,0,0.2829571664333343,0.3059939444065094,1150,2026-03-09 17:23:40
1,baseline,iTransformer,ETTh1,96,2022,real,0.0,1.0,none,all,0.0,none,0,0.4038490653038025,0.4185653328895569,55,2026-03-09 17:24:54
1,baseline,iTransformer,ETTh1,96,2023,real,0.0,1.0,none,all,0.0,none,0,0.3939167857170105,0.4113653600215912,49,2026-03-09 17:24:55
1,baseline,TimesNet,Weather,336,2023,real,0.0,1.0,none,all,0.0,none,0,0.2855256497859955,0.3066935539245605,1164,2026-03-09 17:25:36
1,baseline,iTransformer,ETTh1,336,2021,real,0.0,1.0,none,all,0.0,none,0,0.4852111935615539,0.4603084027767181,47,2026-03-09 17:26:07
1,baseline,iTransformer,ETTh1,336,2022,real,0.0,1.0,none,all,0.0,none,0,0.4828492701053619,0.456989586353302,47,2026-03-09 17:26:08
1,baseline,TimesNet,Traffic,96,2021,real,0.0,1.0,none,all,0.0,none,0,0.6363589763641357,0.3626228868961334,636,2026-03-09 17:26:25
1,baseline,iTransformer,ETTh1,336,2023,real,0.0,1.0,none,all,0.0,none,0,0.4976226687431335,0.4692951142787933,54,2026-03-09 17:26:56
1,baseline,TimesNet,ETTm2,336,2023,real,0.0,1.0,none,all,0.0,none,0,0.3148403465747833,0.3438965082168579,1633,2026-03-09 17:27:01
1,baseline,TimesNet,Traffic,96,2022,real,0.0,1.0,none,all,0.0,none,0,0.6342602372169495,0.3609409034252167,652,2026-03-09 17:27:11
1,baseline,iTransformer,ETTh2,96,2021,real,0.0,1.0,none,all,0.0,none,0,0.3107546269893646,0.3552552759647369,47,2026-03-09 17:27:20
1,baseline,iTransformer,ETTh2,96,2022,real,0.0,1.0,none,all,0.0,none,0,0.3183650970458984,0.3639580607414245,46,2026-03-09 17:27:20
1,baseline,TimesNet,Electricity,336,2021,real,0.0,1.0,none,all,0.0,none,0,0.2647325396537781,0.346338540315628,957,2026-03-09 17:27:36
1,baseline,iTransformer,ETTh2,96,2023,real,0.0,1.0,none,all,0.0,none,0,0.3062828481197357,0.3538746833801269,49,2026-03-09 17:27:40
1,baseline,TimesNet,Weather,336,2022,real,0.0,1.0,none,all,0.0,none,0,0.2863946259021759,0.3068293333053589,1347,2026-03-09 17:28:07
1,baseline,TimesNet,Traffic,96,2023,real,0.0,1.0,none,all,0.0,none,0,0.6489580869674683,0.3649007380008697,602,2026-03-09 17:28:07
1,baseline,iTransformer,ETTh2,336,2021,real,0.0,1.0,none,all,0.0,none,0,0.4370679259300232,0.4376916289329529,46,2026-03-09 17:28:08
1,baseline,iTransformer,ETTh2,336,2022,real,0.0,1.0,none,all,0.0,none,0,0.4321971535682678,0.4393839538097381,45,2026-03-09 17:28:13
1,baseline,iTransformer,ETTh2,336,2023,real,0.0,1.0,none,all,0.0,none,0,0.4534905850887298,0.4473027884960174,48,2026-03-09 17:28:25
1,baseline,iTransformer,ETTm1,96,2021,real,0.0,1.0,none,all,0.0,none,0,0.3566153347492218,0.386133998632431,127,2026-03-09 17:29:53
1,baseline,iTransformer,ETTm1,96,2023,real,0.0,1.0,none,all,0.0,none,0,0.3424121439456939,0.376886785030365,113,2026-03-09 17:29:57
1,baseline,iTransformer,ETTm1,96,2022,real,0.0,1.0,none,all,0.0,none,0,0.3498804271221161,0.3772011399269104,142,2026-03-09 17:30:08
1,baseline,iTransformer,ETTm1,336,2021,real,0.0,1.0,none,all,0.0,none,0,0.461786150932312,0.4392203092575073,135,2026-03-09 17:30:21
1,baseline,iTransformer,ETTm2,96,2021,real,0.0,1.0,none,all,0.0,none,0,0.1889570951461792,0.2696008086204529,109,2026-03-09 17:30:23
1,baseline,iTransformer,ETTm2,96,2022,real,0.0,1.0,none,all,0.0,none,0,0.1836564391851425,0.2638286650180816,111,2026-03-09 17:30:30
1,baseline,iTransformer,ETTm1,336,2022,real,0.0,1.0,none,all,0.0,none,0,0.456015408039093,0.4400247931480407,130,2026-03-09 17:30:43
1,baseline,iTransformer,ETTm2,96,2023,real,0.0,1.0,none,all,0.0,none,0,0.1822942644357681,0.263661652803421,112,2026-03-09 17:30:43
1,baseline,iTransformer,ETTm1,336,2023,real,0.0,1.0,none,all,0.0,none,0,0.4652995765209198,0.4407265484333038,153,2026-03-09 17:31:06
1,baseline,iTransformer,ETTm2,336,2021,real,0.0,1.0,none,all,0.0,none,0,0.3202370405197143,0.3530913293361664,119,2026-03-09 17:32:18
1,baseline,iTransformer,ETTm2,336,2022,real,0.0,1.0,none,all,0.0,none,0,0.3187574446201324,0.3527692854404449,138,2026-03-09 17:32:43
1,baseline,iTransformer,ETTm2,336,2023,real,0.0,1.0,none,all,0.0,none,0,0.3209650218486786,0.3559577465057373,134,2026-03-09 17:32:48
1,baseline,iTransformer,Weather,96,2023,real,0.0,1.0,none,all,0.0,none,0,0.1728730499744415,0.213555634021759,150,2026-03-09 17:33:25
1,baseline,iTransformer,Weather,336,2021,real,0.0,1.0,none,all,0.0,none,0,0.278403490781784,0.2968287169933319,138,2026-03-09 17:33:27
1,baseline,TimesNet,Electricity,336,2022,real,0.0,1.0,none,all,0.0,none,0,0.2600975930690765,0.3434208035469055,1289,2026-03-09 17:33:31
1,baseline,iTransformer,Weather,96,2022,real,0.0,1.0,none,all,0.0,none,0,0.1721269488334655,0.212142527103424,172,2026-03-09 17:33:41
1,baseline,iTransformer,Weather,336,2022,real,0.0,1.0,none,all,0.0,none,0,0.27871835231781,0.298541396856308,164,2026-03-09 17:33:54
1,baseline,iTransformer,Weather,96,2021,real,0.0,1.0,none,all,0.0,none,0,0.1756308674812317,0.2138701826333999,201,2026-03-09 17:34:08
1,baseline,iTransformer,Weather,336,2023,real,0.0,1.0,none,all,0.0,none,0,0.2818190455436706,0.2997058629989624,188,2026-03-09 17:34:40
1,baseline,TimesNet,Traffic,336,2022,real,0.0,1.0,none,all,0.0,none,0,0.6883495450019836,0.3904122412204742,849,2026-03-09 17:35:01
1,baseline,TimesNet,Traffic,336,2021,real,0.0,1.0,none,all,0.0,none,0,0.7353606224060059,0.4117389619350433,961,2026-03-09 17:36:45
1,baseline,TimesNet,Traffic,336,2023,real,0.0,1.0,none,all,0.0,none,0,0.690518856048584,0.3841072022914886,909,2026-03-09 17:37:24
1,baseline,PatchTST,ETTh1,96,2021,real,0.0,1.0,none,all,0.0,none,0,0.389239102602005,0.4027965366840362,71,2026-03-09 17:39:01
1,baseline,TimesNet,Electricity,336,2023,real,0.0,1.0,none,all,0.0,none,0,0.2639022171497345,0.3456961214542389,1467,2026-03-09 17:39:36
1,baseline,PatchTST,ETTh1,96,2022,real,0.0,1.0,none,all,0.0,none,0,0.3906092345714569,0.4034201800823211,62,2026-03-09 17:40:29
1,baseline,SegRNN,Traffic,96,2023,real,0.0,1.0,none,all,0.0,none,0,0.7814174294471741,0.403618723154068,591,2026-03-09 17:41:09
1,baseline,PatchTST,ETTh1,96,2023,real,0.0,1.0,none,all,0.0,none,0,0.3895807862281799,0.4026800394058227,73,2026-03-09 17:41:15
1,baseline,TimesNet,ETTm2,336,2022,real,0.0,1.0,none,all,0.0,none,0,0.3257110714912414,0.3517965972423553,2515,2026-03-09 17:41:30
1,baseline,iTransformer,Electricity,96,2021,real,0.0,1.0,none,all,0.0,none,0,0.1613366901874542,0.2526931464672088,551,2026-03-09 17:41:55
1,baseline,iTransformer,Electricity,96,2022,real,0.0,1.0,none,all,0.0,none,0,0.1608211398124694,0.2524690628051758,536,2026-03-09 17:42:06
1,baseline,PatchTST,ETTh1,336,2021,real,0.0,1.0,none,all,0.0,none,0,0.4676346182823181,0.4496340453624725,79,2026-03-09 17:42:14
1,baseline,iTransformer,Electricity,96,2023,real,0.0,1.0,none,all,0.0,none,0,0.1614373475313186,0.2529292404651642,544,2026-03-09 17:42:17
1,baseline,PatchTST,ETTh1,336,2022,real,0.0,1.0,none,all,0.0,none,0,0.4680878520011902,0.4509265124797821,67,2026-03-09 17:42:48
1,baseline,PatchTST,ETTh1,336,2023,real,0.0,1.0,none,all,0.0,none,0,0.4692453742027282,0.4512433409690857,73,2026-03-09 17:43:11
1,baseline,PatchTST,ETTh2,96,2021,real,0.0,1.0,none,all,0.0,none,0,0.2868557274341583,0.3402268588542938,61,2026-03-09 17:43:22
1,baseline,PatchTST,ETTh2,96,2023,real,0.0,1.0,none,all,0.0,none,0,0.2893386483192444,0.3419091701507568,46,2026-03-09 17:43:25
1,baseline,PatchTST,ETTh2,96,2022,real,0.0,1.0,none,all,0.0,none,0,0.2862163186073303,0.3394731879234314,55,2026-03-09 17:43:29
1,baseline,PatchTST,ETTh2,336,2021,real,0.0,1.0,none,all,0.0,none,0,0.4197060167789459,0.4322301745414734,52,2026-03-09 17:43:35
1,baseline,iTransformer,Electricity,336,2022,real,0.0,1.0,none,all,0.0,none,0,0.1901037096977234,0.280648410320282,610,2026-03-09 17:44:03
1,baseline,iTransformer,Electricity,336,2023,real,0.0,1.0,none,all,0.0,none,0,0.1904561519622802,0.2809363007545471,610,2026-03-09 17:44:08
1,baseline,iTransformer,Electricity,336,2021,real,0.0,1.0,none,all,0.0,none,0,0.1916144639253616,0.2823763191699981,619,2026-03-09 17:44:10
1,baseline,PatchTST,ETTh2,336,2022,real,0.0,1.0,none,all,0.0,none,0,0.418327659368515,0.4310035705566406,58,2026-03-09 17:44:12
1,baseline,PatchTST,ETTh2,336,2023,real,0.0,1.0,none,all,0.0,none,0,0.4149474501609802,0.4286679923534393,66,2026-03-09 17:44:43
1,baseline,PatchTST,ETTm1,96,2022,real,0.0,1.0,none,all,0.0,none,0,0.3389851748943329,0.3746688663959503,123,2026-03-09 17:45:54
1,baseline,PatchTST,ETTm1,96,2023,real,0.0,1.0,none,all,0.0,none,0,0.3364787697792053,0.3731741607189178,145,2026-03-09 17:46:21
1,baseline,PatchTST,ETTm1,336,2021,real,0.0,1.0,none,all,0.0,none,0,0.4093005955219269,0.4167397022247314,149,2026-03-09 17:46:29
1,baseline,PatchTST,ETTm2,96,2021,real,0.0,1.0,none,all,0.0,none,0,0.1770852506160736,0.2638942897319793,129,2026-03-09 17:46:45
1,baseline,PatchTST,ETTm1,96,2021,real,0.0,1.0,none,all,0.0,none,0,0.3355430066585541,0.3737924695014953,187,2026-03-09 17:46:55
1,baseline,PatchTST,ETTm2,96,2022,real,0.0,1.0,none,all,0.0,none,0,0.1780105531215667,0.2622661292552948,140,2026-03-09 17:46:58
1,baseline,PatchTST,ETTm1,336,2022,real,0.0,1.0,none,all,0.0,none,0,0.4079600572586059,0.4151831865310669,200,2026-03-09 17:47:49
1,baseline,PatchTST,ETTm1,336,2023,real,0.0,1.0,none,all,0.0,none,0,0.4088988900184631,0.4149212837219238,204,2026-03-09 17:47:58
1,baseline,PatchTST,ETTm2,96,2023,real,0.0,1.0,none,all,0.0,none,0,0.1766290515661239,0.2615694105625152,186,2026-03-09 17:48:15
1,baseline,PatchTST,ETTm2,336,2021,real,0.0,1.0,none,all,0.0,none,0,0.3034602105617523,0.3448273241519928,197,2026-03-09 17:49:37
1,baseline,PatchTST,ETTm2,336,2022,real,0.0,1.0,none,all,0.0,none,0,0.3044727742671966,0.345162570476532,175,2026-03-09 17:49:44
1,baseline,PatchTST,Weather,96,2021,real,0.0,1.0,none,all,0.0,none,0,0.1829500347375869,0.2242459654808044,167,2026-03-09 17:49:58
1,baseline,PatchTST,ETTm2,336,2023,real,0.0,1.0,none,all,0.0,none,0,0.3033519089221954,0.3445025980472564,188,2026-03-09 17:50:02
1,baseline,PatchTST,Weather,96,2023,real,0.0,1.0,none,all,0.0,none,0,0.1836408525705337,0.2249504029750824,165,2026-03-09 17:50:09
1,baseline,PatchTST,Weather,96,2022,real,0.0,1.0,none,all,0.0,none,0,0.1808804422616958,0.2233336865901947,221,2026-03-09 17:51:02
1,baseline,PatchTST,Weather,336,2021,real,0.0,1.0,none,all,0.0,none,0,0.2818006575107574,0.3006208539009094,218,2026-03-09 17:51:53
1,baseline,PatchTST,Weather,336,2022,real,0.0,1.0,none,all,0.0,none,0,0.2812738716602325,0.3008373379707336,232,2026-03-09 17:52:16
1,baseline,PatchTST,Weather,336,2023,real,0.0,1.0,none,all,0.0,none,0,0.2838856279850006,0.30239337682724,239,2026-03-09 17:52:40
1,baseline,iTransformer,Traffic,96,2021,real,0.0,1.0,none,all,0.0,none,0,0.4400475025177002,0.3045755624771118,1231,2026-03-09 17:54:38
1,baseline,iTransformer,Traffic,96,2022,real,0.0,1.0,none,all,0.0,none,0,0.4394776225090027,0.3033656179904938,1224,2026-03-09 17:54:44
1,baseline,iTransformer,Traffic,96,2023,real,0.0,1.0,none,all,0.0,none,0,0.4404109716415405,0.3046278655529022,1246,2026-03-09 17:55:20
1,baseline,iTransformer,Traffic,336,2021,real,0.0,1.0,none,all,0.0,none,0,0.4795591235160827,0.3224849998950958,1365,2026-03-09 17:57:52
1,baseline,iTransformer,Traffic,336,2022,real,0.0,1.0,none,all,0.0,none,0,0.4787997901439667,0.3218697011470794,1357,2026-03-09 17:58:04
1,baseline,iTransformer,Traffic,336,2023,real,0.0,1.0,none,all,0.0,none,0,0.4789187312126159,0.3222971856594085,1343,2026-03-09 17:59:35
1,baseline,PatchTST,Electricity,336,2021,real,0.0,1.0,none,all,0.0,none,0,0.2328911423683166,0.3330419361591339,945,2026-03-09 18:06:14
1,baseline,PatchTST,Electricity,96,2021,real,0.0,1.0,none,all,0.0,none,0,0.2115223109722137,0.313492089509964,975,2026-03-09 18:06:18
1,baseline,PatchTST,Electricity,96,2022,real,0.0,1.0,none,all,0.0,none,0,0.2112359851598739,0.3133286833763122,968,2026-03-09 18:06:19
1,baseline,PatchTST,Electricity,96,2023,real,0.0,1.0,none,all,0.0,none,0,0.2117994576692581,0.3137773275375366,970,2026-03-09 18:06:34
1,baseline,PatchTST,Electricity,336,2022,real,0.0,1.0,none,all,0.0,none,0,0.232783555984497,0.3328954577445984,1064,2026-03-09 18:08:19
1,baseline,PatchTST,Electricity,336,2023,real,0.0,1.0,none,all,0.0,none,0,0.2330933660268783,0.3331862390041351,1042,2026-03-09 18:08:49
1,baseline,PatchTST,Traffic,96,2022,real,0.0,1.0,none,all,0.0,none,0,0.5533250570297241,0.3769063949584961,1666,2026-03-09 18:20:29
1,baseline,PatchTST,Traffic,96,2023,real,0.0,1.0,none,all,0.0,none,0,0.5557309985160828,0.3774052858352661,1675,2026-03-09 18:21:01
1,baseline,PatchTST,Traffic,336,2022,real,0.0,1.0,none,all,0.0,none,0,0.559398353099823,0.3766386806964874,1776,2026-03-09 18:24:46
1,baseline,PatchTST,Traffic,336,2023,real,0.0,1.0,none,all,0.0,none,0,0.5619840621948242,0.3769800662994385,1779,2026-03-09 18:25:25
1,baseline,PatchTST,Traffic,336,2021,real,0.0,1.0,none,all,0.0,none,0,0.5638110637664795,0.3773927092552185,1825,2026-03-09 18:25:30
1,baseline,PatchTST,Traffic,96,2021,real,0.0,1.0,none,all,0.0,none,0,0.5565699338912964,0.3781447112560272,1656,2026-03-09 18:45:10
2,sparsity,DLinear,ETTh1,96,2021,real,0.0,0.1,none,all,0.0,none,0,0.5396875739097595,0.4911259412765503,37,2026-03-09 17:58:55
2,sparsity,DLinear,ETTh1,96,2022,real,0.0,0.1,none,all,0.0,none,0,0.5365816354751587,0.4901948571205139,37,2026-03-09 17:59:08
2,sparsity,DLinear,ETTh1,96,2023,real,0.0,0.1,none,all,0.0,none,0,0.5359058976173401,0.4893537759780884,36,2026-03-09 17:59:57
2,sparsity,DLinear,ETTh1,96,2021,real,0.0,0.25,none,all,0.0,none,0,0.4526600837707519,0.4468385875225067,37,2026-03-09 18:00:11
2,sparsity,DLinear,ETTh1,96,2022,real,0.0,0.25,none,all,0.0,none,0,0.4512300193309784,0.4462154805660248,40,2026-03-09 18:00:41
2,sparsity,DLinear,ETTh1,96,2023,real,0.0,0.25,none,all,0.0,none,0,0.4503687620162964,0.4456543028354645,38,2026-03-09 18:01:01
2,sparsity,DLinear,ETTh1,96,2021,real,0.0,0.5,none,all,0.0,none,0,0.4150618314743042,0.4256447851657867,40,2026-03-09 18:01:17
2,sparsity,DLinear,ETTh1,96,2022,real,0.0,0.5,none,all,0.0,none,0,0.4159707129001617,0.4260202944278717,39,2026-03-09 18:01:46
2,sparsity,DLinear,ETTh1,96,2023,real,0.0,0.5,none,all,0.0,none,0,0.4140009880065918,0.4250456988811493,39,2026-03-09 18:02:06
2,sparsity,DLinear,ETTh1,336,2021,real,0.0,0.1,none,all,0.0,none,0,0.5936623811721802,0.5300384163856506,39,2026-03-09 18:02:22
2,sparsity,DLinear,ETTh1,336,2022,real,0.0,0.1,none,all,0.0,none,0,0.5941756367683411,0.5301000475883484,39,2026-03-09 18:02:51
2,sparsity,DLinear,ETTh1,336,2023,real,0.0,0.1,none,all,0.0,none,0,0.5945510864257812,0.5305047631263733,37,2026-03-09 18:03:09
2,sparsity,DLinear,ETTh1,336,2021,real,0.0,0.25,none,all,0.0,none,0,0.5272473692893982,0.4926511645317077,40,2026-03-09 18:03:28
2,sparsity,DLinear,ETTh1,336,2022,real,0.0,0.25,none,all,0.0,none,0,0.5277299284934998,0.4930788278579712,40,2026-03-09 18:03:58
2,sparsity,DLinear,ETTh1,336,2023,real,0.0,0.25,none,all,0.0,none,0,0.5277607440948486,0.4930925369262695,40,2026-03-09 18:04:15
2,sparsity,DLinear,ETTh1,336,2021,real,0.0,0.5,none,all,0.0,none,0,0.5005773901939392,0.4758350849151611,44,2026-03-09 18:04:39
2,sparsity,DLinear,ETTh1,336,2022,real,0.0,0.5,none,all,0.0,none,0,0.5009856820106506,0.4762230515480041,44,2026-03-09 18:05:08
2,sparsity,DLinear,ETTh1,336,2023,real,0.0,0.5,none,all,0.0,none,0,0.5009430646896362,0.4761712551116943,42,2026-03-09 18:05:23
2,sparsity,DLinear,ETTh2,96,2021,real,0.0,0.1,none,all,0.0,none,0,0.3923319578170776,0.4379089474678039,36,2026-03-09 18:05:41
2,sparsity,DLinear,ETTh2,96,2022,real,0.0,0.1,none,all,0.0,none,0,0.3987403810024261,0.4428228139877319,32,2026-03-09 18:06:07
2,sparsity,DLinear,ETTh2,96,2023,real,0.0,0.1,none,all,0.0,none,0,0.408275693655014,0.4492365717887878,31,2026-03-09 18:06:19
2,sparsity,DLinear,ETTh2,96,2022,real,0.0,0.25,none,all,0.0,none,0,0.3798933029174804,0.4278340637683868,34,2026-03-09 18:07:07
2,sparsity,DLinear,ETTh2,96,2023,real,0.0,0.25,none,all,0.0,none,0,0.386271983385086,0.4316871464252472,29,2026-03-09 18:07:09
2,sparsity,DLinear,ETTh2,96,2022,real,0.0,0.5,none,all,0.0,none,0,0.3798933029174804,0.4278340637683868,29,2026-03-09 18:07:13
2,sparsity,DLinear,ETTh2,96,2021,real,0.0,0.5,none,all,0.0,none,0,0.3652521669864654,0.4155401885509491,30,2026-03-09 18:07:15
2,sparsity,DLinear,ETTh2,96,2023,real,0.0,0.5,none,all,0.0,none,0,0.386271983385086,0.4316871464252472,29,2026-03-09 18:07:16
2,sparsity,DLinear,ETTh2,336,2021,real,0.0,0.1,none,all,0.0,none,0,0.5234105587005615,0.5153416991233826,29,2026-03-09 18:07:29
2,sparsity,DLinear,ETTh2,336,2023,real,0.0,0.1,none,all,0.0,none,0,0.5251875519752502,0.5165781378746033,26,2026-03-09 18:07:59
2,sparsity,DLinear,ETTh2,336,2021,real,0.0,0.25,none,all,0.0,none,0,0.6041510701179504,0.5521408915519714,27,2026-03-09 18:08:02
2,sparsity,DLinear,ETTh2,336,2021,real,0.0,0.5,none,all,0.0,none,0,0.6054340600967407,0.5495723485946655,30,2026-03-09 18:08:13
2,sparsity,DLinear,ETTh2,336,2022,real,0.0,0.5,none,all,0.0,none,0,0.627598226070404,0.564562976360321,34,2026-03-09 18:08:29
2,sparsity,DLinear,ETTh2,336,2023,real,0.0,0.5,none,all,0.0,none,0,0.6071871519088745,0.5511603951454163,36,2026-03-09 18:08:44
2,sparsity,DLinear,ETTm1,96,2021,real,0.0,0.1,none,all,0.0,none,0,0.4023025333881378,0.411772221326828,52,2026-03-09 18:09:17
2,sparsity,DLinear,ETTm1,96,2021,real,0.0,0.25,none,all,0.0,none,0,0.3636401891708374,0.3854194581508636,58,2026-03-09 18:09:34
2,sparsity,DLinear,ETTm1,96,2021,real,0.0,0.5,none,all,0.0,none,0,0.3501441478729248,0.3755367696285248,66,2026-03-09 18:10:00
2,sparsity,DLinear,ETTm1,96,2022,real,0.0,0.5,none,all,0.0,none,0,0.3502538204193115,0.3756265938282013,65,2026-03-09 18:10:15
2,sparsity,DLinear,ETTm1,96,2023,real,0.0,0.5,none,all,0.0,none,0,0.3502182960510254,0.3755789697170257,72,2026-03-09 18:10:27
2,sparsity,DLinear,ETTm1,336,2023,real,0.0,0.1,none,all,0.0,none,0,0.4671054184436798,0.4490843117237091,59,2026-03-09 18:10:49
2,sparsity,DLinear,ETTm1,336,2021,real,0.0,0.25,none,all,0.0,none,0,0.4257460236549377,0.4225163757801056,63,2026-03-09 18:11:03
2,sparsity,DLinear,ETTm1,336,2021,real,0.0,0.5,none,all,0.0,none,0,0.4171173572540283,0.4165620505809784,65,2026-03-09 18:11:31
2,sparsity,DLinear,ETTm1,336,2022,real,0.0,0.5,none,all,0.0,none,0,0.4159355461597442,0.4147852063179016,78,2026-03-09 18:11:59
2,sparsity,DLinear,ETTm2,96,2022,real,0.0,0.1,none,all,0.0,none,0,0.2153649777173996,0.3173412978649139,51,2026-03-09 18:12:02
2,sparsity,DLinear,ETTm1,336,2023,real,0.0,0.5,none,all,0.0,none,0,0.4160489737987518,0.4149407744407654,71,2026-03-09 18:12:04
2,sparsity,DLinear,ETTm2,96,2023,real,0.0,0.1,none,all,0.0,none,0,0.2174811512231826,0.3193455934524536,51,2026-03-09 18:12:05
2,sparsity,DLinear,ETTm2,96,2023,real,0.0,0.25,none,all,0.0,none,0,0.2174811512231826,0.3193455934524536,51,2026-03-09 18:12:27
2,sparsity,DLinear,ETTm2,96,2021,real,0.0,0.5,none,all,0.0,none,0,0.1976581215858459,0.2976523041725158,60,2026-03-09 18:12:57
2,sparsity,DLinear,ETTm2,336,2021,real,0.0,0.1,none,all,0.0,none,0,0.4103966057300567,0.4510173201560974,44,2026-03-09 18:13:12
2,sparsity,DLinear,ETTm2,96,2023,real,0.0,0.5,none,all,0.0,none,0,0.1973076909780502,0.2959139347076416,50,2026-03-09 18:13:18
2,sparsity,DLinear,ETTm2,336,2023,real,0.0,0.1,none,all,0.0,none,0,0.4150994718074798,0.4541907608509063,58,2026-03-09 18:13:29
2,sparsity,DLinear,ETTm2,336,2021,real,0.0,0.5,none,all,0.0,none,0,0.3931857645511627,0.4353004693984985,65,2026-03-09 18:14:29
2,sparsity,DLinear,Weather,96,2021,real,0.0,0.1,none,all,0.0,none,0,0.2059089094400406,0.2759517729282379,51,2026-03-09 18:14:35
2,sparsity,DLinear,ETTm2,336,2022,real,0.0,0.5,none,all,0.0,none,0,0.395271897315979,0.4362430870532989,66,2026-03-09 18:14:44
2,sparsity,DLinear,ETTm2,336,2023,real,0.0,0.5,none,all,0.0,none,0,0.391430526971817,0.433981329202652,69,2026-03-09 18:14:47
2,sparsity,DLinear,Weather,96,2023,real,0.0,0.1,none,all,0.0,none,0,0.2062620520591735,0.276408314704895,58,2026-03-09 18:14:53
2,sparsity,DLinear,Weather,96,2022,real,0.0,0.5,none,all,0.0,none,0,0.1996443271636963,0.2625300288200378,54,2026-03-09 18:15:56
2,sparsity,DLinear,Weather,96,2023,real,0.0,0.5,none,all,0.0,none,0,0.1979024112224578,0.2599431872367859,58,2026-03-09 18:16:01
2,sparsity,DLinear,Weather,96,2021,real,0.0,0.5,none,all,0.0,none,0,0.1971614807844162,0.2579327523708343,75,2026-03-09 18:16:10
2,sparsity,DLinear,Weather,336,2021,real,0.0,0.1,none,all,0.0,none,0,0.2881278693675995,0.3442904651165008,60,2026-03-09 18:16:10
2,sparsity,DLinear,Weather,336,2022,real,0.0,0.1,none,all,0.0,none,0,0.2888322174549103,0.3457011580467224,62,2026-03-09 18:16:15
2,sparsity,DLinear,Weather,336,2023,real,0.0,0.1,none,all,0.0,none,0,0.289703369140625,0.3469555079936981,66,2026-03-09 18:16:25
2,sparsity,DLinear,Weather,336,2022,real,0.0,0.5,none,all,0.0,none,0,0.2821994125843048,0.3332284986972809,61,2026-03-09 18:17:28
2,sparsity,DLinear,Weather,336,2021,real,0.0,0.5,none,all,0.0,none,0,0.2831867039203644,0.3343140184879303,65,2026-03-09 18:17:28
2,sparsity,DLinear,Weather,336,2023,real,0.0,0.5,none,all,0.0,none,0,0.2818115949630737,0.3317098617553711,84,2026-03-09 18:17:59
2,sparsity,DLinear,Electricity,96,2023,real,0.0,0.1,none,all,0.0,none,0,0.3303833901882171,0.4273996651172638,88,2026-03-09 18:18:18
2,sparsity,DLinear,Electricity,96,2022,real,0.0,0.25,none,all,0.0,none,0,0.2554819881916046,0.3501567542552948,98,2026-03-09 18:18:45
2,sparsity,DLinear,Electricity,96,2022,real,0.0,0.5,none,all,0.0,none,0,0.2299736887216568,0.324337899684906,115,2026-03-09 18:19:49
2,sparsity,DLinear,Electricity,96,2021,real,0.0,0.5,none,all,0.0,none,0,0.2298429608345031,0.3242108523845672,121,2026-03-09 18:19:55
2,sparsity,DLinear,Electricity,96,2023,real,0.0,0.5,none,all,0.0,none,0,0.2297142595052719,0.3241738975048065,114,2026-03-09 18:20:20
2,sparsity,DLinear,Electricity,336,2021,real,0.0,0.25,none,all,0.0,none,0,0.2674747407436371,0.3648661971092224,154,2026-03-09 18:21:33
2,sparsity,DLinear,Electricity,336,2022,real,0.0,0.25,none,all,0.0,none,0,0.2677568793296814,0.3653028309345245,158,2026-03-09 18:21:51
2,sparsity,DLinear,Electricity,336,2023,real,0.0,0.25,none,all,0.0,none,0,0.267648845911026,0.3651545643806457,157,2026-03-09 18:21:57
2,sparsity,DLinear,Electricity,336,2021,real,0.0,0.5,none,all,0.0,none,0,0.2422979176044464,0.3405179679393768,184,2026-03-09 18:23:19
2,sparsity,DLinear,Electricity,336,2022,real,0.0,0.5,none,all,0.0,none,0,0.2424254864454269,0.3407142162322998,187,2026-03-09 18:23:29
2,sparsity,DLinear,Traffic,96,2021,real,0.0,0.25,none,all,0.0,none,0,0.816062867641449,0.4960423409938812,129,2026-03-09 18:23:29
2,sparsity,DLinear,Traffic,96,2022,real,0.0,0.25,none,all,0.0,none,0,0.8173038363456726,0.4950392246246338,128,2026-03-09 18:23:36
2,sparsity,DLinear,Traffic,96,2023,real,0.0,0.25,none,all,0.0,none,0,0.8167126774787903,0.4964044988155365,130,2026-03-09 18:23:42
2,sparsity,DLinear,Electricity,336,2023,real,0.0,0.5,none,all,0.0,none,0,0.2424182146787643,0.3407102525234222,185,2026-03-09 18:23:44
2,sparsity,DLinear,Traffic,96,2021,real,0.0,0.5,none,all,0.0,none,0,0.7496873736381531,0.4592213034629822,152,2026-03-09 18:24:31
2,sparsity,DLinear,Traffic,96,2022,real,0.0,0.5,none,all,0.0,none,0,0.7501815557479858,0.4589351117610931,151,2026-03-09 18:24:50
2,sparsity,DLinear,Traffic,96,2023,real,0.0,0.5,none,all,0.0,none,0,0.7498717904090881,0.4594325125217438,152,2026-03-09 18:24:55
2,sparsity,SegRNN,ETTh1,96,2022,real,0.0,0.1,none,all,0.0,none,0,0.5459252595901489,0.4832597076892853,34,2026-03-09 18:25:46
2,sparsity,SegRNN,ETTh1,96,2023,real,0.0,0.1,none,all,0.0,none,0,0.544430136680603,0.4831830561161041,33,2026-03-09 18:25:51
2,sparsity,SegRNN,ETTh1,96,2021,real,0.0,0.25,none,all,0.0,none,0,0.4199566841125488,0.4282821714878082,36,2026-03-09 18:25:58
2,sparsity,SegRNN,ETTh1,96,2021,real,0.0,0.5,none,all,0.0,none,0,0.3851015865802765,0.4075085818767547,38,2026-03-09 18:26:39
2,sparsity,SegRNN,ETTh1,96,2022,real,0.0,0.5,none,all,0.0,none,0,0.3857457637786865,0.4077086448669433,38,2026-03-09 18:26:50
2,sparsity,DLinear,Traffic,336,2022,real,0.0,0.1,none,all,0.0,none,0,0.9406083822250366,0.5708416104316711,216,2026-03-09 18:26:52
2,sparsity,SegRNN,ETTh1,96,2023,real,0.0,0.5,none,all,0.0,none,0,0.3923439383506775,0.4121866226196289,35,2026-03-09 18:26:53
2,sparsity,DLinear,Traffic,336,2021,real,0.0,0.1,none,all,0.0,none,0,0.9388644099235536,0.5687136054039001,229,2026-03-09 18:26:57
2,sparsity,DLinear,Traffic,336,2023,real,0.0,0.1,none,all,0.0,none,0,0.7213417887687683,0.4488305747509002,208,2026-03-09 18:26:58
2,sparsity,SegRNN,ETTh1,336,2021,real,0.0,0.1,none,all,0.0,none,0,0.6099495887756348,0.5249888300895691,35,2026-03-09 18:26:59
2,sparsity,SegRNN,ETTh1,336,2021,real,0.0,0.25,none,all,0.0,none,0,0.4966621100902557,0.4689544439315796,35,2026-03-09 18:27:41
2,sparsity,SegRNN,ETTh1,336,2023,real,0.0,0.25,none,all,0.0,none,0,0.4719777405261993,0.4534914195537567,33,2026-03-09 18:27:52
2,sparsity,DLinear,Traffic,336,2021,real,0.0,0.25,none,all,0.0,none,0,0.7879771590232849,0.4836902916431427,249,2026-03-09 18:27:53
2,sparsity,SegRNN,ETTh2,96,2021,real,0.0,0.1,none,all,0.0,none,0,0.3103520274162292,0.3612385988235473,29,2026-03-09 18:27:54
2,sparsity,SegRNN,ETTh1,336,2021,real,0.0,0.5,none,all,0.0,none,0,0.4670858085155487,0.4507648050785064,35,2026-03-09 18:27:55
2,sparsity,SegRNN,ETTh1,336,2022,real,0.0,0.5,none,all,0.0,none,0,0.602098286151886,0.5205196142196655,32,2026-03-09 18:27:56
2,sparsity,SegRNN,ETTh1,336,2023,real,0.0,0.5,none,all,0.0,none,0,0.4685316085815429,0.4516983032226562,37,2026-03-09 18:28:01
2,sparsity,DLinear,Traffic,336,2021,real,0.0,0.5,none,all,0.0,none,0,0.7108741402626038,0.442708283662796,259,2026-03-09 18:28:21
2,sparsity,SegRNN,ETTh2,96,2021,real,0.0,0.25,none,all,0.0,none,0,0.2961556911468506,0.351590633392334,29,2026-03-09 18:28:28
2,sparsity,SegRNN,ETTh2,96,2023,real,0.0,0.25,none,all,0.0,none,0,0.295950710773468,0.3493064343929291,28,2026-03-09 18:28:35
2,sparsity,SegRNN,ETTh2,96,2022,real,0.0,0.25,none,all,0.0,none,0,0.2941001355648041,0.3483524322509765,28,2026-03-09 18:28:36
2,sparsity,SegRNN,ETTh2,96,2021,real,0.0,0.5,none,all,0.0,none,0,0.290537416934967,0.3477568924427032,30,2026-03-09 18:28:43
2,sparsity,SegRNN,ETTh2,336,2023,real,0.0,0.1,none,all,0.0,none,0,0.4393195807933807,0.4467063248157501,26,2026-03-09 18:28:47
2,sparsity,SegRNN,ETTh2,96,2022,real,0.0,0.5,none,all,0.0,none,0,0.2899496555328369,0.3462991416454315,31,2026-03-09 18:28:48
2,sparsity,SegRNN,ETTh2,96,2023,real,0.0,0.5,none,all,0.0,none,0,0.2908939123153686,0.3475980162620544,32,2026-03-09 18:28:51
2,sparsity,DLinear,Traffic,336,2022,real,0.0,0.5,none,all,0.0,none,0,0.7107961177825928,0.4432083070278168,287,2026-03-09 18:28:56
2,sparsity,DLinear,Traffic,336,2023,real,0.0,0.5,none,all,0.0,none,0,0.7112091183662415,0.4432438611984253,289,2026-03-09 18:28:59
2,sparsity,SegRNN,ETTh2,336,2023,real,0.0,0.25,none,all,0.0,none,0,0.4312819540500641,0.4436161816120147,28,2026-03-09 18:29:15
2,sparsity,SegRNN,ETTh2,336,2021,real,0.0,0.5,none,all,0.0,none,0,0.4243675172328949,0.4377223253250122,29,2026-03-09 18:29:17
2,sparsity,SegRNN,ETTh2,336,2022,real,0.0,0.25,none,all,0.0,none,0,0.4234914779663086,0.4365450441837311,32,2026-03-09 18:29:20
2,sparsity,SegRNN,ETTh2,336,2022,real,0.0,0.5,none,all,0.0,none,0,0.421756386756897,0.4396579563617706,32,2026-03-09 18:29:25
2,sparsity,SegRNN,ETTh2,336,2023,real,0.0,0.5,none,all,0.0,none,0,0.4201120138168335,0.4355150759220123,30,2026-03-09 18:29:30
2,sparsity,SegRNN,ETTm1,96,2021,real,0.0,0.1,none,all,0.0,none,0,0.3832839429378509,0.4010774791240692,54,2026-03-09 18:29:57
2,sparsity,SegRNN,ETTm1,96,2021,real,0.0,0.25,none,all,0.0,none,0,0.3832839429378509,0.4010774791240692,45,2026-03-09 18:29:58
2,sparsity,SegRNN,ETTm1,96,2022,real,0.0,0.1,none,all,0.0,none,0,0.3793249130249023,0.3991869986057281,54,2026-03-09 18:30:02
2,sparsity,SegRNN,ETTm1,96,2023,real,0.0,0.1,none,all,0.0,none,0,0.3819557726383209,0.4007875621318817,54,2026-03-09 18:30:07
2,sparsity,SegRNN,ETTm1,96,2021,real,0.0,0.5,none,all,0.0,none,0,0.3435301482677459,0.3830998241901397,56,2026-03-09 18:30:12
2,sparsity,SegRNN,ETTm1,96,2023,real,0.0,0.25,none,all,0.0,none,0,0.3491879999637604,0.3856868147850036,62,2026-03-09 18:30:18
2,sparsity,SegRNN,ETTm1,96,2022,real,0.0,0.25,none,all,0.0,none,0,0.3396019637584686,0.3787987828254699,65,2026-03-09 18:30:20
2,sparsity,SegRNN,ETTm1,96,2022,real,0.0,0.5,none,all,0.0,none,0,0.3396019637584686,0.3787987828254699,69,2026-03-09 18:30:31
2,sparsity,SegRNN,ETTm1,96,2023,real,0.0,0.5,none,all,0.0,none,0,0.3397223949432373,0.3787619769573211,76,2026-03-09 18:30:41
2,sparsity,SegRNN,ETTm1,336,2022,real,0.0,0.25,none,all,0.0,none,0,0.4226996004581451,0.4268617033958435,74,2026-03-09 18:31:05
2,sparsity,SegRNN,ETTm1,336,2023,real,0.0,0.25,none,all,0.0,none,0,0.4134136736392975,0.4240890741348266,78,2026-03-09 18:31:14
2,sparsity,SegRNN,ETTm2,96,2021,real,0.0,0.1,none,all,0.0,none,0,0.185331791639328,0.2706104516983032,56,2026-03-09 18:31:29
2,sparsity,SegRNN,ETTm1,336,2021,real,0.0,0.5,none,all,0.0,none,0,0.4074863493442535,0.4189724922180176,67,2026-03-09 18:31:31
2,sparsity,SegRNN,ETTm2,96,2022,real,0.0,0.1,none,all,0.0,none,0,0.1927967667579651,0.2795456349849701,56,2026-03-09 18:31:34
2,sparsity,SegRNN,ETTm2,96,2023,real,0.0,0.1,none,all,0.0,none,0,0.1811555325984954,0.264972984790802,58,2026-03-09 18:31:43
2,sparsity,SegRNN,ETTm1,336,2022,real,0.0,0.5,none,all,0.0,none,0,0.4061194956302643,0.4179701209068298,79,2026-03-09 18:31:43
2,sparsity,SegRNN,ETTm2,96,2021,real,0.0,0.25,none,all,0.0,none,0,0.174198642373085,0.2569890320301056,66,2026-03-09 18:31:54
2,sparsity,SegRNN,ETTm1,336,2023,real,0.0,0.5,none,all,0.0,none,0,0.4072380661964416,0.4187892079353332,89,2026-03-09 18:31:57
2,sparsity,SegRNN,ETTm2,96,2022,real,0.0,0.25,none,all,0.0,none,0,0.1739777475595474,0.2582772374153137,65,2026-03-09 18:32:02
2,sparsity,SegRNN,ETTm2,96,2023,real,0.0,0.25,none,all,0.0,none,0,0.1773076802492141,0.259762704372406,65,2026-03-09 18:32:05
2,sparsity,SegRNN,ETTm2,96,2022,real,0.0,0.5,none,all,0.0,none,0,0.1731761842966079,0.2558273375034332,76,2026-03-09 18:32:25
2,sparsity,SegRNN,ETTm2,96,2023,real,0.0,0.5,none,all,0.0,none,0,0.1731762140989303,0.2557510435581207,76,2026-03-09 18:32:27
2,sparsity,SegRNN,ETTm2,96,2021,real,0.0,0.5,none,all,0.0,none,0,0.1730283498764038,0.255378782749176,81,2026-03-09 18:32:28
2,sparsity,SegRNN,ETTm2,336,2022,real,0.0,0.1,none,all,0.0,none,0,0.3131836056709289,0.3517271876335144,70,2026-03-09 18:32:41
2,sparsity,SegRNN,ETTm2,336,2023,real,0.0,0.1,none,all,0.0,none,0,0.3173967599868774,0.3555198609828949,65,2026-03-09 18:32:46
2,sparsity,SegRNN,ETTm2,336,2021,real,0.0,0.25,none,all,0.0,none,0,0.3049400448799133,0.3444746136665344,73,2026-03-09 18:33:08
2,sparsity,SegRNN,ETTm2,336,2022,real,0.0,0.25,none,all,0.0,none,0,0.2952111363410949,0.3361381590366363,74,2026-03-09 18:33:11
2,sparsity,SegRNN,ETTm2,336,2023,real,0.0,0.25,none,all,0.0,none,0,0.3064602613449096,0.3459455072879791,73,2026-03-09 18:33:14
2,sparsity,SegRNN,Weather,96,2021,real,0.0,0.1,none,all,0.0,none,0,0.1816233098506927,0.2397645711898803,57,2026-03-09 18:33:20
2,sparsity,SegRNN,ETTm2,336,2022,real,0.0,0.5,none,all,0.0,none,0,0.2952111363410949,0.3361381590366363,77,2026-03-09 18:33:27
2,sparsity,SegRNN,ETTm2,336,2021,real,0.0,0.5,none,all,0.0,none,0,0.2953335046768188,0.335571676492691,94,2026-03-09 18:33:43
2,sparsity,SegRNN,ETTm2,336,2023,real,0.0,0.5,none,all,0.0,none,0,0.296638160943985,0.3368601500988006,92,2026-03-09 18:33:53
2,sparsity,SegRNN,Weather,96,2021,real,0.0,0.25,none,all,0.0,none,0,0.1669638454914093,0.2278431802988052,67,2026-03-09 18:33:56
2,sparsity,SegRNN,Weather,96,2022,real,0.0,0.25,none,all,0.0,none,0,0.1702081859111786,0.2340743094682693,67,2026-03-09 18:33:58
2,sparsity,SegRNN,Weather,96,2023,real,0.0,0.25,none,all,0.0,none,0,0.1706393212080001,0.2318577915430069,68,2026-03-09 18:34:01
2,sparsity,SegRNN,Weather,96,2021,real,0.0,0.5,none,all,0.0,none,0,0.167742058634758,0.2290734648704528,87,2026-03-09 18:34:21
2,sparsity,SegRNN,Weather,96,2022,real,0.0,0.5,none,all,0.0,none,0,0.1676119714975357,0.2289578169584274,88,2026-03-09 18:34:35
2,sparsity,SegRNN,Weather,96,2023,real,0.0,0.5,none,all,0.0,none,0,0.1676382422447204,0.2288841009140014,88,2026-03-09 18:34:40
2,sparsity,SegRNN,Weather,336,2021,real,0.0,0.1,none,all,0.0,none,0,0.2869787812232971,0.3287600874900818,73,2026-03-09 18:34:48
2,sparsity,SegRNN,Weather,336,2022,real,0.0,0.1,none,all,0.0,none,0,0.2768913209438324,0.3225717544555664,72,2026-03-09 18:34:49
2,sparsity,SegRNN,Weather,336,2023,real,0.0,0.1,none,all,0.0,none,0,0.2799351215362549,0.3257676064968109,71,2026-03-09 18:34:51
2,sparsity,SegRNN,Weather,336,2021,real,0.0,0.25,none,all,0.0,none,0,0.2753567099571228,0.3199685513973236,87,2026-03-09 18:35:13
2,sparsity,SegRNN,Weather,336,2022,real,0.0,0.25,none,all,0.0,none,0,0.2710274457931518,0.3177407383918762,88,2026-03-09 18:35:20
2,sparsity,SegRNN,Weather,336,2023,real,0.0,0.25,none,all,0.0,none,0,0.2731086909770965,0.3181917667388916,87,2026-03-09 18:35:22
2,sparsity,SegRNN,Weather,336,2021,real,0.0,0.5,none,all,0.0,none,0,0.2725628614425659,0.3187784254550934,115,2026-03-09 18:35:50
2,sparsity,SegRNN,Weather,336,2022,real,0.0,0.5,none,all,0.0,none,0,0.2719964683055877,0.3178439736366272,116,2026-03-09 18:36:05
2,sparsity,SegRNN,Weather,336,2023,real,0.0,0.5,none,all,0.0,none,0,0.2727108895778656,0.318682312965393,114,2026-03-09 18:36:14
2,sparsity,SegRNN,Electricity,96,2022,real,0.0,0.1,none,all,0.0,none,0,0.266623705625534,0.3505004644393921,121,2026-03-09 18:36:25
2,sparsity,SegRNN,Electricity,96,2021,real,0.0,0.1,none,all,0.0,none,0,0.2646018862724304,0.3485923111438751,122,2026-03-09 18:36:25
2,sparsity,SegRNN,Electricity,96,2023,real,0.0,0.1,none,all,0.0,none,0,0.264919102191925,0.3490641713142395,127,2026-03-09 18:36:34
2,sparsity,SegRNN,Electricity,96,2021,real,0.0,0.25,none,all,0.0,none,0,0.2248595356941223,0.3120253980159759,167,2026-03-09 18:37:34
2,sparsity,SegRNN,Electricity,96,2022,real,0.0,0.25,none,all,0.0,none,0,0.225216805934906,0.3125039637088775,162,2026-03-09 18:37:43
2,sparsity,SegRNN,Electricity,96,2023,real,0.0,0.25,none,all,0.0,none,0,0.2081600725650787,0.2958789467811584,162,2026-03-09 18:37:48
2,sparsity,SegRNN,Electricity,96,2023,real,0.0,0.5,none,all,0.0,none,0,0.2070115059614181,0.2947810888290405,221,2026-03-09 18:38:57
2,sparsity,SegRNN,Electricity,96,2022,real,0.0,0.5,none,all,0.0,none,0,0.2067709416151046,0.294115662574768,225,2026-03-09 18:39:00
2,sparsity,SegRNN,Electricity,96,2021,real,0.0,0.5,none,all,0.0,none,0,0.2067411392927169,0.294289767742157,227,2026-03-09 18:39:01
2,sparsity,SegRNN,Electricity,336,2021,real,0.0,0.1,none,all,0.0,none,0,0.286384105682373,0.3694591522216797,243,2026-03-09 18:39:42
2,sparsity,SegRNN,Electricity,336,2023,real,0.0,0.1,none,all,0.0,none,0,0.2861151099205017,0.3692062795162201,238,2026-03-09 18:39:46
2,sparsity,SegRNN,Electricity,336,2022,real,0.0,0.1,none,all,0.0,none,0,0.2875190675258636,0.3701825439929962,255,2026-03-09 18:40:01
2,sparsity,SegRNN,Electricity,336,2021,real,0.0,0.25,none,all,0.0,none,0,0.2516010701656341,0.3371652960777282,329,2026-03-09 18:41:46
2,sparsity,SegRNN,Electricity,336,2022,real,0.0,0.25,none,all,0.0,none,0,0.236789733171463,0.3211970627307892,322,2026-03-09 18:41:52
2,sparsity,SegRNN,Electricity,336,2023,real,0.0,0.25,none,all,0.0,none,0,0.2519257366657257,0.337334930896759,327,2026-03-09 18:42:09
2,sparsity,SegRNN,Traffic,96,2022,real,0.0,0.25,none,all,0.0,none,0,0.920213222503662,0.4603404998779297,258,2026-03-09 18:43:44
2,sparsity,SegRNN,Traffic,96,2023,real,0.0,0.25,none,all,0.0,none,0,0.9184072017669678,0.4586780667304992,258,2026-03-09 18:43:45
2,sparsity,SegRNN,Traffic,96,2021,real,0.0,0.25,none,all,0.0,none,0,0.9178922772407532,0.458472728729248,275,2026-03-09 18:44:00
2,sparsity,SegRNN,Electricity,336,2022,real,0.0,0.5,none,all,0.0,none,0,0.2364890426397323,0.3209460377693176,447,2026-03-09 18:44:19
2,sparsity,DLinear,ETTh2,96,2021,real,0.0,0.25,none,all,0.0,none,0,0.382136583328247,0.4295842051506042,44,2026-03-09 18:44:36
2,sparsity,SegRNN,Electricity,336,2021,real,0.0,0.5,none,all,0.0,none,0,0.2366820871829986,0.3215987682342529,475,2026-03-09 18:44:46
2,sparsity,SegRNN,Electricity,336,2023,real,0.0,0.5,none,all,0.0,none,0,0.2362982779741287,0.3209602534770965,475,2026-03-09 18:44:55
2,sparsity,SegRNN,Traffic,96,2021,real,0.0,0.5,none,all,0.0,none,0,0.8499326109886169,0.430762767791748,363,2026-03-09 18:46:11
2,sparsity,SegRNN,Traffic,96,2022,real,0.0,0.5,none,all,0.0,none,0,0.8506216406822205,0.431726723909378,366,2026-03-09 18:46:18
2,sparsity,SegRNN,Traffic,96,2023,real,0.0,0.5,none,all,0.0,none,0,0.8464075922966003,0.4301055669784546,367,2026-03-09 18:46:34
2,sparsity,DLinear,ETTh2,336,2022,real,0.0,0.25,none,all,0.0,none,0,0.627598226070404,0.564562976360321,40,2026-03-09 18:47:21
2,sparsity,DLinear,ETTh2,336,2023,real,0.0,0.25,none,all,0.0,none,0,0.625508189201355,0.5631904602050781,43,2026-03-09 18:47:45
2,sparsity,SegRNN,Traffic,336,2021,real,0.0,0.1,none,all,0.0,none,0,1.0806313753128052,0.5339192748069763,379,2026-03-09 18:48:03
2,sparsity,SegRNN,Traffic,336,2022,real,0.0,0.1,none,all,0.0,none,0,0.9031000733375548,0.4436289668083191,376,2026-03-09 18:48:08
2,sparsity,SegRNN,Traffic,336,2023,real,0.0,0.1,none,all,0.0,none,0,1.0860041379928589,0.5351170301437378,378,2026-03-09 18:48:11
2,sparsity,TimesNet,ETTh1,96,2022,real,0.0,0.25,none,all,0.0,none,0,0.4178211390972137,0.4303082525730133,151,2026-03-09 18:49:15
2,sparsity,DLinear,ETTm1,96,2022,real,0.0,0.1,none,all,0.0,none,0,0.4035247266292572,0.4125659763813019,67,2026-03-09 18:49:27
2,sparsity,TimesNet,ETTh1,96,2023,real,0.0,0.25,none,all,0.0,none,0,0.4068761765956878,0.422190397977829,147,2026-03-09 18:49:27
2,sparsity,TimesNet,ETTh1,96,2021,real,0.0,0.25,none,all,0.0,none,0,0.4043475985527038,0.4188376367092132,170,2026-03-09 18:49:28
2,sparsity,DLinear,ETTm1,96,2023,real,0.0,0.1,none,all,0.0,none,0,0.4027422964572906,0.4121409356594085,64,2026-03-09 18:49:35
2,sparsity,SegRNN,Traffic,336,2022,real,0.0,0.25,none,all,0.0,none,0,0.9230362772941588,0.4524478316307068,517,2026-03-09 18:50:55
2,sparsity,SegRNN,Traffic,336,2021,real,0.0,0.25,none,all,0.0,none,0,0.9213278889656068,0.4513072967529297,528,2026-03-09 18:51:00
2,sparsity,DLinear,ETTm1,96,2022,real,0.0,0.25,none,all,0.0,none,0,0.3635356724262237,0.3854175508022308,71,2026-03-09 18:51:04
2,sparsity,SegRNN,Traffic,336,2023,real,0.0,0.25,none,all,0.0,none,0,0.9247336387634276,0.4527942538261413,519,2026-03-09 18:51:15
2,sparsity,DLinear,ETTm1,96,2023,real,0.0,0.25,none,all,0.0,none,0,0.3633618652820587,0.3852563500404358,76,2026-03-09 18:51:18
2,sparsity,TimesNet,ETTh1,96,2023,real,0.0,0.5,none,all,0.0,none,0,0.400967925786972,0.4172481596469879,217,2026-03-09 18:51:20
2,sparsity,TimesNet,ETTh1,96,2022,real,0.0,0.5,none,all,0.0,none,0,0.4054401516914367,0.4184118509292602,234,2026-03-09 18:51:31
2,sparsity,TimesNet,ETTh1,96,2021,real,0.0,0.5,none,all,0.0,none,0,0.4015130698680877,0.4179802238941192,249,2026-03-09 18:51:34
2,sparsity,DLinear,ETTm1,336,2021,real,0.0,0.1,none,all,0.0,none,0,0.4570249319076538,0.4443041980266571,69,2026-03-09 18:53:03
2,sparsity,DLinear,ETTm1,336,2022,real,0.0,0.1,none,all,0.0,none,0,0.4573275148868561,0.4446363449096679,69,2026-03-09 18:53:07
2,sparsity,TimesNet,ETTh1,336,2023,real,0.0,0.25,none,all,0.0,none,0,0.4937533438205719,0.4685211777687073,198,2026-03-09 18:53:12
2,sparsity,TimesNet,ETTh1,336,2021,real,0.0,0.25,none,all,0.0,none,0,0.5383750796318054,0.492611825466156,211,2026-03-09 18:53:12
2,sparsity,TimesNet,ETTh1,336,2022,real,0.0,0.25,none,all,0.0,none,0,0.501937747001648,0.4738392531871795,220,2026-03-09 18:53:33
2,sparsity,TimesNet,ETTh2,96,2023,real,0.0,0.1,none,all,0.0,none,0,0.3695668876171112,0.3926162421703338,113,2026-03-09 18:53:36
2,sparsity,DLinear,ETTm1,336,2023,real,0.0,0.25,none,all,0.0,none,0,0.4312287271022796,0.4290995597839355,64,2026-03-09 18:54:46
2,sparsity,DLinear,ETTm1,336,2022,real,0.0,0.25,none,all,0.0,none,0,0.4258005917072296,0.4226150214672088,79,2026-03-09 18:54:57
2,sparsity,TimesNet,ETTh1,336,2021,real,0.0,0.5,none,all,0.0,none,0,0.5383750796318054,0.492611825466156,237,2026-03-09 18:55:13
2,sparsity,TimesNet,ETTh1,336,2022,real,0.0,0.5,none,all,0.0,none,0,0.501937747001648,0.4738392531871795,246,2026-03-09 18:55:27
2,sparsity,TimesNet,ETTh2,96,2023,real,0.0,0.5,none,all,0.0,none,0,0.3634458184242248,0.3887580037117004,137,2026-03-09 18:56:17
2,sparsity,TimesNet,ETTh1,336,2023,real,0.0,0.5,none,all,0.0,none,0,0.4953589141368866,0.4710955023765564,302,2026-03-09 18:56:24
2,sparsity,SegRNN,Traffic,336,2021,real,0.0,0.5,none,all,0.0,none,0,0.8712553977966309,0.4305007755756378,750,2026-03-09 18:56:42
2,sparsity,SegRNN,Traffic,336,2023,real,0.0,0.5,none,all,0.0,none,0,0.8721499443054199,0.4312985837459564,754,2026-03-09 18:57:00
2,sparsity,SegRNN,Traffic,336,2022,real,0.0,0.5,none,all,0.0,none,0,0.8687667846679688,0.4301942884922027,772,2026-03-09 18:57:02
2,sparsity,DLinear,ETTm2,96,2021,real,0.0,0.25,none,all,0.0,none,0,0.2170409709215164,0.3190549314022064,64,2026-03-09 18:57:18
2,sparsity,TimesNet,ETTh2,96,2022,real,0.0,0.5,none,all,0.0,none,0,0.321450799703598,0.367215484380722,223,2026-03-09 18:57:21
2,sparsity,TimesNet,ETTh2,96,2021,real,0.0,0.5,none,all,0.0,none,0,0.3368417918682098,0.3768108189105987,223,2026-03-09 18:57:21
2,sparsity,TimesNet,ETTh2,336,2022,real,0.0,0.25,none,all,0.0,none,0,0.5013700127601624,0.4820421934127807,161,2026-03-09 18:58:01
2,sparsity,DLinear,ETTm2,96,2022,real,0.0,0.25,none,all,0.0,none,0,0.2045088857412338,0.3055555820465088,73,2026-03-09 18:58:11
2,sparsity,TimesNet,ETTh2,336,2021,real,0.0,0.25,none,all,0.0,none,0,0.4508806765079498,0.4481533169746399,270,2026-03-09 18:58:41
2,sparsity,DLinear,ETTm2,96,2022,real,0.0,0.5,none,all,0.0,none,0,0.1981773674488067,0.2982287406921386,70,2026-03-09 18:59:21
2,sparsity,TimesNet,ETTh2,336,2023,real,0.0,0.25,none,all,0.0,none,0,0.4805478751659393,0.4671663045883178,244,2026-03-09 18:59:27
2,sparsity,TimesNet,ETTh2,336,2022,real,0.0,0.5,none,all,0.0,none,0,0.5013700127601624,0.4820421934127807,217,2026-03-09 18:59:29
2,sparsity,TimesNet,ETTh2,336,2021,real,0.0,0.5,none,all,0.0,none,0,0.4508806765079498,0.4481533169746399,260,2026-03-09 19:00:00
2,sparsity,DLinear,ETTm2,336,2022,real,0.0,0.1,none,all,0.0,none,0,0.4089631736278534,0.4502271711826324,67,2026-03-09 19:00:11
2,sparsity,DLinear,ETTm2,336,2021,real,0.0,0.25,none,all,0.0,none,0,0.3846617043018341,0.4303345382213592,65,2026-03-09 19:01:02
2,sparsity,TimesNet,ETTh2,336,2023,real,0.0,0.5,none,all,0.0,none,0,0.4805478751659393,0.4671663045883178,303,2026-03-09 19:01:24
2,sparsity,DLinear,ETTm2,336,2022,real,0.0,0.25,none,all,0.0,none,0,0.4041244387626648,0.4445466101169586,75,2026-03-09 19:01:44
2,sparsity,DLinear,ETTm2,336,2023,real,0.0,0.25,none,all,0.0,none,0,0.4024389684200287,0.4448622167110443,74,2026-03-09 19:02:34
2,sparsity,TimesNet,ETTm1,96,2023,real,0.0,0.1,none,all,0.0,none,0,0.3342262804508209,0.3736920356750488,402,2026-03-09 19:03:28
2,sparsity,DLinear,Weather,96,2022,real,0.0,0.1,none,all,0.0,none,0,0.2064180076122284,0.2757982909679413,73,2026-03-09 19:04:08
2,sparsity,TimesNet,ETTm1,96,2022,real,0.0,0.1,none,all,0.0,none,0,0.3335996270179748,0.3736645579338074,445,2026-03-09 19:04:08
2,sparsity,TimesNet,ETTm1,96,2021,real,0.0,0.1,none,all,0.0,none,0,0.337924063205719,0.3778248429298401,470,2026-03-09 19:04:27
2,sparsity,TimesNet,ETTm1,96,2022,real,0.0,0.25,none,all,0.0,none,0,0.3335996270179748,0.3736645579338074,457,2026-03-09 19:04:46
2,sparsity,DLinear,Weather,96,2021,real,0.0,0.25,none,all,0.0,none,0,0.1996687799692154,0.2627261877059936,80,2026-03-09 19:04:48
2,sparsity,DLinear,Weather,96,2022,real,0.0,0.25,none,all,0.0,none,0,0.1996443271636963,0.2625300288200378,80,2026-03-09 19:05:46
2,sparsity,DLinear,Weather,96,2023,real,0.0,0.25,none,all,0.0,none,0,0.199844092130661,0.2629934251308441,76,2026-03-09 19:06:22
2,sparsity,TimesNet,ETTm1,96,2021,real,0.0,0.5,none,all,0.0,none,0,0.3391307890415191,0.3785423934459686,537,2026-03-09 19:06:27
2,sparsity,TimesNet,ETTm1,96,2023,real,0.0,0.5,none,all,0.0,none,0,0.3335455060005188,0.3735919892787933,543,2026-03-09 19:06:51
2,sparsity,TimesNet,ETTm1,96,2023,real,0.0,0.25,none,all,0.0,none,0,0.3335455060005188,0.3735919892787933,568,2026-03-09 19:06:55
2,sparsity,TimesNet,ETTm1,96,2022,real,0.0,0.5,none,all,0.0,none,0,0.3335996270179748,0.3736645579338074,589,2026-03-09 19:07:35
2,sparsity,TimesNet,ETTm1,96,2021,real,0.0,0.25,none,all,0.0,none,0,0.3387318849563598,0.3780105113983154,679,2026-03-09 19:08:09
2,sparsity,DLinear,Weather,336,2022,real,0.0,0.25,none,all,0.0,none,0,0.2865241169929504,0.3411236405372619,62,2026-03-09 19:08:18
2,sparsity,DLinear,Weather,336,2021,real,0.0,0.25,none,all,0.0,none,0,0.2846428453922272,0.3373444676399231,66,2026-03-09 19:08:21
2,sparsity,TimesNet,ETTm1,336,2022,real,0.0,0.1,none,all,0.0,none,0,0.4126710295677185,0.4194766283035278,623,2026-03-09 19:09:30
2,sparsity,TimesNet,ETTm1,336,2023,real,0.0,0.1,none,all,0.0,none,0,0.4498715102672577,0.440568596124649,607,2026-03-09 19:10:00
2,sparsity,DLinear,Weather,336,2023,real,0.0,0.25,none,all,0.0,none,0,0.2837260961532593,0.3351049125194549,84,2026-03-09 19:10:00
2,sparsity,DLinear,Electricity,96,2021,real,0.0,0.1,none,all,0.0,none,0,0.3315573632717132,0.4282083809375763,102,2026-03-09 19:11:14
2,sparsity,TimesNet,ETTm1,336,2021,real,0.0,0.25,none,all,0.0,none,0,0.4143904745578766,0.4212543368339538,703,2026-03-09 19:11:39
2,sparsity,DLinear,Electricity,96,2022,real,0.0,0.1,none,all,0.0,none,0,0.3312518000602722,0.4274444878101349,104,2026-03-09 19:12:02
2,sparsity,TimesNet,ETTm1,336,2023,real,0.0,0.25,none,all,0.0,none,0,0.4559562504291534,0.440568596124649,657,2026-03-09 19:12:49
2,sparsity,TimesNet,ETTm2,96,2021,real,0.0,0.1,none,all,0.0,none,0,0.1882323324680328,0.2718629539012909,459,2026-03-09 19:12:51
2,sparsity,TimesNet,ETTm2,96,2022,real,0.0,0.1,none,all,0.0,none,0,0.1853740960359573,0.2656609416007995,363,2026-03-09 19:12:56
2,sparsity,TimesNet,ETTm2,96,2021,real,0.0,0.25,none,all,0.0,none,0,0.1882323324680328,0.2718629539012909,348,2026-03-09 19:13:09
2,sparsity,TimesNet,ETTm2,96,2023,real,0.0,0.1,none,all,0.0,none,0,0.1890042424201965,0.269808679819107,382,2026-03-09 19:13:40
2,sparsity,DLinear,Electricity,96,2021,real,0.0,0.25,none,all,0.0,none,0,0.2553195357322693,0.3501668274402618,113,2026-03-09 19:13:42
2,sparsity,DLinear,Electricity,96,2023,real,0.0,0.25,none,all,0.0,none,0,0.255131334066391,0.350151002407074,113,2026-03-09 19:14:32
2,sparsity,TimesNet,ETTm1,336,2022,real,0.0,0.25,none,all,0.0,none,0,0.4246026277542114,0.4205105602741241,855,2026-03-09 19:14:41
2,sparsity,TimesNet,ETTm1,336,2021,real,0.0,0.5,none,all,0.0,none,0,0.4143904745578766,0.4212543368339538,665,2026-03-09 19:15:00
2,sparsity,TimesNet,ETTm2,96,2022,real,0.0,0.25,none,all,0.0,none,0,0.183088332414627,0.2640482485294342,481,2026-03-09 19:15:28
2,sparsity,DLinear,Electricity,336,2021,real,0.0,0.1,none,all,0.0,none,0,0.3422547280788421,0.4376359581947326,159,2026-03-09 19:17:29
2,sparsity,DLinear,Electricity,336,2022,real,0.0,0.1,none,all,0.0,none,0,0.3435691893100738,0.4390648305416107,160,2026-03-09 19:17:33
2,sparsity,TimesNet,ETTm2,96,2021,real,0.0,0.5,none,all,0.0,none,0,0.1882323324680328,0.2718629539012909,541,2026-03-09 19:17:36
2,sparsity,TimesNet,ETTm2,96,2022,real,0.0,0.5,none,all,0.0,none,0,0.183088332414627,0.2640482485294342,502,2026-03-09 19:18:19
2,sparsity,TimesNet,ETTm2,96,2023,real,0.0,0.25,none,all,0.0,none,0,0.1869799196720123,0.2675796747207641,637,2026-03-09 19:18:38
2,sparsity,TimesNet,ETTm1,336,2022,real,0.0,0.5,none,all,0.0,none,0,0.4246026277542114,0.4205105602741241,936,2026-03-09 19:20:11
2,sparsity,DLinear,Electricity,336,2023,real,0.0,0.1,none,all,0.0,none,0,0.3434725999832153,0.4387271106243133,160,2026-03-09 19:20:27
2,sparsity,TimesNet,ETTm2,96,2023,real,0.0,0.5,none,all,0.0,none,0,0.1869799196720123,0.2675796747207641,619,2026-03-09 19:20:45
2,sparsity,TimesNet,ETTm2,336,2021,real,0.0,0.1,none,all,0.0,none,0,0.3163588047027588,0.3512319028377533,539,2026-03-09 19:21:05
2,sparsity,TimesNet,ETTm1,336,2023,real,0.0,0.5,none,all,0.0,none,0,0.4523195326328277,0.4327904284000397,1018,2026-03-09 19:21:51
2,sparsity,DLinear,Traffic,96,2021,real,0.0,0.1,none,all,0.0,none,0,0.9424045085906982,0.5696902275085449,136,2026-03-09 19:21:53
2,sparsity,TimesNet,ETTm2,336,2021,real,0.0,0.25,none,all,0.0,none,0,0.3163588047027588,0.3512319028377533,515,2026-03-09 19:21:57
2,sparsity,DLinear,Traffic,96,2022,real,0.0,0.1,none,all,0.0,none,0,0.9437170624732972,0.5676732659339905,132,2026-03-09 19:22:57
2,sparsity,TimesNet,ETTm2,336,2023,real,0.0,0.1,none,all,0.0,none,0,0.3227243721485138,0.3527831137180328,601,2026-03-09 19:23:19
2,sparsity,TimesNet,ETTm2,336,2022,real,0.0,0.1,none,all,0.0,none,0,0.3139683902263641,0.3474245369434356,605,2026-03-09 19:23:22
2,sparsity,DLinear,Traffic,96,2023,real,0.0,0.1,none,all,0.0,none,0,0.9433697462081908,0.570279598236084,131,2026-03-09 19:24:22
2,sparsity,TimesNet,ETTm2,336,2022,real,0.0,0.25,none,all,0.0,none,0,0.3139683902263641,0.3474245369434356,889,2026-03-09 19:28:25
2,sparsity,DLinear,Traffic,336,2022,real,0.0,0.25,none,all,0.0,none,0,0.7879284024238586,0.484429121017456,254,2026-03-09 19:29:32
2,sparsity,DLinear,Traffic,336,2023,real,0.0,0.25,none,all,0.0,none,0,0.7887238264083862,0.4844062030315399,254,2026-03-09 19:29:47
2,sparsity,TimesNet,Weather,96,2021,real,0.0,0.25,none,all,0.0,none,0,0.1659751534461975,0.2168329805135727,555,2026-03-09 19:29:53
2,sparsity,TimesNet,Weather,336,2021,real,0.0,0.1,none,all,0.0,none,0,0.2882901728153229,0.309570699930191,411,2026-03-09 19:30:41
2,sparsity,SegRNN,ETTh1,96,2021,real,0.0,0.1,none,all,0.0,none,0,0.5514650344848633,0.4856861531734466,46,2026-03-09 19:31:09
2,sparsity,TimesNet,Weather,96,2022,real,0.0,0.25,none,all,0.0,none,0,0.1779302358627319,0.2265921533107757,600,2026-03-09 19:31:12
2,sparsity,TimesNet,ETTm2,336,2021,real,0.0,0.5,none,all,0.0,none,0,0.3150295615196228,0.3453997373580932,977,2026-03-09 19:31:24
2,sparsity,TimesNet,ETTm2,336,2022,real,0.0,0.5,none,all,0.0,none,0,0.3139683902263641,0.3474245369434356,977,2026-03-09 19:31:43
2,sparsity,TimesNet,ETTm2,336,2023,real,0.0,0.25,none,all,0.0,none,0,0.3234198093414306,0.3520848453044891,1067,2026-03-09 19:31:54
2,sparsity,TimesNet,Weather,96,2023,real,0.0,0.25,none,all,0.0,none,0,0.1728322505950927,0.2221897840499878,629,2026-03-09 19:32:01
2,sparsity,SegRNN,ETTh1,96,2022,real,0.0,0.25,none,all,0.0,none,0,0.4228439331054687,0.4292583465576172,43,2026-03-09 19:32:01
2,sparsity,TimesNet,Weather,96,2022,real,0.0,0.5,none,all,0.0,none,0,0.1779302358627319,0.2265921533107757,583,2026-03-09 19:32:06
2,sparsity,SegRNN,ETTh1,96,2023,real,0.0,0.25,none,all,0.0,none,0,0.4230455756187439,0.4300681352615356,41,2026-03-09 19:32:08
2,sparsity,TimesNet,Weather,96,2021,real,0.0,0.5,none,all,0.0,none,0,0.1659751534461975,0.2168329805135727,597,2026-03-09 19:32:14
2,sparsity,SegRNN,ETTh1,336,2022,real,0.0,0.1,none,all,0.0,none,0,0.602098286151886,0.5205196142196655,47,2026-03-09 19:33:41
2,sparsity,SegRNN,ETTh1,336,2023,real,0.0,0.1,none,all,0.0,none,0,0.605289876461029,0.5226577520370483,47,2026-03-09 19:33:48
2,sparsity,TimesNet,Weather,96,2023,real,0.0,0.5,none,all,0.0,none,0,0.1728322505950927,0.2221897840499878,627,2026-03-09 19:34:13
2,sparsity,SegRNN,ETTh1,336,2022,real,0.0,0.25,none,all,0.0,none,0,0.5013208389282227,0.471563309431076,49,2026-03-09 19:34:55
2,sparsity,TimesNet,Electricity,96,2022,real,0.0,0.1,none,all,0.0,none,0,0.3635616302490234,0.4368773996829986,202,2026-03-09 19:35:42
2,sparsity,SegRNN,ETTh2,96,2022,real,0.0,0.1,none,all,0.0,none,0,0.3079899549484253,0.359569638967514,41,2026-03-09 19:36:08
2,sparsity,SegRNN,ETTh2,96,2023,real,0.0,0.1,none,all,0.0,none,0,0.3094214797019958,0.3599622845649719,42,2026-03-09 19:36:13
2,sparsity,SegRNN,ETTh2,336,2021,real,0.0,0.1,none,all,0.0,none,0,0.4382526874542236,0.4458501935005188,45,2026-03-09 19:38:05
2,sparsity,SegRNN,ETTh2,336,2022,real,0.0,0.1,none,all,0.0,none,0,0.4397604465484619,0.4466724097728729,42,2026-03-09 19:38:05
2,sparsity,TimesNet,Weather,336,2021,real,0.0,0.25,none,all,0.0,none,0,0.2944068610668182,0.3129382133483886,770,2026-03-09 19:38:18
2,sparsity,SegRNN,ETTh2,336,2021,real,0.0,0.25,none,all,0.0,none,0,0.4243675172328949,0.4377223253250122,50,2026-03-09 19:39:13
2,sparsity,TimesNet,Electricity,96,2023,real,0.0,0.25,none,all,0.0,none,0,0.2612838745117187,0.3437577486038208,307,2026-03-09 19:39:47
2,sparsity,TimesNet,Electricity,336,2021,real,0.0,0.1,none,all,0.0,none,0,0.3673186898231506,0.4423485696315765,320,2026-03-09 19:41:27
2,sparsity,TimesNet,Electricity,336,2022,real,0.0,0.1,none,all,0.0,none,0,0.3742422759532928,0.4469766616821289,321,2026-03-09 19:41:39
2,sparsity,SegRNN,ETTm1,336,2021,real,0.0,0.1,none,all,0.0,none,0,0.4592926502227783,0.4414066672325134,86,2026-03-09 19:42:28
2,sparsity,TimesNet,Electricity,96,2021,real,0.0,0.5,none,all,0.0,none,0,0.2566023170948028,0.3383696675300598,465,2026-03-09 19:42:41
2,sparsity,SegRNN,ETTm1,336,2022,real,0.0,0.1,none,all,0.0,none,0,0.4577012658119201,0.4405017495155334,86,2026-03-09 19:42:43
2,sparsity,TimesNet,Electricity,96,2022,real,0.0,0.5,none,all,0.0,none,0,0.2561856806278229,0.3383189141750335,471,2026-03-09 19:43:38
2,sparsity,TimesNet,ETTm2,336,2023,real,0.0,0.5,none,all,0.0,none,0,0.3236570954322815,0.3517878949642181,1670,2026-03-09 19:43:44
2,sparsity,TimesNet,Electricity,96,2023,real,0.0,0.5,none,all,0.0,none,0,0.2592767477035522,0.3414730727672577,464,2026-03-09 19:43:44
2,sparsity,SegRNN,ETTm1,336,2023,real,0.0,0.1,none,all,0.0,none,0,0.4633392095565796,0.4431884884834289,84,2026-03-09 19:44:10
2,sparsity,SegRNN,ETTm1,336,2021,real,0.0,0.25,none,all,0.0,none,0,0.415142297744751,0.4227721691131592,85,2026-03-09 19:44:26
2,sparsity,TimesNet,Weather,336,2022,real,0.0,0.5,none,all,0.0,none,0,0.2862544059753418,0.3084998428821563,815,2026-03-09 19:45:14
2,sparsity,TimesNet,Weather,336,2022,real,0.0,0.25,none,all,0.0,none,0,0.2862544059753418,0.3084998428821563,1030,2026-03-09 19:46:02
2,sparsity,TimesNet,Weather,336,2023,real,0.0,0.25,none,all,0.0,none,0,0.2929600179195404,0.3106710314750671,951,2026-03-09 19:46:10
2,sparsity,TimesNet,Weather,336,2021,real,0.0,0.5,none,all,0.0,none,0,0.290407657623291,0.3094193041324615,947,2026-03-09 19:46:57
2,sparsity,TimesNet,Electricity,336,2022,real,0.0,0.25,none,all,0.0,none,0,0.2900325059890747,0.3737843036651611,498,2026-03-09 19:47:02
2,sparsity,SegRNN,ETTm2,336,2021,real,0.0,0.1,none,all,0.0,none,0,0.3166877627372741,0.3547477722167969,78,2026-03-09 19:47:49
2,sparsity,TimesNet,Electricity,336,2023,real,0.0,0.25,none,all,0.0,none,0,0.28961381316185,0.3737120032310486,534,2026-03-09 19:49:08
2,sparsity,SegRNN,Weather,96,2022,real,0.0,0.1,none,all,0.0,none,0,0.1810976862907409,0.2389166057109832,76,2026-03-09 19:49:59
2,sparsity,TimesNet,Traffic,96,2022,real,0.0,0.25,none,all,0.0,none,0,0.8850488662719727,0.5112155675888062,267,2026-03-09 19:50:08
2,sparsity,SegRNN,Weather,96,2023,real,0.0,0.1,none,all,0.0,none,0,0.1821349114179611,0.2397278845310211,77,2026-03-09 19:50:08
2,sparsity,TimesNet,Traffic,96,2023,real,0.0,0.25,none,all,0.0,none,0,0.8530188798904419,0.4908061623573303,257,2026-03-09 19:50:45
2,sparsity,TimesNet,Weather,336,2023,real,0.0,0.5,none,all,0.0,none,0,0.2929600179195404,0.3106710314750671,1169,2026-03-09 19:51:19
2,sparsity,TimesNet,Traffic,96,2021,real,0.0,0.5,none,all,0.0,none,0,0.7412844300270081,0.420525848865509,386,2026-03-09 19:52:58
2,sparsity,TimesNet,Traffic,96,2022,real,0.0,0.5,none,all,0.0,none,0,0.7156620621681213,0.417661190032959,387,2026-03-09 19:53:03
2,sparsity,TimesNet,Traffic,96,2023,real,0.0,0.5,none,all,0.0,none,0,0.725151777267456,0.4124584496021271,368,2026-03-09 19:53:33
2,sparsity,TimesNet,Electricity,336,2021,real,0.0,0.5,none,all,0.0,none,0,0.2721426486968994,0.3544616103172302,714,2026-03-09 19:53:48
2,sparsity,iTransformer,ETTh1,96,2023,real,0.0,0.1,none,all,0.0,none,0,0.4063520431518554,0.4155345857143402,44,2026-03-09 19:53:52
2,sparsity,iTransformer,ETTh1,96,2023,real,0.0,0.25,none,all,0.0,none,0,0.3974146544933319,0.4110786914825439,45,2026-03-09 19:54:46
2,sparsity,iTransformer,ETTh1,96,2021,real,0.0,0.5,none,all,0.0,none,0,0.3979873359203338,0.4115398228168487,44,2026-03-09 19:54:46
2,sparsity,TimesNet,Traffic,336,2021,real,0.0,0.25,none,all,0.0,none,0,0.908538281917572,0.5260902643203735,430,2026-03-09 19:54:50
2,sparsity,iTransformer,ETTh1,96,2023,real,0.0,0.5,none,all,0.0,none,0,0.3974146544933319,0.4110786914825439,42,2026-03-09 19:54:56
2,sparsity,iTransformer,ETTh1,336,2021,real,0.0,0.1,none,all,0.0,none,0,0.5111681818962097,0.4762202203273773,43,2026-03-09 19:55:01
2,sparsity,TimesNet,Electricity,336,2022,real,0.0,0.5,none,all,0.0,none,0,0.2730278074741363,0.3556960821151733,778,2026-03-09 19:55:04
2,sparsity,TimesNet,Electricity,336,2023,real,0.0,0.5,none,all,0.0,none,0,0.2720358073711395,0.3548768758773803,763,2026-03-09 19:55:50
2,sparsity,iTransformer,ETTh1,336,2023,real,0.0,0.25,none,all,0.0,none,0,0.4970800280570984,0.4667446911334991,36,2026-03-09 19:55:51
2,sparsity,iTransformer,ETTh1,336,2021,real,0.0,0.25,none,all,0.0,none,0,0.4926443994045257,0.4639632105827331,41,2026-03-09 19:55:53
2,sparsity,iTransformer,ETTh1,336,2021,real,0.0,0.5,none,all,0.0,none,0,0.4926443994045257,0.4639632105827331,37,2026-03-09 19:55:53
2,sparsity,iTransformer,ETTh1,336,2022,real,0.0,0.25,none,all,0.0,none,0,0.4986122250556946,0.4691209197044372,43,2026-03-09 19:55:56
2,sparsity,iTransformer,ETTh1,336,2022,real,0.0,0.5,none,all,0.0,none,0,0.4986122250556946,0.4691209197044372,37,2026-03-09 19:55:59
2,sparsity,iTransformer,ETTh1,336,2023,real,0.0,0.5,none,all,0.0,none,0,0.5030965805053711,0.4667446911334991,38,2026-03-09 19:56:04
2,sparsity,TimesNet,Traffic,336,2022,real,0.0,0.25,none,all,0.0,none,0,0.908783495426178,0.5242226123809814,422,2026-03-09 19:56:08
2,sparsity,iTransformer,ETTh2,96,2021,real,0.0,0.1,none,all,0.0,none,0,0.303368866443634,0.3522285223007202,41,2026-03-09 19:56:11
2,sparsity,iTransformer,ETTh2,96,2021,real,0.0,0.5,none,all,0.0,none,0,0.3064436316490173,0.3548707067966461,33,2026-03-09 19:56:51
2,sparsity,iTransformer,ETTh2,96,2021,real,0.0,0.25,none,all,0.0,none,0,0.3064436316490173,0.3548707067966461,36,2026-03-09 19:56:52
2,sparsity,iTransformer,ETTh2,96,2023,real,0.0,0.25,none,all,0.0,none,0,0.3052878379821777,0.354288637638092,40,2026-03-09 19:56:58
2,sparsity,iTransformer,ETTh2,96,2023,real,0.0,0.5,none,all,0.0,none,0,0.3052878379821777,0.354288637638092,35,2026-03-09 19:56:59
2,sparsity,iTransformer,ETTh2,336,2023,real,0.0,0.1,none,all,0.0,none,0,0.4325234293937683,0.439118891954422,38,2026-03-09 19:57:14
2,sparsity,TimesNet,Traffic,336,2023,real,0.0,0.25,none,all,0.0,none,0,0.8918781876564026,0.5143622159957886,475,2026-03-09 19:57:30
2,sparsity,iTransformer,ETTh2,336,2022,real,0.0,0.25,none,all,0.0,none,0,0.4284435510635376,0.4359048902988434,38,2026-03-09 19:57:36
2,sparsity,iTransformer,ETTh2,336,2023,real,0.0,0.25,none,all,0.0,none,0,0.4323294162750244,0.4420831501483917,32,2026-03-09 19:57:49
2,sparsity,iTransformer,ETTh2,336,2022,real,0.0,0.5,none,all,0.0,none,0,0.4343804717063904,0.442218005657196,37,2026-03-09 19:57:55
2,sparsity,iTransformer,ETTh2,336,2023,real,0.0,0.5,none,all,0.0,none,0,0.4298984706401825,0.4393746852874756,36,2026-03-09 19:58:00
2,sparsity,iTransformer,ETTh2,336,2021,real,0.0,0.5,none,all,0.0,none,0,0.4426162540912628,0.4424625337123871,42,2026-03-09 19:58:00
2,sparsity,SegRNN,Traffic,96,2021,real,0.0,0.1,none,all,0.0,none,0,1.0718376636505127,0.5304393768310547,205,2026-03-09 19:58:33
2,sparsity,iTransformer,ETTm1,96,2022,real,0.0,0.1,none,all,0.0,none,0,0.3526409566402435,0.3822570145130157,69,2026-03-09 19:58:35
2,sparsity,SegRNN,Traffic,96,2022,real,0.0,0.1,none,all,0.0,none,0,1.0743342638015747,0.5326764583587646,199,2026-03-09 19:58:35
2,sparsity,iTransformer,ETTm1,96,2021,real,0.0,0.1,none,all,0.0,none,0,0.3443412780761719,0.3785102367401123,77,2026-03-09 19:58:42
2,sparsity,iTransformer,ETTm1,96,2021,real,0.0,0.25,none,all,0.0,none,0,0.3443412780761719,0.3785102367401123,71,2026-03-09 19:58:50
2,sparsity,iTransformer,ETTm1,96,2023,real,0.0,0.1,none,all,0.0,none,0,0.3464818298816681,0.3787507116794586,81,2026-03-09 19:58:56
2,sparsity,iTransformer,ETTm1,96,2022,real,0.0,0.25,none,all,0.0,none,0,0.3488985896110534,0.3813048005104065,81,2026-03-09 19:59:01
2,sparsity,iTransformer,ETTm1,96,2021,real,0.0,0.5,none,all,0.0,none,0,0.3443412780761719,0.3785102367401123,78,2026-03-09 19:59:16
2,sparsity,iTransformer,ETTm1,96,2022,real,0.0,0.5,none,all,0.0,none,0,0.3488985896110534,0.3813048005104065,79,2026-03-09 19:59:21
2,sparsity,iTransformer,ETTm1,96,2023,real,0.0,0.25,none,all,0.0,none,0,0.3451491296291351,0.37755087018013,109,2026-03-09 19:59:46
2,sparsity,iTransformer,ETTm1,96,2023,real,0.0,0.5,none,all,0.0,none,0,0.3451491296291351,0.37755087018013,97,2026-03-09 19:59:52
2,sparsity,iTransformer,ETTm1,336,2021,real,0.0,0.25,none,all,0.0,none,0,0.424548327922821,0.4233266115188598,91,2026-03-09 20:00:34
2,sparsity,TimesNet,Traffic,336,2021,real,0.0,0.5,none,all,0.0,none,0,0.8382809162139893,0.467219203710556,627,2026-03-09 20:01:01
2,sparsity,TimesNet,Traffic,336,2022,real,0.0,0.5,none,all,0.0,none,0,0.8384918570518494,0.4570557177066803,592,2026-03-09 20:01:02
2,sparsity,iTransformer,ETTm1,336,2022,real,0.0,0.25,none,all,0.0,none,0,0.4538078010082245,0.438400387763977,118,2026-03-09 20:01:05
2,sparsity,iTransformer,ETTm2,96,2023,real,0.0,0.1,none,all,0.0,none,0,0.1887592822313308,0.2752308547496795,56,2026-03-09 20:01:08
2,sparsity,iTransformer,ETTm1,336,2021,real,0.0,0.5,none,all,0.0,none,0,0.4482555389404297,0.4351892173290252,119,2026-03-09 20:01:20
2,sparsity,iTransformer,ETTm1,336,2022,real,0.0,0.5,none,all,0.0,none,0,0.4538078010082245,0.438400387763977,128,2026-03-09 20:01:34
2,sparsity,iTransformer,ETTm1,336,2023,real,0.0,0.5,none,all,0.0,none,0,0.444691389799118,0.4329014420509338,119,2026-03-09 20:01:41
2,sparsity,SegRNN,Traffic,96,2023,real,0.0,0.1,none,all,0.0,none,0,1.0736305713653564,0.5309139490127563,209,2026-03-09 20:02:20
2,sparsity,iTransformer,ETTm2,336,2023,real,0.0,0.1,none,all,0.0,none,0,0.3147931694984436,0.3518852293491363,57,2026-03-09 20:02:28
2,sparsity,iTransformer,ETTm2,336,2021,real,0.0,0.1,none,all,0.0,none,0,0.3145486116409302,0.3527024984359741,61,2026-03-09 20:02:29
2,sparsity,iTransformer,ETTm2,96,2022,real,0.0,0.5,none,all,0.0,none,0,0.1828244179487228,0.2652801275253296,86,2026-03-09 20:02:31
2,sparsity,iTransformer,ETTm2,336,2022,real,0.0,0.1,none,all,0.0,none,0,0.3121972680091858,0.3492722511291504,62,2026-03-09 20:02:33
2,sparsity,iTransformer,ETTm2,96,2021,real,0.0,0.5,none,all,0.0,none,0,0.1837891489267349,0.2638111114501953,105,2026-03-09 20:02:47
2,sparsity,iTransformer,ETTm2,336,2021,real,0.0,0.25,none,all,0.0,none,0,0.3391792178153991,0.3723405599594116,73,2026-03-09 20:02:47
2,sparsity,iTransformer,ETTm2,336,2023,real,0.0,0.25,none,all,0.0,none,0,0.3147974610328674,0.3516847193241119,70,2026-03-09 20:02:56
2,sparsity,iTransformer,ETTm2,336,2022,real,0.0,0.25,none,all,0.0,none,0,0.3137686252593994,0.3499062955379486,83,2026-03-09 20:02:58
2,sparsity,iTransformer,ETTm2,96,2023,real,0.0,0.5,none,all,0.0,none,0,0.1824246495962143,0.2629915177822113,94,2026-03-09 20:03:01
2,sparsity,TimesNet,Traffic,336,2023,real,0.0,0.5,none,all,0.0,none,0,0.8412134647369385,0.459703654050827,696,2026-03-09 20:03:21
2,sparsity,iTransformer,ETTm2,336,2022,real,0.0,0.5,none,all,0.0,none,0,0.3112246692180633,0.3485144078731537,90,2026-03-09 20:03:30
2,sparsity,iTransformer,ETTm2,336,2023,real,0.0,0.5,none,all,0.0,none,0,0.3141988217830658,0.3493467271327972,98,2026-03-09 20:03:39
2,sparsity,iTransformer,Weather,96,2023,real,0.0,0.1,none,all,0.0,none,0,0.1901890188455581,0.2302661389112472,76,2026-03-09 20:04:10
2,sparsity,iTransformer,ETTm2,336,2021,real,0.0,0.5,none,all,0.0,none,0,0.3190667629241943,0.3543951511383056,151,2026-03-09 20:04:19
2,sparsity,iTransformer,Weather,96,2022,real,0.0,0.25,none,all,0.0,none,0,0.1805324554443359,0.2215375453233719,99,2026-03-09 20:04:36
2,sparsity,iTransformer,Weather,96,2023,real,0.0,0.25,none,all,0.0,none,0,0.1768406182527542,0.2187704741954803,99,2026-03-09 20:04:37
2,sparsity,iTransformer,Weather,96,2021,real,0.0,0.25,none,all,0.0,none,0,0.1801129728555679,0.2195015102624893,106,2026-03-09 20:04:41
2,sparsity,TimesNet,ETTh1,96,2022,real,0.0,0.1,none,all,0.0,none,0,0.4567530751228332,0.4553304314613342,113,2026-03-09 20:04:51
2,sparsity,iTransformer,Weather,336,2021,real,0.0,0.1,none,all,0.0,none,0,0.287835031747818,0.3032134175300598,91,2026-03-09 20:04:56
2,sparsity,TimesNet,ETTh1,96,2021,real,0.0,0.1,none,all,0.0,none,0,0.4755982756614685,0.4650755822658539,126,2026-03-09 20:05:02
2,sparsity,iTransformer,Weather,96,2021,real,0.0,0.5,none,all,0.0,none,0,0.1778308749198913,0.2168591320514679,140,2026-03-09 20:05:34
2,sparsity,iTransformer,Weather,96,2023,real,0.0,0.5,none,all,0.0,none,0,0.1764465272426605,0.2172466814517974,133,2026-03-09 20:05:35
2,sparsity,iTransformer,Weather,96,2022,real,0.0,0.5,none,all,0.0,none,0,0.177366092801094,0.2177146971225738,141,2026-03-09 20:05:36
2,sparsity,iTransformer,Weather,336,2021,real,0.0,0.25,none,all,0.0,none,0,0.2818124294281006,0.2989183366298675,116,2026-03-09 20:05:47
2,sparsity,iTransformer,Weather,336,2022,real,0.0,0.25,none,all,0.0,none,0,0.2856523096561432,0.3018214106559753,115,2026-03-09 20:05:47
2,sparsity,iTransformer,Weather,336,2021,real,0.0,0.5,none,all,0.0,none,0,0.2807868719100952,0.2983947992324829,137,2026-03-09 20:06:22
2,sparsity,TimesNet,ETTh1,96,2023,real,0.0,0.1,none,all,0.0,none,0,0.4748310446739197,0.4654366374015808,114,2026-03-09 20:07:03
2,sparsity,iTransformer,Weather,336,2022,real,0.0,0.5,none,all,0.0,none,0,0.2834160029888153,0.3002797365188598,161,2026-03-09 20:07:17
2,sparsity,iTransformer,Weather,336,2023,real,0.0,0.5,none,all,0.0,none,0,0.2817476987838745,0.2990898489952087,165,2026-03-09 20:07:30
2,sparsity,iTransformer,Electricity,96,2022,real,0.0,0.1,none,all,0.0,none,0,0.1847333461046219,0.2721090018749237,165,2026-03-09 20:07:47
2,sparsity,iTransformer,Electricity,96,2021,real,0.0,0.1,none,all,0.0,none,0,0.1822743415832519,0.2704455852508545,165,2026-03-09 20:07:48
2,sparsity,iTransformer,Electricity,96,2023,real,0.0,0.1,none,all,0.0,none,0,0.1883062273263931,0.2750557661056518,172,2026-03-09 20:07:58
2,sparsity,iTransformer,Electricity,96,2021,real,0.0,0.25,none,all,0.0,none,0,0.1724101603031158,0.2621276676654815,229,2026-03-09 20:09:11
2,sparsity,iTransformer,Electricity,96,2022,real,0.0,0.25,none,all,0.0,none,0,0.1718850433826446,0.2620704770088196,230,2026-03-09 20:09:15
2,sparsity,iTransformer,Electricity,96,2023,real,0.0,0.25,none,all,0.0,none,0,0.1851666867733001,0.272198349237442,233,2026-03-09 20:09:36
2,sparsity,TimesNet,ETTh1,336,2021,real,0.0,0.1,none,all,0.0,none,0,0.5718092918395996,0.51442950963974,156,2026-03-09 20:09:42
2,sparsity,TimesNet,ETTh1,336,2022,real,0.0,0.1,none,all,0.0,none,0,0.5501552820205688,0.5030011534690857,171,2026-03-09 20:10:12
2,sparsity,iTransformer,Electricity,96,2021,real,0.0,0.5,none,all,0.0,none,0,0.1712137758731842,0.2612663805484772,327,2026-03-09 20:11:26
2,sparsity,iTransformer,Electricity,336,2021,real,0.0,0.25,none,all,0.0,none,0,0.2142864763736724,0.3019358813762665,285,2026-03-09 20:11:33
2,sparsity,iTransformer,Electricity,96,2023,real,0.0,0.5,none,all,0.0,none,0,0.1716719716787338,0.2618009150028229,334,2026-03-09 20:11:35
2,sparsity,iTransformer,Electricity,96,2022,real,0.0,0.5,none,all,0.0,none,0,0.1706874072551727,0.2611212730407715,335,2026-03-09 20:11:35
2,sparsity,TimesNet,ETTh1,336,2023,real,0.0,0.1,none,all,0.0,none,0,0.5306232571601868,0.4897526502609253,139,2026-03-09 20:12:19
2,sparsity,iTransformer,Electricity,336,2022,real,0.0,0.25,none,all,0.0,none,0,0.2141867130994796,0.301940768957138,292,2026-03-09 20:12:35
2,sparsity,iTransformer,Electricity,336,2023,real,0.0,0.25,none,all,0.0,none,0,0.2149261385202407,0.3025127351284027,284,2026-03-09 20:12:40
2,sparsity,TimesNet,ETTh2,96,2021,real,0.0,0.1,none,all,0.0,none,0,0.3756479322910309,0.4005782008171081,145,2026-03-09 20:14:41
2,sparsity,iTransformer,Electricity,336,2021,real,0.0,0.5,none,all,0.0,none,0,0.2013309299945831,0.2901315987110138,390,2026-03-09 20:14:43
2,sparsity,iTransformer,Electricity,336,2022,real,0.0,0.5,none,all,0.0,none,0,0.2012204378843307,0.2902058660984039,396,2026-03-09 20:14:50
2,sparsity,TimesNet,ETTh2,96,2022,real,0.0,0.1,none,all,0.0,none,0,0.4232684075832367,0.423514723777771,137,2026-03-09 20:14:54
2,sparsity,iTransformer,Electricity,336,2023,real,0.0,0.5,none,all,0.0,none,0,0.2016400396823883,0.290545791387558,398,2026-03-09 20:15:02
2,sparsity,iTransformer,Traffic,96,2021,real,0.0,0.1,none,all,0.0,none,0,0.6120873689651489,0.401898056268692,339,2026-03-09 20:15:16
2,sparsity,iTransformer,Traffic,96,2022,real,0.0,0.1,none,all,0.0,none,0,0.6111749410629272,0.4011520147323608,335,2026-03-09 20:15:17
2,sparsity,iTransformer,Traffic,96,2023,real,0.0,0.1,none,all,0.0,none,0,0.6163352727890015,0.404893547296524,340,2026-03-09 20:15:43
2,sparsity,TimesNet,ETTh2,96,2021,real,0.0,0.25,none,all,0.0,none,0,0.3659814000129699,0.3945604264736175,123,2026-03-09 20:17:15
2,sparsity,iTransformer,Traffic,96,2021,real,0.0,0.25,none,all,0.0,none,0,0.506354033946991,0.3495711386203766,479,2026-03-09 20:18:09
2,sparsity,iTransformer,Traffic,96,2022,real,0.0,0.25,none,all,0.0,none,0,0.5053675174713135,0.3487358093261719,478,2026-03-09 20:18:15
2,sparsity,TimesNet,ETTh2,96,2022,real,0.0,0.25,none,all,0.0,none,0,0.3633831739425659,0.3927686512470245,182,2026-03-09 20:18:18
2,sparsity,iTransformer,Traffic,96,2023,real,0.0,0.25,none,all,0.0,none,0,0.5069026350975037,0.3504252731800079,489,2026-03-09 20:18:26
2,sparsity,PatchTST,ETTh1,96,2021,real,0.0,0.1,none,all,0.0,none,0,0.4147103428840637,0.4182665646076202,39,2026-03-09 20:19:16
2,sparsity,PatchTST,ETTh1,96,2022,real,0.0,0.1,none,all,0.0,none,0,0.4157882332801819,0.4197090566158294,39,2026-03-09 20:19:20
2,sparsity,PatchTST,ETTh1,96,2023,real,0.0,0.1,none,all,0.0,none,0,0.4158895909786224,0.4188302159309387,42,2026-03-09 20:19:34
2,sparsity,iTransformer,Traffic,336,2022,real,0.0,0.1,none,all,0.0,none,0,0.5362334251403809,0.3654626905918121,411,2026-03-09 20:19:52
2,sparsity,iTransformer,Traffic,336,2023,real,0.0,0.1,none,all,0.0,none,0,0.6554253101348877,0.4279964864253998,416,2026-03-09 20:20:03
2,sparsity,PatchTST,ETTh1,96,2021,real,0.0,0.5,none,all,0.0,none,0,0.4005643725395202,0.4087822437286377,38,2026-03-09 20:20:38
2,sparsity,TimesNet,ETTh2,96,2023,real,0.0,0.25,none,all,0.0,none,0,0.363446831703186,0.3887585401535034,190,2026-03-09 20:20:43
2,sparsity,PatchTST,ETTh1,96,2022,real,0.0,0.5,none,all,0.0,none,0,0.3965143263339996,0.4075476825237274,46,2026-03-09 20:21:05
2,sparsity,PatchTST,ETTh1,96,2023,real,0.0,0.5,none,all,0.0,none,0,0.3965600132942199,0.4070748686790466,53,2026-03-09 20:21:22
2,sparsity,TimesNet,ETTh2,336,2021,real,0.0,0.1,none,all,0.0,none,0,0.4783692955970764,0.4723054766654968,119,2026-03-09 20:21:28
2,sparsity,PatchTST,ETTh1,336,2023,real,0.0,0.1,none,all,0.0,none,0,0.5091425776481628,0.4704618752002716,39,2026-03-09 20:21:35
2,sparsity,PatchTST,ETTh1,336,2021,real,0.0,0.25,none,all,0.0,none,0,0.5061586499214172,0.4683237373828888,40,2026-03-09 20:21:43
2,sparsity,PatchTST,ETTh1,336,2023,real,0.0,0.25,none,all,0.0,none,0,0.4924651682376861,0.4626223742961883,44,2026-03-09 20:22:26
2,sparsity,PatchTST,ETTh1,336,2021,real,0.0,0.5,none,all,0.0,none,0,0.48005011677742,0.4558342397212982,53,2026-03-09 20:22:40
2,sparsity,PatchTST,ETTh2,96,2021,real,0.0,0.1,none,all,0.0,none,0,0.3075463473796844,0.3532167673110962,37,2026-03-09 20:22:46
2,sparsity,PatchTST,ETTh1,336,2023,real,0.0,0.5,none,all,0.0,none,0,0.4836909174919128,0.4584978818893432,50,2026-03-09 20:22:51
2,sparsity,PatchTST,ETTh1,336,2022,real,0.0,0.5,none,all,0.0,none,0,0.4807591736316681,0.4571433663368225,54,2026-03-09 20:22:55
2,sparsity,TimesNet,ETTh2,336,2022,real,0.0,0.1,none,all,0.0,none,0,0.501369833946228,0.482041984796524,134,2026-03-09 20:23:16
2,sparsity,PatchTST,ETTh2,96,2021,real,0.0,0.25,none,all,0.0,none,0,0.2991907000541687,0.3465330302715301,41,2026-03-09 20:23:46
2,sparsity,TimesNet,ETTh2,336,2023,real,0.0,0.1,none,all,0.0,none,0,0.4976921379566192,0.4811759889125824,135,2026-03-09 20:24:00
2,sparsity,iTransformer,Traffic,96,2023,real,0.0,0.5,none,all,0.0,none,0,0.4671798050403595,0.3238121271133423,723,2026-03-09 20:24:04
2,sparsity,iTransformer,Traffic,96,2021,real,0.0,0.5,none,all,0.0,none,0,0.4678339958190918,0.3241578936576843,731,2026-03-09 20:24:04
2,sparsity,iTransformer,Traffic,96,2022,real,0.0,0.5,none,all,0.0,none,0,0.4668150544166565,0.3228034675121307,729,2026-03-09 20:24:08
2,sparsity,PatchTST,ETTh2,96,2021,real,0.0,0.5,none,all,0.0,none,0,0.2910921275615692,0.3408345282077789,47,2026-03-09 20:24:10
2,sparsity,iTransformer,Traffic,336,2021,real,0.0,0.25,none,all,0.0,none,0,0.549236536026001,0.3710124790668487,564,2026-03-09 20:24:33
2,sparsity,PatchTST,ETTh2,96,2022,real,0.0,0.5,none,all,0.0,none,0,0.2889162898063659,0.3400400578975677,46,2026-03-09 20:24:35
2,sparsity,iTransformer,Traffic,336,2022,real,0.0,0.25,none,all,0.0,none,0,0.5069223642349243,0.3425928056240082,567,2026-03-09 20:24:43
2,sparsity,PatchTST,ETTh2,96,2023,real,0.0,0.5,none,all,0.0,none,0,0.2898988723754883,0.3406923115253448,45,2026-03-09 20:24:44
2,sparsity,iTransformer,Traffic,336,2023,real,0.0,0.25,none,all,0.0,none,0,0.5496489405632019,0.3712242245674133,565,2026-03-09 20:24:53
2,sparsity,PatchTST,ETTh2,336,2022,real,0.0,0.1,none,all,0.0,none,0,0.425601452589035,0.4328202605247497,39,2026-03-09 20:24:57
2,sparsity,PatchTST,ETTh2,336,2021,real,0.0,0.25,none,all,0.0,none,0,0.4137394726276397,0.4271924197673797,40,2026-03-09 20:25:10
2,sparsity,PatchTST,ETTh2,336,2021,real,0.0,0.5,none,all,0.0,none,0,0.4137394726276397,0.4271924197673797,40,2026-03-09 20:25:17
2,sparsity,PatchTST,ETTh2,336,2022,real,0.0,0.5,none,all,0.0,none,0,0.4137520492076874,0.4279681444168091,50,2026-03-09 20:25:49
2,sparsity,PatchTST,ETTh2,336,2023,real,0.0,0.5,none,all,0.0,none,0,0.4115751385688782,0.4266220927238464,51,2026-03-09 20:25:52
2,sparsity,PatchTST,ETTm1,96,2023,real,0.0,0.1,none,all,0.0,none,0,0.3668089210987091,0.3825016319751739,68,2026-03-09 20:26:26
2,sparsity,PatchTST,ETTm1,96,2021,real,0.0,0.1,none,all,0.0,none,0,0.3499722778797149,0.3788707554340362,77,2026-03-09 20:26:27
2,sparsity,PatchTST,ETTm1,96,2022,real,0.0,0.1,none,all,0.0,none,0,0.3681410849094391,0.3810822963714599,77,2026-03-09 20:26:28
2,sparsity,PatchTST,ETTm1,96,2023,real,0.0,0.25,none,all,0.0,none,0,0.3668089210987091,0.3825016319751739,70,2026-03-09 20:26:36
2,sparsity,PatchTST,ETTm1,96,2022,real,0.0,0.5,none,all,0.0,none,0,0.3519423604011535,0.3798058629035949,70,2026-03-09 20:26:41
2,sparsity,PatchTST,ETTm1,96,2021,real,0.0,0.25,none,all,0.0,none,0,0.3474572002887726,0.3806371390819549,83,2026-03-09 20:26:43
2,sparsity,PatchTST,ETTm1,96,2022,real,0.0,0.25,none,all,0.0,none,0,0.3519423604011535,0.3798058629035949,99,2026-03-09 20:27:01
2,sparsity,PatchTST,ETTm1,96,2023,real,0.0,0.5,none,all,0.0,none,0,0.3428858816623688,0.37665456533432,97,2026-03-09 20:27:13
2,sparsity,PatchTST,ETTm1,96,2021,real,0.0,0.5,none,all,0.0,none,0,0.3456681668758392,0.379459798336029,127,2026-03-09 20:27:36
2,sparsity,PatchTST,ETTm1,336,2022,real,0.0,0.1,none,all,0.0,none,0,0.4332543313503265,0.4184227287769317,87,2026-03-09 20:27:42
2,sparsity,PatchTST,ETTm1,336,2023,real,0.0,0.1,none,all,0.0,none,0,0.4357644617557525,0.4195159077644348,88,2026-03-09 20:27:46
2,sparsity,PatchTST,ETTm1,336,2022,real,0.0,0.25,none,all,0.0,none,0,0.4192991554737091,0.4165098965167999,88,2026-03-09 20:28:21
2,sparsity,PatchTST,ETTm1,336,2021,real,0.0,0.25,none,all,0.0,none,0,0.4211976528167724,0.4153927266597748,96,2026-03-09 20:28:28
2,sparsity,PatchTST,ETTm1,336,2023,real,0.0,0.25,none,all,0.0,none,0,0.4161173105239868,0.4160779416561126,106,2026-03-09 20:28:40
2,sparsity,PatchTST,ETTm2,96,2023,real,0.0,0.1,none,all,0.0,none,0,0.1847365945577621,0.2707686126232147,74,2026-03-09 20:28:57
2,sparsity,PatchTST,ETTm1,336,2023,real,0.0,0.5,none,all,0.0,none,0,0.4161173105239868,0.4160779416561126,116,2026-03-09 20:29:05
2,sparsity,PatchTST,ETTm1,336,2021,real,0.0,0.5,none,all,0.0,none,0,0.4145335853099823,0.4157328605651855,134,2026-03-09 20:29:16
2,sparsity,PatchTST,ETTm1,336,2022,real,0.0,0.5,none,all,0.0,none,0,0.4165137112140655,0.4177849888801574,135,2026-03-09 20:29:22
2,sparsity,iTransformer,Traffic,336,2022,real,0.0,0.5,none,all,0.0,none,0,0.5059242248535156,0.3419039845466614,824,2026-03-09 20:29:28
2,sparsity,iTransformer,Traffic,336,2021,real,0.0,0.5,none,all,0.0,none,0,0.5066236257553101,0.342288613319397,828,2026-03-09 20:29:31
2,sparsity,PatchTST,ETTm2,96,2022,real,0.0,0.25,none,all,0.0,none,0,0.1805165559053421,0.2660147249698639,86,2026-03-09 20:29:34
2,sparsity,iTransformer,Traffic,336,2023,real,0.0,0.5,none,all,0.0,none,0,0.5059887766838074,0.3422464728355407,827,2026-03-09 20:29:56
2,sparsity,PatchTST,ETTm2,96,2021,real,0.0,0.5,none,all,0.0,none,0,0.1787560880184173,0.26396244764328,98,2026-03-09 20:30:25
2,sparsity,PatchTST,ETTm2,96,2022,real,0.0,0.5,none,all,0.0,none,0,0.1770109087228775,0.2613586485385895,100,2026-03-09 20:30:34
2,sparsity,PatchTST,ETTm2,96,2023,real,0.0,0.5,none,all,0.0,none,0,0.1805786043405532,0.2670670449733734,92,2026-03-09 20:30:39
2,sparsity,PatchTST,ETTm2,336,2021,real,0.0,0.1,none,all,0.0,none,0,0.310876727104187,0.349597156047821,86,2026-03-09 20:30:44
2,sparsity,PatchTST,ETTm2,336,2023,real,0.0,0.1,none,all,0.0,none,0,0.3096494078636169,0.3477073013782501,80,2026-03-09 20:30:47
2,sparsity,PatchTST,ETTm2,336,2022,real,0.0,0.1,none,all,0.0,none,0,0.3115350604057312,0.3500088453292846,92,2026-03-09 20:30:56
2,sparsity,PatchTST,ETTm2,336,2021,real,0.0,0.25,none,all,0.0,none,0,0.3068616986274719,0.3467032015323639,107,2026-03-09 20:31:18
2,sparsity,PatchTST,ETTm2,336,2022,real,0.0,0.25,none,all,0.0,none,0,0.3073632717132568,0.3465615808963775,104,2026-03-09 20:31:24
2,sparsity,PatchTST,ETTm2,336,2021,real,0.0,0.5,none,all,0.0,none,0,0.3044115900993347,0.3452385067939758,127,2026-03-09 20:31:55
2,sparsity,PatchTST,ETTm2,336,2022,real,0.0,0.5,none,all,0.0,none,0,0.3058421313762665,0.3456907868385315,134,2026-03-09 20:32:08
2,sparsity,PatchTST,ETTm2,336,2023,real,0.0,0.5,none,all,0.0,none,0,0.304791659116745,0.344616174697876,139,2026-03-09 20:32:16
2,sparsity,PatchTST,Weather,96,2021,real,0.0,0.25,none,all,0.0,none,0,0.1865550577640533,0.2263756096363067,94,2026-03-09 20:32:25
2,sparsity,PatchTST,Weather,96,2023,real,0.0,0.25,none,all,0.0,none,0,0.1907913833856582,0.2312915027141571,89,2026-03-09 20:32:34
2,sparsity,PatchTST,Weather,96,2022,real,0.0,0.25,none,all,0.0,none,0,0.1907151341438293,0.2311423569917678,103,2026-03-09 20:32:42
2,sparsity,PatchTST,Weather,336,2021,real,0.0,0.1,none,all,0.0,none,0,0.2886483073234558,0.3032631278038025,79,2026-03-09 20:33:03
2,sparsity,PatchTST,Weather,336,2022,real,0.0,0.1,none,all,0.0,none,0,0.288515567779541,0.3038437664508819,87,2026-03-09 20:33:15
2,sparsity,PatchTST,Weather,336,2023,real,0.0,0.1,none,all,0.0,none,0,0.2914223372936249,0.3056509792804718,89,2026-03-09 20:33:18
2,sparsity,PatchTST,Weather,336,2021,real,0.0,0.25,none,all,0.0,none,0,0.288614273071289,0.3029419779777527,94,2026-03-09 20:33:25
2,sparsity,PatchTST,Weather,96,2023,real,0.0,0.5,none,all,0.0,none,0,0.1868718862533569,0.2271630614995956,121,2026-03-09 20:33:25
2,sparsity,PatchTST,Weather,96,2021,real,0.0,0.5,none,all,0.0,none,0,0.1866119056940078,0.2268992811441421,138,2026-03-09 20:33:27
2,sparsity,PatchTST,Weather,96,2022,real,0.0,0.5,none,all,0.0,none,0,0.1866715848445892,0.2280405014753341,139,2026-03-09 20:33:33
2,sparsity,PatchTST,Weather,336,2022,real,0.0,0.25,none,all,0.0,none,0,0.2852489650249481,0.3024686276912689,115,2026-03-09 20:34:00
2,sparsity,PatchTST,Weather,336,2023,real,0.0,0.25,none,all,0.0,none,0,0.2898365557193756,0.3041718900203705,115,2026-03-09 20:34:05
2,sparsity,TimesNet,ETTm1,336,2021,real,0.0,0.1,none,all,0.0,none,0,0.437548816204071,0.434670627117157,496,2026-03-09 20:34:19
2,sparsity,PatchTST,Weather,336,2021,real,0.0,0.5,none,all,0.0,none,0,0.2861639857292175,0.3023414313793182,130,2026-03-09 20:34:31
2,sparsity,PatchTST,Weather,336,2022,real,0.0,0.5,none,all,0.0,none,0,0.2841838300228119,0.3014535903930664,151,2026-03-09 20:35:05
2,sparsity,PatchTST,Weather,336,2023,real,0.0,0.5,none,all,0.0,none,0,0.2867907285690307,0.3028800785541534,151,2026-03-09 20:35:13
2,sparsity,PatchTST,Electricity,96,2021,real,0.0,0.1,none,all,0.0,none,0,0.2265221178531646,0.3266117572784424,254,2026-03-09 20:37:05
2,sparsity,PatchTST,Electricity,96,2022,real,0.0,0.1,none,all,0.0,none,0,0.228586807847023,0.3297184109687805,258,2026-03-09 20:37:18
2,sparsity,PatchTST,Electricity,96,2023,real,0.0,0.1,none,all,0.0,none,0,0.239335224032402,0.3383781611919403,258,2026-03-09 20:37:27
2,sparsity,PatchTST,Electricity,96,2021,real,0.0,0.25,none,all,0.0,none,0,0.2269360572099685,0.3276071548461914,376,2026-03-09 20:39:45
2,sparsity,PatchTST,Electricity,96,2022,real,0.0,0.25,none,all,0.0,none,0,0.2202299237251281,0.3217243254184723,371,2026-03-09 20:39:51
2,sparsity,PatchTST,Electricity,96,2023,real,0.0,0.25,none,all,0.0,none,0,0.2277690768241882,0.3285168707370758,373,2026-03-09 20:39:56
2,sparsity,TimesNet,Weather,96,2021,real,0.0,0.1,none,all,0.0,none,0,0.1826217472553253,0.2333379387855529,372,2026-03-09 20:39:58
2,sparsity,TimesNet,Weather,96,2022,real,0.0,0.1,none,all,0.0,none,0,0.1951504051685333,0.2443581819534301,373,2026-03-09 20:40:50
2,sparsity,PatchTST,Electricity,96,2023,real,0.0,0.5,none,all,0.0,none,0,0.2277690768241882,0.3285168707370758,471,2026-03-09 20:41:44
2,sparsity,PatchTST,Electricity,336,2021,real,0.0,0.25,none,all,0.0,none,0,0.2455260604619979,0.3452984392642975,433,2026-03-09 20:42:10
2,sparsity,PatchTST,Electricity,336,2022,real,0.0,0.25,none,all,0.0,none,0,0.245839461684227,0.3455268144607544,426,2026-03-09 20:42:38
2,sparsity,PatchTST,Electricity,336,2023,real,0.0,0.25,none,all,0.0,none,0,0.2459738254547119,0.345630407333374,431,2026-03-09 20:42:50
2,sparsity,PatchTST,Electricity,96,2022,real,0.0,0.5,none,all,0.0,none,0,0.2192462533712387,0.3205407559871673,570,2026-03-09 20:43:24
2,sparsity,PatchTST,Electricity,96,2021,real,0.0,0.5,none,all,0.0,none,0,0.219446986913681,0.320520281791687,576,2026-03-09 20:43:27
2,sparsity,TimesNet,Weather,96,2023,real,0.0,0.1,none,all,0.0,none,0,0.1892803460359573,0.238565981388092,339,2026-03-09 20:45:56
2,sparsity,PatchTST,Traffic,96,2021,real,0.0,0.1,none,all,0.0,none,0,0.6491739749908447,0.4184584021568298,418,2026-03-09 20:46:25
2,sparsity,PatchTST,Electricity,336,2023,real,0.0,0.5,none,all,0.0,none,0,0.2459738254547119,0.345630407333374,522,2026-03-09 20:46:35
2,sparsity,PatchTST,Traffic,96,2022,real,0.0,0.1,none,all,0.0,none,0,0.7207708954811096,0.4526404738426208,414,2026-03-09 20:46:58
2,sparsity,PatchTST,Traffic,96,2023,real,0.0,0.1,none,all,0.0,none,0,0.7160593271255493,0.450065016746521,413,2026-03-09 20:47:04
2,sparsity,PatchTST,Electricity,336,2022,real,0.0,0.5,none,all,0.0,none,0,0.239420548081398,0.3392233550548553,573,2026-03-09 20:47:18
2,sparsity,PatchTST,Electricity,336,2021,real,0.0,0.5,none,all,0.0,none,0,0.2391151040792465,0.339135080575943,637,2026-03-09 20:48:09
2,sparsity,PatchTST,Traffic,96,2021,real,0.0,0.25,none,all,0.0,none,0,0.6607871055603027,0.4236159920692444,622,2026-03-09 20:50:33
2,sparsity,PatchTST,Traffic,96,2022,real,0.0,0.25,none,all,0.0,none,0,0.6649927496910095,0.4256630837917328,624,2026-03-09 20:50:41
2,sparsity,PatchTST,Traffic,96,2023,real,0.0,0.25,none,all,0.0,none,0,0.6633417010307312,0.4225365221500397,629,2026-03-09 20:50:51
2,sparsity,TimesNet,Weather,336,2022,real,0.0,0.1,none,all,0.0,none,0,0.2920608222484588,0.3136959075927734,578,2026-03-09 20:52:51
2,sparsity,TimesNet,Weather,336,2023,real,0.0,0.1,none,all,0.0,none,0,0.290831595659256,0.3119651675224304,605,2026-03-09 20:56:20
2,sparsity,TimesNet,Electricity,96,2021,real,0.0,0.1,none,all,0.0,none,0,0.3583966493606567,0.4348138570785522,211,2026-03-09 20:58:28
2,sparsity,PatchTST,Traffic,96,2021,real,0.0,0.5,none,all,0.0,none,0,0.6179426312446594,0.4027003347873688,996,2026-03-09 20:58:46
2,sparsity,PatchTST,Traffic,336,2022,real,0.0,0.25,none,all,0.0,none,0,0.641068696975708,0.4150393009185791,708,2026-03-09 20:58:49
2,sparsity,PatchTST,Traffic,336,2021,real,0.0,0.25,none,all,0.0,none,0,0.6357676982879639,0.4122425317764282,721,2026-03-09 20:58:53
2,sparsity,PatchTST,Traffic,96,2022,real,0.0,0.5,none,all,0.0,none,0,0.6109777688980103,0.4020533859729767,985,2026-03-09 20:59:01
2,sparsity,PatchTST,Traffic,336,2023,real,0.0,0.25,none,all,0.0,none,0,0.6059625744819641,0.3956618905067444,706,2026-03-09 20:59:10
2,sparsity,PatchTST,Traffic,96,2023,real,0.0,0.5,none,all,0.0,none,0,0.6170213222503662,0.4041114747524261,971,2026-03-09 20:59:16
2,sparsity,TimesNet,Electricity,96,2023,real,0.0,0.1,none,all,0.0,none,0,0.3636516332626343,0.4391446709632873,214,2026-03-09 21:00:30
2,sparsity,TimesNet,Electricity,96,2021,real,0.0,0.25,none,all,0.0,none,0,0.2715246677398681,0.3558855354785919,305,2026-03-09 21:03:52
2,sparsity,PatchTST,Traffic,336,2021,real,0.0,0.5,none,all,0.0,none,0,0.6042557954788208,0.3967373669147491,1061,2026-03-09 21:05:11
2,sparsity,PatchTST,Traffic,336,2022,real,0.0,0.5,none,all,0.0,none,0,0.5991332530975342,0.3933087289333343,1063,2026-03-09 21:05:28
2,sparsity,TimesNet,Electricity,96,2022,real,0.0,0.25,none,all,0.0,none,0,0.2744719088077545,0.3593140542507171,306,2026-03-09 21:05:54
2,sparsity,PatchTST,Traffic,336,2023,real,0.0,0.5,none,all,0.0,none,0,0.6026415228843689,0.3945864140987396,1066,2026-03-09 21:06:21
2,sparsity,TimesNet,Electricity,336,2023,real,0.0,0.1,none,all,0.0,none,0,0.3690091073513031,0.4438120722770691,333,2026-03-09 21:11:29
2,sparsity,TimesNet,Electricity,336,2021,real,0.0,0.25,none,all,0.0,none,0,0.2881811857223511,0.3719684481620788,472,2026-03-09 21:14:05
2,sparsity,TimesNet,Traffic,96,2021,real,0.0,0.1,none,all,0.0,none,0,1.07919180393219,0.633887529373169,203,2026-03-09 21:16:38
2,sparsity,TimesNet,Traffic,96,2022,real,0.0,0.1,none,all,0.0,none,0,1.0835199356079102,0.6388891339302063,198,2026-03-09 21:17:42
2,sparsity,TimesNet,Traffic,96,2023,real,0.0,0.1,none,all,0.0,none,0,1.0675029754638672,0.6342853307723999,191,2026-03-09 21:20:09
2,sparsity,TimesNet,Traffic,96,2021,real,0.0,0.25,none,all,0.0,none,0,0.9037865400314332,0.509361743927002,282,2026-03-09 21:22:41
2,sparsity,TimesNet,Traffic,336,2021,real,0.0,0.1,none,all,0.0,none,0,1.118105173110962,0.6609577536582947,320,2026-03-09 21:27:15
2,sparsity,TimesNet,Traffic,336,2022,real,0.0,0.1,none,all,0.0,none,0,1.125179648399353,0.6614930629730225,303,2026-03-09 21:28:02
2,sparsity,iTransformer,ETTh1,96,2021,real,0.0,0.1,none,all,0.0,none,0,0.4054697751998901,0.414744108915329,54,2026-03-09 21:31:00
2,sparsity,iTransformer,ETTh1,96,2022,real,0.0,0.1,none,all,0.0,none,0,0.4063715934753418,0.4147747457027435,60,2026-03-09 21:32:18
2,sparsity,TimesNet,Traffic,336,2023,real,0.0,0.1,none,all,0.0,none,0,1.1084566116333008,0.6562911868095398,310,2026-03-09 21:32:43
2,sparsity,iTransformer,ETTh1,96,2021,real,0.0,0.25,none,all,0.0,none,0,0.3979873359203338,0.4115398228168487,59,2026-03-09 21:33:53
2,sparsity,iTransformer,ETTh1,96,2022,real,0.0,0.25,none,all,0.0,none,0,0.397396981716156,0.410266250371933,62,2026-03-09 21:34:03
2,sparsity,iTransformer,ETTh1,96,2022,real,0.0,0.5,none,all,0.0,none,0,0.396374762058258,0.4105895161628723,60,2026-03-09 21:35:30
2,sparsity,iTransformer,ETTh1,336,2022,real,0.0,0.1,none,all,0.0,none,0,0.513880729675293,0.4777243733406067,58,2026-03-09 21:36:12
2,sparsity,iTransformer,ETTh1,336,2023,real,0.0,0.1,none,all,0.0,none,0,0.5113680362701416,0.4761379063129425,55,2026-03-09 21:36:43
2,sparsity,iTransformer,ETTh2,96,2022,real,0.0,0.1,none,all,0.0,none,0,0.3027333319187164,0.3526628613471985,57,2026-03-09 21:38:37
2,sparsity,iTransformer,ETTh2,96,2023,real,0.0,0.1,none,all,0.0,none,0,0.3052878379821777,0.354288637638092,58,2026-03-09 21:38:51
2,sparsity,iTransformer,ETTh2,96,2022,real,0.0,0.5,none,all,0.0,none,0,0.3100969493389129,0.3570855259895324,56,2026-03-09 21:40:44
2,sparsity,iTransformer,ETTh2,336,2021,real,0.0,0.1,none,all,0.0,none,0,0.4319954216480255,0.4390996992588043,56,2026-03-09 21:41:40
2,sparsity,iTransformer,ETTh2,336,2022,real,0.0,0.1,none,all,0.0,none,0,0.4318287968635559,0.4383973181247711,57,2026-03-09 21:41:58
2,sparsity,iTransformer,ETTh2,336,2021,real,0.0,0.25,none,all,0.0,none,0,0.420494019985199,0.4311302900314331,54,2026-03-09 21:43:10
2,sparsity,iTransformer,ETTm1,336,2021,real,0.0,0.1,none,all,0.0,none,0,0.4287928938865661,0.4245244562625885,104,2026-03-09 21:46:39
2,sparsity,iTransformer,ETTm1,336,2022,real,0.0,0.1,none,all,0.0,none,0,0.4310759603977203,0.4268533289432525,116,2026-03-09 21:46:53
2,sparsity,iTransformer,ETTm1,336,2023,real,0.0,0.1,none,all,0.0,none,0,0.4294930696487427,0.4255204200744629,124,2026-03-09 21:49:01
2,sparsity,iTransformer,ETTm1,336,2023,real,0.0,0.25,none,all,0.0,none,0,0.4294930696487427,0.4255204200744629,114,2026-03-09 21:49:39
2,sparsity,iTransformer,ETTm2,96,2021,real,0.0,0.1,none,all,0.0,none,0,0.1824960857629776,0.2669495642185211,91,2026-03-09 21:51:28
2,sparsity,iTransformer,ETTm2,96,2022,real,0.0,0.1,none,all,0.0,none,0,0.1857383847236633,0.2698715329170227,84,2026-03-09 21:51:36
2,sparsity,iTransformer,ETTm2,96,2021,real,0.0,0.25,none,all,0.0,none,0,0.1818095445632934,0.2662365734577179,89,2026-03-09 21:53:23
2,sparsity,iTransformer,ETTm2,96,2022,real,0.0,0.25,none,all,0.0,none,0,0.1832771450281143,0.2670818567276001,98,2026-03-09 21:53:41
2,sparsity,iTransformer,ETTm2,96,2023,real,0.0,0.25,none,all,0.0,none,0,0.181753933429718,0.2643832564353943,101,2026-03-09 21:55:23
2,sparsity,iTransformer,Weather,96,2021,real,0.0,0.1,none,all,0.0,none,0,0.1883935183286667,0.2286641746759414,110,2026-03-09 21:58:24
2,sparsity,iTransformer,Weather,96,2022,real,0.0,0.1,none,all,0.0,none,0,0.1894860416650772,0.2294342964887619,107,2026-03-09 21:58:26
2,sparsity,iTransformer,Weather,336,2022,real,0.0,0.1,none,all,0.0,none,0,0.2916894853115082,0.3074083030223846,116,2026-03-09 22:01:49
2,sparsity,iTransformer,Weather,336,2023,real,0.0,0.1,none,all,0.0,none,0,0.2910749912261963,0.3071885704994201,115,2026-03-09 22:01:50
2,sparsity,iTransformer,Weather,336,2023,real,0.0,0.25,none,all,0.0,none,0,0.2857235968112945,0.3020134270191192,135,2026-03-09 22:04:39
2,sparsity,iTransformer,Electricity,336,2021,real,0.0,0.1,none,all,0.0,none,0,0.2354956865310669,0.3233890235424042,234,2026-03-09 22:09:17
2,sparsity,iTransformer,Electricity,336,2022,real,0.0,0.1,none,all,0.0,none,0,0.2351857870817184,0.3226066529750824,237,2026-03-09 22:09:30
2,sparsity,iTransformer,Electricity,336,2023,real,0.0,0.1,none,all,0.0,none,0,0.2351753115653991,0.3229172825813293,236,2026-03-09 22:13:32
2,sparsity,PatchTST,ETTh1,96,2021,real,0.0,0.25,none,all,0.0,none,0,0.4005643725395202,0.4087822437286377,58,2026-03-09 22:18:21
2,sparsity,PatchTST,ETTh1,96,2022,real,0.0,0.25,none,all,0.0,none,0,0.402267187833786,0.4104191660881042,59,2026-03-09 22:19:39
2,sparsity,PatchTST,ETTh1,96,2023,real,0.0,0.25,none,all,0.0,none,0,0.401628702878952,0.4092899858951568,64,2026-03-09 22:21:01
2,sparsity,iTransformer,Traffic,336,2021,real,0.0,0.1,none,all,0.0,none,0,0.6542560458183289,0.427540510892868,432,2026-03-09 22:21:07
2,sparsity,PatchTST,ETTh1,336,2021,real,0.0,0.1,none,all,0.0,none,0,0.5061586499214172,0.4683237373828888,56,2026-03-09 22:22:39
2,sparsity,PatchTST,ETTh1,336,2022,real,0.0,0.1,none,all,0.0,none,0,0.508608341217041,0.4709510803222656,55,2026-03-09 22:22:49
2,sparsity,PatchTST,ETTh1,336,2022,real,0.0,0.25,none,all,0.0,none,0,0.4919540882110595,0.4628923535346985,63,2026-03-09 22:24:18
2,sparsity,PatchTST,ETTh2,96,2022,real,0.0,0.1,none,all,0.0,none,0,0.3079375624656677,0.3537894189357757,51,2026-03-09 22:25:27
2,sparsity,PatchTST,ETTh2,96,2023,real,0.0,0.1,none,all,0.0,none,0,0.3075500726699829,0.353565365076065,54,2026-03-09 22:25:47
2,sparsity,PatchTST,ETTh2,96,2022,real,0.0,0.25,none,all,0.0,none,0,0.2981281876564026,0.3460597395896911,55,2026-03-09 22:26:57
2,sparsity,PatchTST,ETTh2,96,2023,real,0.0,0.25,none,all,0.0,none,0,0.2980915904045105,0.3459421396255493,58,2026-03-09 22:27:03
2,sparsity,PatchTST,ETTh2,336,2021,real,0.0,0.1,none,all,0.0,none,0,0.4336661696434021,0.4394363164901733,58,2026-03-09 22:28:36
2,sparsity,PatchTST,ETTh2,336,2023,real,0.0,0.1,none,all,0.0,none,0,0.4332093596458435,0.4394541978836059,57,2026-03-09 22:29:05
2,sparsity,PatchTST,ETTh2,336,2022,real,0.0,0.25,none,all,0.0,none,0,0.425601452589035,0.4328202605247497,48,2026-03-09 22:29:59
2,sparsity,PatchTST,ETTh2,336,2023,real,0.0,0.25,none,all,0.0,none,0,0.4255882203578949,0.4340250790119171,49,2026-03-09 22:30:12
2,sparsity,PatchTST,ETTm1,336,2021,real,0.0,0.1,none,all,0.0,none,0,0.4375430643558502,0.4186219274997711,117,2026-03-09 22:34:01
2,sparsity,PatchTST,ETTm2,96,2021,real,0.0,0.1,none,all,0.0,none,0,0.1847579032182693,0.2718554437160492,111,2026-03-09 22:36:10
2,sparsity,PatchTST,ETTm2,96,2022,real,0.0,0.1,none,all,0.0,none,0,0.1849366873502731,0.2715629041194916,109,2026-03-09 22:36:25
2,sparsity,PatchTST,ETTm2,96,2021,real,0.0,0.25,none,all,0.0,none,0,0.181027352809906,0.2675952911376953,99,2026-03-09 22:38:22
2,sparsity,PatchTST,ETTm2,96,2023,real,0.0,0.25,none,all,0.0,none,0,0.1805786043405532,0.2670670449733734,134,2026-03-09 22:39:17
2,sparsity,PatchTST,ETTm2,336,2023,real,0.0,0.25,none,all,0.0,none,0,0.3068738281726837,0.3459532558917999,139,2026-03-09 22:42:29
2,sparsity,PatchTST,Weather,96,2021,real,0.0,0.1,none,all,0.0,none,0,0.1990293860435485,0.2374252825975418,107,2026-03-09 22:43:05
2,sparsity,PatchTST,Weather,96,2022,real,0.0,0.1,none,all,0.0,none,0,0.1983771920204162,0.2380542010068893,104,2026-03-09 22:44:31
2,sparsity,PatchTST,Weather,96,2023,real,0.0,0.1,none,all,0.0,none,0,0.1989484578371048,0.2375032603740692,105,2026-03-09 22:45:08
2,sparsity,PatchTST,Electricity,336,2021,real,0.0,0.1,none,all,0.0,none,0,0.2555799782276153,0.353783905506134,316,2026-03-09 22:53:55
2,sparsity,PatchTST,Electricity,336,2022,real,0.0,0.1,none,all,0.0,none,0,0.2566589117050171,0.3550906777381897,318,2026-03-09 22:54:00
2,sparsity,PatchTST,Electricity,336,2023,real,0.0,0.1,none,all,0.0,none,0,0.2569745481014251,0.3554187715053558,316,2026-03-09 22:59:31
2,sparsity,PatchTST,Traffic,336,2021,real,0.0,0.1,none,all,0.0,none,0,0.6864197850227356,0.4393447935581207,497,2026-03-09 23:07:01
2,sparsity,PatchTST,Traffic,336,2022,real,0.0,0.1,none,all,0.0,none,0,0.6903076767921448,0.4421809315681457,499,2026-03-09 23:08:08
2,sparsity,PatchTST,Traffic,336,2023,real,0.0,0.1,none,all,0.0,none,0,0.687289297580719,0.4394007325172424,496,2026-03-09 23:15:36
2,sparsity,DLinear,ETTh2,336,2022,real,0.0,0.1,none,all,0.0,none,0,0.5121024250984192,0.5085580945014954,36,2026-03-10 17:31:33
2,sparsity,DLinear,ETTm2,96,2021,real,0.0,0.1,none,all,0.0,none,0,0.2170409709215164,0.3190549314022064,62,2026-03-10 17:32:50
2,sparsity,iTransformer,ETTh2,96,2022,real,0.0,0.25,none,all,0.0,none,0,0.3059993982315063,0.3545814156532287,48,2026-03-10 17:42:46
3,augmentation,DLinear,ETTh1,96,2022,mixed,0.25,1.0,uniform,all,0.0,none,0,0.4147365391254425,0.4274725019931793,63,2026-03-09 20:52:10
3,augmentation,DLinear,ETTh1,96,2021,mixed,0.5,1.0,uniform,all,0.0,none,0,0.4533601701259613,0.4513731002807617,109,2026-03-09 20:53:41
3,augmentation,DLinear,ETTh1,96,2022,mixed,0.5,1.0,uniform,all,0.0,none,0,0.455143541097641,0.4558670222759247,87,2026-03-09 20:53:54
3,augmentation,DLinear,ETTh1,96,2023,mixed,0.5,1.0,uniform,all,0.0,none,0,0.4535689353942871,0.4526551961898803,110,2026-03-09 20:54:17
3,augmentation,DLinear,ETTh1,96,2022,mixed,1.0,1.0,uniform,all,0.0,none,0,0.4465624094009399,0.4493256211280823,149,2026-03-09 20:55:05
3,augmentation,DLinear,ETTh1,96,2021,mixed,1.0,1.0,uniform,all,0.0,none,0,0.4455422461032867,0.4486408829689026,172,2026-03-09 20:55:27
3,augmentation,DLinear,ETTh1,96,2023,mixed,1.0,1.0,uniform,all,0.0,none,0,0.447266161441803,0.4510000646114349,159,2026-03-09 20:55:38
3,augmentation,DLinear,ETTh1,336,2022,mixed,0.25,1.0,uniform,all,0.0,none,0,0.500619113445282,0.4765236377716064,86,2026-03-09 20:55:48
3,augmentation,DLinear,ETTh1,336,2023,mixed,0.5,1.0,uniform,all,0.0,none,0,0.5465357303619385,0.5055896043777466,112,2026-03-09 20:57:56
3,augmentation,DLinear,ETTh1,336,2022,mixed,0.5,1.0,uniform,all,0.0,none,0,0.5273934006690979,0.4976356327533722,146,2026-03-09 20:58:18
3,augmentation,DLinear,ETTh1,336,2021,mixed,0.5,1.0,uniform,all,0.0,none,0,0.5302525758743286,0.4978751242160797,171,2026-03-09 20:58:23
3,augmentation,DLinear,ETTh1,336,2021,mixed,1.0,1.0,uniform,all,0.0,none,0,0.5302525758743286,0.4978751242160797,166,2026-03-09 20:59:02
3,augmentation,DLinear,ETTh1,336,2022,mixed,1.0,1.0,uniform,all,0.0,none,0,0.5273934006690979,0.4976356327533722,211,2026-03-09 20:59:46
3,augmentation,DLinear,ETTh2,96,2023,mixed,0.5,1.0,uniform,all,0.0,none,0,0.4165620803833008,0.4442912340164184,66,2026-03-09 21:00:26
3,augmentation,DLinear,ETTh2,96,2022,mixed,0.5,1.0,uniform,all,0.0,none,0,0.4477003216743469,0.4644217789173126,74,2026-03-09 21:00:29
3,augmentation,DLinear,ETTh2,336,2021,mixed,0.25,1.0,uniform,all,0.0,none,0,0.5727841258049011,0.5324228405952454,68,2026-03-09 21:00:50
3,augmentation,DLinear,ETTh2,96,2021,mixed,0.5,1.0,uniform,all,0.0,none,0,0.4152995347976684,0.4437842667102813,106,2026-03-09 21:00:58
3,augmentation,DLinear,ETTh2,96,2023,mixed,1.0,1.0,uniform,all,0.0,none,0,0.4165620803833008,0.4442912340164184,92,2026-03-09 21:01:08
3,augmentation,DLinear,ETTh2,96,2021,mixed,1.0,1.0,uniform,all,0.0,none,0,0.4152995347976684,0.4437842667102813,106,2026-03-09 21:01:13
3,augmentation,DLinear,ETTh2,96,2022,mixed,1.0,1.0,uniform,all,0.0,none,0,0.4323238730430603,0.4527000188827514,119,2026-03-09 21:01:29
3,augmentation,DLinear,ETTh2,336,2021,mixed,0.5,1.0,uniform,all,0.0,none,0,0.6225891709327698,0.5562753081321716,109,2026-03-09 21:02:02
3,augmentation,DLinear,ETTh1,336,2023,mixed,1.0,1.0,uniform,all,0.0,none,0,0.5203277468681335,0.4908922612667084,321,2026-03-09 21:02:04
3,augmentation,DLinear,ETTh2,336,2023,mixed,0.5,1.0,uniform,all,0.0,none,0,0.6168389916419983,0.5552809834480286,100,2026-03-09 21:02:32
3,augmentation,DLinear,ETTh2,336,2023,mixed,1.0,1.0,uniform,all,0.0,none,0,0.5845358371734619,0.5372302532196045,159,2026-03-09 21:04:03
3,augmentation,DLinear,ETTh2,336,2021,mixed,1.0,1.0,uniform,all,0.0,none,0,0.6156537532806396,0.5539823770523071,190,2026-03-09 21:04:05
3,augmentation,DLinear,ETTm1,96,2023,mixed,0.25,1.0,uniform,all,0.0,none,0,0.4793649017810821,0.4593406915664673,172,2026-03-09 21:04:31
3,augmentation,DLinear,ETTm1,96,2022,mixed,0.25,1.0,uniform,all,0.0,none,0,0.4684480726718902,0.4503494501113891,187,2026-03-09 21:04:40
3,augmentation,DLinear,ETTm1,96,2021,mixed,0.25,1.0,uniform,all,0.0,none,0,0.4240721762180328,0.4254002571105957,225,2026-03-09 21:05:11
3,augmentation,DLinear,ETTh2,336,2022,mixed,1.0,1.0,uniform,all,0.0,none,0,0.6310062408447266,0.5608602166175842,253,2026-03-09 21:05:29
3,augmentation,DLinear,ETTm1,96,2022,mixed,0.5,1.0,uniform,all,0.0,none,0,0.4684480726718902,0.4503494501113891,253,2026-03-09 21:06:09
3,augmentation,DLinear,ETTm1,96,2021,mixed,0.5,1.0,uniform,all,0.0,none,0,0.4240721762180328,0.4254002571105957,284,2026-03-09 21:06:37
3,augmentation,DLinear,ETTm1,96,2023,mixed,0.5,1.0,uniform,all,0.0,none,0,0.4896004796028137,0.4660693407058716,293,2026-03-09 21:07:19
3,augmentation,DLinear,ETTm1,96,2021,mixed,1.0,1.0,uniform,all,0.0,none,0,0.4240721762180328,0.4254002571105957,372,2026-03-09 21:08:40
3,augmentation,DLinear,ETTm2,96,2021,mixed,0.25,1.0,uniform,all,0.0,none,0,0.24318628013134,0.3426938652992248,119,2026-03-09 21:08:46
3,augmentation,DLinear,ETTm2,96,2022,mixed,0.25,1.0,uniform,all,0.0,none,0,0.2486376911401748,0.3491023778915405,126,2026-03-09 21:09:10
3,augmentation,DLinear,ETTm1,336,2023,mixed,0.25,1.0,uniform,all,0.0,none,0,0.5489329099655151,0.4993838965892792,301,2026-03-09 21:09:58
3,augmentation,DLinear,ETTm1,336,2022,mixed,0.25,1.0,uniform,all,0.0,none,0,0.5207415819168091,0.4846717417240143,367,2026-03-09 21:10:38
3,augmentation,DLinear,ETTm1,336,2021,mixed,0.25,1.0,uniform,all,0.0,none,0,0.5439643859863281,0.5014089941978455,388,2026-03-09 21:10:57
3,augmentation,DLinear,ETTm1,336,2023,mixed,0.5,1.0,uniform,all,0.0,none,0,0.5489329099655151,0.4993838965892792,346,2026-03-09 21:11:23
3,augmentation,DLinear,ETTm1,96,2023,mixed,1.0,1.0,uniform,all,0.0,none,0,0.4893903136253357,0.4646159708499908,518,2026-03-09 21:11:36
3,augmentation,DLinear,ETTm1,96,2022,mixed,1.0,1.0,uniform,all,0.0,none,0,0.490194708108902,0.4671646356582641,558,2026-03-09 21:11:48
3,augmentation,DLinear,ETTm1,336,2021,mixed,0.5,1.0,uniform,all,0.0,none,0,0.5439643859863281,0.5014089941978455,413,2026-03-09 21:11:59
3,augmentation,DLinear,ETTm2,96,2021,mixed,0.5,1.0,uniform,all,0.0,none,0,0.31813845038414,0.3975016176700592,180,2026-03-09 21:12:07
3,augmentation,DLinear,ETTm2,96,2022,mixed,0.5,1.0,uniform,all,0.0,none,0,0.3201022744178772,0.4015939831733703,254,2026-03-09 21:13:26
3,augmentation,DLinear,ETTm1,336,2021,mixed,1.0,1.0,uniform,all,0.0,none,0,0.5439643859863281,0.5014089941978455,625,2026-03-09 21:16:20
3,augmentation,DLinear,ETTm1,336,2022,mixed,0.5,1.0,uniform,all,0.0,none,0,0.5444245338439941,0.4995474219322204,645,2026-03-09 21:16:22
3,augmentation,DLinear,ETTm2,96,2023,mixed,1.0,1.0,uniform,all,0.0,none,0,0.2970074713230133,0.3823257684707641,322,2026-03-09 21:16:27
3,augmentation,DLinear,ETTm2,336,2021,mixed,0.5,1.0,uniform,all,0.0,none,0,0.4844748377799988,0.494611382484436,289,2026-03-09 21:17:03
3,augmentation,DLinear,ETTm2,336,2022,mixed,0.5,1.0,uniform,all,0.0,none,0,0.4982311725616455,0.5047964453697205,292,2026-03-09 21:17:18
3,augmentation,DLinear,ETTm2,96,2022,mixed,1.0,1.0,uniform,all,0.0,none,0,0.305785208940506,0.3896484673023224,449,2026-03-09 21:18:18
3,augmentation,DLinear,ETTm2,96,2021,mixed,1.0,1.0,uniform,all,0.0,none,0,0.3138645887374878,0.3963097333908081,502,2026-03-09 21:18:46
3,augmentation,DLinear,ETTm1,336,2023,mixed,1.0,1.0,uniform,all,0.0,none,0,0.5406389832496643,0.4968756735324859,738,2026-03-09 21:18:56
3,augmentation,DLinear,ETTm2,336,2023,mixed,0.5,1.0,uniform,all,0.0,none,0,0.4941592216491699,0.5003970861434937,497,2026-03-09 21:20:50
3,augmentation,DLinear,ETTm2,336,2021,mixed,1.0,1.0,uniform,all,0.0,none,0,0.4844748377799988,0.494611382484436,496,2026-03-09 21:21:27
3,augmentation,DLinear,ETTm2,336,2023,mixed,1.0,1.0,uniform,all,0.0,none,0,0.4941592216491699,0.5003970861434937,507,2026-03-09 21:23:12
3,augmentation,DLinear,Weather,96,2021,mixed,0.25,1.0,uniform,all,0.0,none,0,0.1895423382520675,0.2586982846260071,594,2026-03-09 21:25:09
3,augmentation,DLinear,Weather,96,2022,mixed,0.25,1.0,uniform,all,0.0,none,0,0.1948778927326202,0.2681148052215576,598,2026-03-09 21:25:23
3,augmentation,DLinear,Weather,96,2021,mixed,0.5,1.0,uniform,all,0.0,none,0,0.1895423382520675,0.2586982846260071,553,2026-03-09 21:26:01
3,augmentation,DLinear,Weather,96,2023,mixed,0.25,1.0,uniform,all,0.0,none,0,0.2049174457788467,0.2830720841884613,571,2026-03-09 21:26:19
3,augmentation,DLinear,ETTm2,336,2022,mixed,1.0,1.0,uniform,all,0.0,none,0,0.4793354868888855,0.4916108548641205,748,2026-03-09 21:26:20
3,augmentation,DLinear,ETTm1,336,2022,mixed,1.0,1.0,uniform,all,0.0,none,0,0.5430958867073059,0.4982718229293823,1265,2026-03-09 21:27:00
3,augmentation,DLinear,Weather,96,2023,mixed,0.5,1.0,uniform,all,0.0,none,0,0.2049174457788467,0.2830720841884613,651,2026-03-09 21:28:20
3,augmentation,DLinear,Weather,96,2022,mixed,0.5,1.0,uniform,all,0.0,none,0,0.205521285533905,0.2858465015888214,1111,2026-03-09 21:35:25
3,augmentation,DLinear,Weather,96,2021,mixed,1.0,1.0,uniform,all,0.0,none,0,0.1895423382520675,0.2586982846260071,1097,2026-03-09 21:36:01
3,augmentation,DLinear,Weather,336,2022,mixed,0.5,1.0,uniform,all,0.0,none,0,0.2857384085655212,0.34353107213974,820,2026-03-09 21:39:15
3,augmentation,DLinear,Weather,96,2023,mixed,1.0,1.0,uniform,all,0.0,none,0,0.2042411714792251,0.2837281823158264,1411,2026-03-09 21:42:43
3,augmentation,DLinear,Weather,336,2023,mixed,0.5,1.0,uniform,all,0.0,none,0,0.2911615073680877,0.350387305021286,1020,2026-03-09 21:42:49
3,augmentation,DLinear,Weather,336,2021,mixed,0.5,1.0,uniform,all,0.0,none,0,0.2923603653907776,0.3533783257007599,1184,2026-03-09 21:43:22
3,augmentation,DLinear,Weather,96,2022,mixed,1.0,1.0,uniform,all,0.0,none,0,0.205521285533905,0.2858465015888214,1483,2026-03-09 21:43:27
3,augmentation,DLinear,Weather,336,2021,mixed,1.0,1.0,uniform,all,0.0,none,0,0.2923603653907776,0.3533783257007599,1862,2026-03-09 21:57:30
3,augmentation,DLinear,Weather,336,2023,mixed,1.0,1.0,uniform,all,0.0,none,0,0.2923859357833862,0.3534096181392669,3565,2026-03-09 22:26:10
3,augmentation,DLinear,Weather,336,2022,mixed,1.0,1.0,uniform,all,0.0,none,0,0.2931081652641296,0.3547010123729706,3773,2026-03-09 22:29:38
3,augmentation,DLinear,Electricity,96,2022,mixed,0.25,1.0,uniform,all,0.0,none,0,0.255082756280899,0.349685400724411,3809,2026-03-09 22:32:15
3,augmentation,DLinear,Electricity,96,2023,mixed,0.25,1.0,uniform,all,0.0,none,0,0.2282789945602417,0.3167690336704254,3845,2026-03-09 22:34:23
3,augmentation,DLinear,Electricity,96,2021,mixed,0.25,1.0,uniform,all,0.0,none,0,0.2382492274045944,0.3286512196063995,4111,2026-03-09 22:35:58
3,augmentation,DLinear,ETTh1,96,2021,mixed,0.25,1.0,uniform,all,0.0,none,0,0.4133692681789398,0.4254661202430725,88,2026-03-09 23:11:40
3,augmentation,DLinear,ETTh1,96,2023,mixed,0.25,1.0,uniform,all,0.0,none,0,0.4126672446727752,0.425189346075058,93,2026-03-09 23:13:50
3,augmentation,DLinear,ETTh1,336,2021,mixed,0.25,1.0,uniform,all,0.0,none,0,0.4982900619506836,0.4748252630233764,126,2026-03-09 23:18:00
3,augmentation,DLinear,ETTh1,336,2023,mixed,0.25,1.0,uniform,all,0.0,none,0,0.4998022019863128,0.4760331809520721,117,2026-03-09 23:18:08
3,augmentation,DLinear,ETTh2,96,2021,mixed,0.25,1.0,uniform,all,0.0,none,0,0.3731802701950073,0.4151918292045593,64,2026-03-09 23:20:14
3,augmentation,DLinear,ETTh2,96,2022,mixed,0.25,1.0,uniform,all,0.0,none,0,0.3824045956134796,0.4244949221611023,71,2026-03-09 23:20:30
3,augmentation,DLinear,ETTh2,96,2023,mixed,0.25,1.0,uniform,all,0.0,none,0,0.3828603327274322,0.4235609769821167,82,2026-03-09 23:21:54
3,augmentation,DLinear,ETTh2,336,2023,mixed,0.25,1.0,uniform,all,0.0,none,0,0.5625500082969666,0.5300115942955017,72,2026-03-09 23:23:46
3,augmentation,DLinear,ETTm2,96,2023,mixed,0.25,1.0,uniform,all,0.0,none,0,0.2742269337177276,0.3674638271331787,180,2026-03-09 23:32:22
3,augmentation,DLinear,ETTm2,96,2023,mixed,0.5,1.0,uniform,all,0.0,none,0,0.2742269337177276,0.3674638271331787,204,2026-03-09 23:33:22
3,augmentation,DLinear,ETTm2,336,2021,mixed,0.25,1.0,uniform,all,0.0,none,0,0.4228799641132355,0.4572208523750305,204,2026-03-09 23:36:57
3,augmentation,DLinear,ETTm2,336,2022,mixed,0.25,1.0,uniform,all,0.0,none,0,0.4187880754470825,0.4533873200416565,205,2026-03-09 23:37:05
3,augmentation,DLinear,ETTm2,336,2023,mixed,0.25,1.0,uniform,all,0.0,none,0,0.4079813361167907,0.4460541009902954,207,2026-03-09 23:40:43
3,augmentation,DLinear,Electricity,336,2021,mixed,0.25,1.0,uniform,all,0.0,none,0,0.2387657016515731,0.3321402370929718,7070,2026-03-09 23:41:06
3,augmentation,DLinear,Weather,336,2022,mixed,0.25,1.0,uniform,all,0.0,none,0,0.2783906757831573,0.3313274979591369,579,2026-03-09 23:51:09
3,augmentation,DLinear,Weather,336,2021,mixed,0.25,1.0,uniform,all,0.0,none,0,0.2790467739105224,0.3333403766155243,689,2026-03-09 23:52:48
3,augmentation,DLinear,Weather,336,2023,mixed,0.25,1.0,uniform,all,0.0,none,0,0.2785990834236145,0.3324781954288482,694,2026-03-10 00:03:02
3,augmentation,DLinear,Traffic,96,2021,mixed,0.25,1.0,uniform,all,0.0,none,0,0.7188105583190918,0.4456742107868194,6807,2026-03-10 01:24:47
3,augmentation,DLinear,Traffic,96,2022,mixed,0.25,1.0,uniform,all,0.0,none,0,0.7186955809593201,0.4454531073570251,6910,2026-03-10 01:28:29
3,augmentation,DLinear,Traffic,96,2023,mixed,0.25,1.0,uniform,all,0.0,none,0,0.7187157273292542,0.4456498324871063,6731,2026-03-10 01:28:31
3,augmentation,SegRNN,ETTh1,96,2021,mixed,0.25,1.0,uniform,all,0.0,none,0,0.3949231803417206,0.4136758148670196,69,2026-03-10 01:39:02
3,augmentation,SegRNN,ETTh1,96,2022,mixed,0.25,1.0,uniform,all,0.0,none,0,0.390695184469223,0.410414457321167,77,2026-03-10 01:40:45
3,augmentation,SegRNN,ETTh1,96,2023,mixed,0.25,1.0,uniform,all,0.0,none,0,0.3920798301696777,0.4115657210350036,82,2026-03-10 01:42:14
3,augmentation,SegRNN,ETTh1,96,2023,mixed,0.5,1.0,uniform,all,0.0,none,0,0.4090766608715057,0.4225386381149292,101,2026-03-10 01:44:20
3,augmentation,SegRNN,ETTh1,96,2021,mixed,1.0,1.0,uniform,all,0.0,none,0,0.4142074584960937,0.4262248873710632,170,2026-03-10 01:45:43
3,augmentation,SegRNN,ETTh1,96,2022,mixed,1.0,1.0,uniform,all,0.0,none,0,0.4127408862113952,0.4249741733074188,174,2026-03-10 01:46:32
3,augmentation,SegRNN,ETTh1,336,2022,mixed,0.25,1.0,uniform,all,0.0,none,0,0.4707213044166565,0.4540544152259826,110,2026-03-10 01:46:35
3,augmentation,SegRNN,ETTh1,336,2023,mixed,0.25,1.0,uniform,all,0.0,none,0,0.4711468517780304,0.4542271792888641,114,2026-03-10 01:46:46
3,augmentation,SegRNN,ETTh1,96,2023,mixed,1.0,1.0,uniform,all,0.0,none,0,0.4122134745121002,0.4243742525577545,190,2026-03-10 01:47:33
3,augmentation,SegRNN,ETTh1,336,2022,mixed,0.5,1.0,uniform,all,0.0,none,0,0.5086076259613037,0.4806390106678009,132,2026-03-10 01:48:57
3,augmentation,SegRNN,ETTh1,336,2021,mixed,0.5,1.0,uniform,all,0.0,none,0,0.48072350025177,0.4603641331195831,178,2026-03-10 01:49:06
3,augmentation,SegRNN,ETTh1,336,2023,mixed,0.5,1.0,uniform,all,0.0,none,0,0.4970820844173431,0.4710027277469635,180,2026-03-10 01:49:58
3,augmentation,SegRNN,ETTh2,96,2021,mixed,0.25,1.0,uniform,all,0.0,none,0,0.296500027179718,0.3484731614589691,54,2026-03-10 01:50:18
3,augmentation,SegRNN,ETTh2,96,2022,mixed,0.25,1.0,uniform,all,0.0,none,0,0.2886426150798797,0.3412890136241913,68,2026-03-10 01:50:40
3,augmentation,SegRNN,ETTh1,336,2022,mixed,1.0,1.0,uniform,all,0.0,none,0,0.4818601012229919,0.4604284167289734,225,2026-03-10 01:50:57
3,augmentation,SegRNN,ETTh1,336,2021,mixed,1.0,1.0,uniform,all,0.0,none,0,0.4888511002063751,0.4657795429229736,288,2026-03-10 01:51:49
3,augmentation,SegRNN,ETTh1,336,2023,mixed,1.0,1.0,uniform,all,0.0,none,0,0.4834535419940948,0.4622915983200073,338,2026-03-10 01:53:37
3,augmentation,SegRNN,ETTh2,96,2021,mixed,1.0,1.0,uniform,all,0.0,none,0,0.2989960014820099,0.3468056917190552,176,2026-03-10 01:55:01
3,augmentation,SegRNN,ETTh2,336,2021,mixed,0.25,1.0,uniform,all,0.0,none,0,0.4166216850280761,0.4285625219345093,117,2026-03-10 01:55:11
3,augmentation,SegRNN,ETTh2,96,2022,mixed,1.0,1.0,uniform,all,0.0,none,0,0.2986018061637878,0.3460846543312073,180,2026-03-10 01:55:16
3,augmentation,SegRNN,ETTh2,336,2022,mixed,0.25,1.0,uniform,all,0.0,none,0,0.4169829189777374,0.4308617115020752,106,2026-03-10 01:55:22
3,augmentation,SegRNN,ETTh2,336,2023,mixed,0.25,1.0,uniform,all,0.0,none,0,0.416360080242157,0.4304655790328979,97,2026-03-10 01:55:40
3,augmentation,SegRNN,ETTh2,96,2023,mixed,1.0,1.0,uniform,all,0.0,none,0,0.2988443076610565,0.3471021950244903,180,2026-03-10 01:55:43
3,augmentation,SegRNN,ETTh2,336,2023,mixed,0.5,1.0,uniform,all,0.0,none,0,0.4229532480239868,0.4345187842845917,131,2026-03-10 01:57:52
3,augmentation,SegRNN,ETTh2,336,2021,mixed,0.5,1.0,uniform,all,0.0,none,0,0.4301433861255646,0.4397757947444916,150,2026-03-10 01:57:57
3,augmentation,SegRNN,ETTh2,336,2022,mixed,0.5,1.0,uniform,all,0.0,none,0,0.4371529221534729,0.4393407106399536,144,2026-03-10 01:58:02
3,augmentation,SegRNN,ETTh2,336,2021,mixed,1.0,1.0,uniform,all,0.0,none,0,0.4301433861255646,0.4397757947444916,176,2026-03-10 01:58:44
3,augmentation,SegRNN,ETTh2,336,2023,mixed,1.0,1.0,uniform,all,0.0,none,0,0.4304151237010956,0.4351606070995331,232,2026-03-10 02:00:01
3,augmentation,SegRNN,ETTh2,336,2022,mixed,1.0,1.0,uniform,all,0.0,none,0,0.4293229579925537,0.4334572553634643,307,2026-03-10 02:01:13
3,augmentation,SegRNN,ETTm1,96,2023,mixed,0.5,1.0,uniform,all,0.0,none,0,0.3676103949546814,0.3977199792861938,414,2026-03-10 02:07:21
3,augmentation,SegRNN,ETTm1,96,2021,mixed,1.0,1.0,uniform,all,0.0,none,0,0.3627699017524719,0.3929786086082458,521,2026-03-10 02:10:20
3,augmentation,SegRNN,ETTm1,96,2022,mixed,1.0,1.0,uniform,all,0.0,none,0,0.3639247417449951,0.3938940465450287,699,2026-03-10 02:13:53
3,augmentation,SegRNN,ETTm1,96,2023,mixed,1.0,1.0,uniform,all,0.0,none,0,0.363961786031723,0.3948193788528442,729,2026-03-10 02:14:36
3,augmentation,SegRNN,ETTm1,336,2021,mixed,0.5,1.0,uniform,all,0.0,none,0,0.4444342851638794,0.438086599111557,568,2026-03-10 02:17:15
3,augmentation,SegRNN,ETTm2,96,2021,mixed,0.25,1.0,uniform,all,0.0,none,0,0.1739362180233001,0.2569390535354614,243,2026-03-10 02:19:05
3,augmentation,SegRNN,ETTm1,336,2023,mixed,0.5,1.0,uniform,all,0.0,none,0,0.4423515796661377,0.4373149871826172,550,2026-03-10 02:19:57
3,augmentation,SegRNN,ETTm1,336,2022,mixed,0.5,1.0,uniform,all,0.0,none,0,0.4343385994434356,0.433521419763565,687,2026-03-10 02:21:16
3,augmentation,SegRNN,ETTm2,96,2022,mixed,0.25,1.0,uniform,all,0.0,none,0,0.1739241480827331,0.2568799555301666,239,2026-03-10 02:21:40
3,augmentation,SegRNN,ETTm1,336,2021,mixed,1.0,1.0,uniform,all,0.0,none,0,0.4302800595760345,0.4306753873825073,1023,2026-03-10 02:28:24
3,augmentation,SegRNN,ETTm1,336,2022,mixed,1.0,1.0,uniform,all,0.0,none,0,0.4291502833366394,0.4298267662525177,1219,2026-03-10 02:31:47
3,augmentation,SegRNN,ETTm1,336,2023,mixed,1.0,1.0,uniform,all,0.0,none,0,0.4297794997692108,0.4305668473243713,1306,2026-03-10 02:36:05
3,augmentation,SegRNN,ETTm2,96,2021,mixed,1.0,1.0,uniform,all,0.0,none,0,0.1784407347440719,0.2620673775672912,736,2026-03-10 02:36:15
3,augmentation,SegRNN,ETTm2,96,2023,mixed,1.0,1.0,uniform,all,0.0,none,0,0.1783217042684555,0.2621734738349914,709,2026-03-10 02:39:42
3,augmentation,SegRNN,ETTm2,96,2022,mixed,1.0,1.0,uniform,all,0.0,none,0,0.1781910061836242,0.2614004611968994,741,2026-03-10 02:40:08
3,augmentation,SegRNN,ETTm2,336,2021,mixed,0.5,1.0,uniform,all,0.0,none,0,0.3119058310985565,0.3464246988296509,633,2026-03-10 02:41:57
3,augmentation,SegRNN,ETTm2,336,2022,mixed,0.5,1.0,uniform,all,0.0,none,0,0.3110043108463287,0.348850280046463,618,2026-03-10 02:42:32
3,augmentation,SegRNN,ETTm2,336,2023,mixed,0.5,1.0,uniform,all,0.0,none,0,0.3055598139762878,0.3409970700740814,695,2026-03-10 02:45:28
3,augmentation,SegRNN,ETTm2,336,2023,mixed,1.0,1.0,uniform,all,0.0,none,0,0.3098332285881042,0.3449734449386596,1078,2026-03-10 02:53:53
3,augmentation,SegRNN,ETTm2,336,2021,mixed,1.0,1.0,uniform,all,0.0,none,0,0.3080773055553436,0.3427485525608063,1231,2026-03-10 02:54:57
3,augmentation,SegRNN,Weather,96,2021,mixed,0.5,1.0,uniform,all,0.0,none,0,0.1697471737861633,0.2320180833339691,1094,2026-03-10 02:55:38
3,augmentation,SegRNN,ETTm2,336,2022,mixed,1.0,1.0,uniform,all,0.0,none,0,0.3089641034603119,0.3433811068534851,1232,2026-03-10 02:56:16
3,augmentation,SegRNN,Weather,96,2023,mixed,0.5,1.0,uniform,all,0.0,none,0,0.1800387650728225,0.2440863698720932,988,2026-03-10 02:57:03
3,augmentation,SegRNN,Weather,96,2022,mixed,0.5,1.0,uniform,all,0.0,none,0,0.1742493510246276,0.2366057932376861,1115,2026-03-10 02:58:43
3,augmentation,SegRNN,Weather,96,2022,mixed,1.0,1.0,uniform,all,0.0,none,0,0.1739017814397812,0.2364588677883148,2017,2026-03-10 03:16:35
3,augmentation,SegRNN,Weather,96,2021,mixed,1.0,1.0,uniform,all,0.0,none,0,0.17473204433918,0.2374555617570877,2179,2026-03-10 03:18:43
3,augmentation,SegRNN,Weather,96,2023,mixed,1.0,1.0,uniform,all,0.0,none,0,0.175179898738861,0.2381800562143325,2065,2026-03-10 03:20:20
3,augmentation,SegRNN,Weather,336,2021,mixed,0.5,1.0,uniform,all,0.0,none,0,0.2781839072704315,0.3222111761569977,1959,2026-03-10 03:27:00
3,augmentation,SegRNN,Weather,336,2022,mixed,0.5,1.0,uniform,all,0.0,none,0,0.272903174161911,0.3182667791843414,1981,2026-03-10 03:28:25
3,augmentation,SegRNN,Weather,336,2023,mixed,0.5,1.0,uniform,all,0.0,none,0,0.2795985043048858,0.3259698450565338,1949,2026-03-10 03:28:34
3,augmentation,SegRNN,Weather,336,2021,mixed,1.0,1.0,uniform,all,0.0,none,0,0.2760532200336456,0.3215492367744446,3235,2026-03-10 03:50:37
3,augmentation,SegRNN,Weather,336,2022,mixed,1.0,1.0,uniform,all,0.0,none,0,0.2771818935871124,0.3231702744960785,3742,2026-03-10 03:59:52
3,augmentation,SegRNN,Weather,336,2023,mixed,1.0,1.0,uniform,all,0.0,none,0,0.2771399319171905,0.3232257962226867,3764,2026-03-10 04:01:54
3,augmentation,SegRNN,Electricity,96,2023,mixed,0.25,1.0,uniform,all,0.0,none,0,0.2076223343610763,0.2949130833148956,3746,2026-03-10 04:06:59
3,augmentation,SegRNN,Electricity,96,2022,mixed,0.25,1.0,uniform,all,0.0,none,0,0.2178685367107391,0.3051652014255523,3779,2026-03-10 04:07:27
3,augmentation,SegRNN,Electricity,96,2021,mixed,0.25,1.0,uniform,all,0.0,none,0,0.2076870650053024,0.2947700321674347,4097,2026-03-10 04:12:44
3,augmentation,SegRNN,Electricity,336,2023,mixed,0.25,1.0,uniform,all,0.0,none,0,0.23324915766716,0.3187156915664673,6728,2026-03-10 05:22:35
3,augmentation,SegRNN,Electricity,336,2022,mixed,0.25,1.0,uniform,all,0.0,none,0,0.2334198057651519,0.3191046714782715,6745,2026-03-10 05:22:51
3,augmentation,SegRNN,Electricity,336,2021,mixed,0.25,1.0,uniform,all,0.0,none,0,0.239682137966156,0.3258130252361297,6911,2026-03-10 05:24:11
3,augmentation,SegRNN,Traffic,96,2021,mixed,0.25,1.0,uniform,all,0.0,none,0,0.7727363705635071,0.4098118841648102,6770,2026-03-10 09:03:31
3,augmentation,SegRNN,Traffic,96,2023,mixed,0.25,1.0,uniform,all,0.0,none,0,0.7750609517097473,0.4106679856777191,6868,2026-03-10 09:05:08
3,augmentation,SegRNN,Traffic,96,2022,mixed,0.25,1.0,uniform,all,0.0,none,0,0.7754932045936584,0.4119966924190521,6947,2026-03-10 09:06:27
3,augmentation,TimesNet,ETTh1,336,2021,mixed,0.25,1.0,uniform,all,0.0,none,0,0.5202845931053162,0.4860576093196869,446,2026-03-10 09:18:58
3,augmentation,TimesNet,ETTh1,96,2022,mixed,0.25,1.0,uniform,all,0.0,none,0,0.4240950644016266,0.4325030446052551,448,2026-03-10 09:18:59
3,augmentation,TimesNet,ETTh1,96,2023,mixed,0.25,1.0,uniform,all,0.0,none,0,0.4062196016311645,0.4203084111213684,449,2026-03-10 09:19:01
3,augmentation,TimesNet,ETTh1,96,2021,mixed,0.25,1.0,uniform,all,0.0,none,0,0.4412630498409271,0.4426687955856323,455,2026-03-10 09:19:07
3,augmentation,TimesNet,ETTh1,96,2022,mixed,0.5,1.0,uniform,all,0.0,none,0,0.4172785878181457,0.4276410639286041,551,2026-03-10 09:20:43
3,augmentation,TimesNet,ETTh1,96,2021,mixed,0.5,1.0,uniform,all,0.0,none,0,0.4415697455406189,0.4415250420570373,555,2026-03-10 09:20:47
3,augmentation,TimesNet,ETTh1,96,2023,mixed,0.5,1.0,uniform,all,0.0,none,0,0.4440482556819916,0.4446252882480621,573,2026-03-10 09:21:05
3,augmentation,TimesNet,ETTh1,96,2023,mixed,1.0,1.0,uniform,all,0.0,none,0,0.4440482556819916,0.4446252882480621,666,2026-03-10 09:22:38
3,augmentation,TimesNet,ETTh1,96,2022,mixed,1.0,1.0,uniform,all,0.0,none,0,0.4151388704776764,0.4266127049922943,727,2026-03-10 09:23:39
3,augmentation,TimesNet,ETTh1,96,2021,mixed,1.0,1.0,uniform,all,0.0,none,0,0.4416845440864563,0.4415576756000519,736,2026-03-10 09:23:48
3,augmentation,TimesNet,ETTh2,96,2022,mixed,0.25,1.0,uniform,all,0.0,none,0,0.3038233518600464,0.3517783284187317,492,2026-03-10 09:29:26
3,augmentation,TimesNet,ETTh1,336,2021,mixed,0.5,1.0,uniform,all,0.0,none,0,0.5079876184463501,0.4795036315917969,616,2026-03-10 09:29:40
3,augmentation,TimesNet,ETTh1,336,2023,mixed,0.5,1.0,uniform,all,0.0,none,0,0.4958171248435974,0.4712755382061004,630,2026-03-10 09:29:57
3,augmentation,TimesNet,ETTh2,96,2023,mixed,0.25,1.0,uniform,all,0.0,none,0,0.3062278628349304,0.3538083434104919,520,2026-03-10 09:30:11
3,augmentation,TimesNet,ETTh1,336,2021,mixed,1.0,1.0,uniform,all,0.0,none,0,0.5079876184463501,0.4795036315917969,823,2026-03-10 09:33:17
3,augmentation,TimesNet,ETTh1,336,2022,mixed,0.5,1.0,uniform,all,0.0,none,0,0.5057704448699951,0.477690190076828,1071,2026-03-10 09:37:16
3,augmentation,TimesNet,ETTh1,336,2023,mixed,1.0,1.0,uniform,all,0.0,none,0,0.4897999167442322,0.4667282402515411,1037,2026-03-10 09:37:56
3,augmentation,TimesNet,ETTh2,96,2021,mixed,1.0,1.0,uniform,all,0.0,none,0,0.3164231479167938,0.3629688620567322,770,2026-03-10 09:42:42
3,augmentation,TimesNet,ETTh2,96,2022,mixed,1.0,1.0,uniform,all,0.0,none,0,0.3009606301784515,0.3504514992237091,762,2026-03-10 09:42:48
3,augmentation,TimesNet,ETTh2,96,2023,mixed,1.0,1.0,uniform,all,0.0,none,0,0.3034208714962005,0.3528220653533935,760,2026-03-10 09:43:03
3,augmentation,TimesNet,ETTh2,336,2021,mixed,0.5,1.0,uniform,all,0.0,none,0,0.4511245191097259,0.4515727162361145,585,2026-03-10 09:43:28
3,augmentation,TimesNet,ETTh2,336,2023,mixed,0.5,1.0,uniform,all,0.0,none,0,0.4538863897323608,0.4567886888980865,607,2026-03-10 09:44:09
3,augmentation,TimesNet,ETTh1,336,2022,mixed,1.0,1.0,uniform,all,0.0,none,0,0.5001787543296814,0.4730503857135772,1599,2026-03-10 09:47:05
3,augmentation,TimesNet,ETTh2,336,2021,mixed,1.0,1.0,uniform,all,0.0,none,0,0.4482729732990265,0.447957694530487,797,2026-03-10 09:50:59
3,augmentation,TimesNet,ETTh2,336,2022,mixed,0.5,1.0,uniform,all,0.0,none,0,0.4252327084541321,0.434849739074707,1106,2026-03-10 09:52:25
3,augmentation,TimesNet,ETTh2,336,2023,mixed,1.0,1.0,uniform,all,0.0,none,0,0.4244022667407989,0.4306769371032715,1083,2026-03-10 09:56:25
3,augmentation,TimesNet,ETTm1,96,2023,mixed,0.25,1.0,uniform,all,0.0,none,0,0.3397501707077026,0.3767707943916321,1207,2026-03-10 10:03:15
3,augmentation,TimesNet,ETTm1,96,2021,mixed,0.25,1.0,uniform,all,0.0,none,0,0.3387406766414642,0.3781177401542663,1355,2026-03-10 10:04:27
3,augmentation,TimesNet,ETTm1,96,2022,mixed,0.25,1.0,uniform,all,0.0,none,0,0.3304731249809265,0.3697880208492279,1363,2026-03-10 10:05:03
3,augmentation,TimesNet,ETTh2,336,2022,mixed,1.0,1.0,uniform,all,0.0,none,0,0.4228602349758148,0.4324142336845398,1710,2026-03-10 10:06:47
3,augmentation,TimesNet,ETTm1,96,2021,mixed,1.0,1.0,uniform,all,0.0,none,0,0.3387406766414642,0.3781177401542663,1452,2026-03-10 10:08:48
3,augmentation,TimesNet,ETTm1,96,2021,mixed,0.5,1.0,uniform,all,0.0,none,0,0.3387406766414642,0.3781177401542663,1581,2026-03-10 10:09:35
3,augmentation,TimesNet,ETTm1,96,2023,mixed,0.5,1.0,uniform,all,0.0,none,0,0.3511568903923034,0.3844202756881714,1872,2026-03-10 10:15:06
3,augmentation,TimesNet,ETTm1,96,2022,mixed,0.5,1.0,uniform,all,0.0,none,0,0.3319118618965149,0.3705614507198334,2243,2026-03-10 10:20:52
3,augmentation,TimesNet,ETTm1,336,2021,mixed,0.25,1.0,uniform,all,0.0,none,0,0.4246897101402282,0.4259091019630432,1889,2026-03-10 10:24:20
3,augmentation,TimesNet,ETTm1,96,2022,mixed,1.0,1.0,uniform,all,0.0,none,0,0.3319118618965149,0.3705614507198334,2340,2026-03-10 10:26:32
3,augmentation,TimesNet,ETTm1,336,2022,mixed,0.25,1.0,uniform,all,0.0,none,0,0.4342655539512634,0.4296944737434387,2378,2026-03-10 10:36:30
3,augmentation,TimesNet,ETTm1,336,2021,mixed,0.5,1.0,uniform,all,0.0,none,0,0.4301787614822387,0.4256945550441742,2381,2026-03-10 10:44:36
3,augmentation,TimesNet,ETTm1,96,2023,mixed,1.0,1.0,uniform,all,0.0,none,0,0.3400734364986419,0.3776120841503143,3361,2026-03-10 10:47:26
3,augmentation,TimesNet,ETTm1,336,2023,mixed,0.25,1.0,uniform,all,0.0,none,0,0.4234932661056518,0.421104371547699,2850,2026-03-10 10:51:12
3,augmentation,TimesNet,ETTm1,336,2022,mixed,0.5,1.0,uniform,all,0.0,none,0,0.432452380657196,0.4237629473209381,2851,2026-03-10 10:53:01
3,augmentation,TimesNet,ETTm1,336,2021,mixed,1.0,1.0,uniform,all,0.0,none,0,0.4301787614822387,0.4256945550441742,2657,2026-03-10 10:53:32
3,augmentation,TimesNet,ETTm1,336,2023,mixed,0.5,1.0,uniform,all,0.0,none,0,0.4245181977748871,0.4207067787647247,3091,2026-03-10 10:58:45
3,augmentation,TimesNet,ETTm2,96,2021,mixed,0.5,1.0,uniform,all,0.0,none,0,0.1766540259122848,0.2602522373199463,2178,2026-03-10 11:13:15
3,augmentation,TimesNet,ETTm2,96,2022,mixed,0.5,1.0,uniform,all,0.0,none,0,0.1757629215717315,0.259874016046524,1830,2026-03-10 11:15:33
3,augmentation,TimesNet,ETTm2,96,2023,mixed,0.5,1.0,uniform,all,0.0,none,0,0.183130994439125,0.2685421109199524,1754,2026-03-10 11:17:07
3,augmentation,TimesNet,ETTm1,336,2022,mixed,1.0,1.0,uniform,all,0.0,none,0,0.4447058141231537,0.4271582067012787,4597,2026-03-10 11:26:39
3,augmentation,TimesNet,ETTm1,336,2023,mixed,1.0,1.0,uniform,all,0.0,none,0,0.4248528182506561,0.4197578430175781,4376,2026-03-10 11:28:30
3,augmentation,TimesNet,ETTm2,336,2021,mixed,0.25,1.0,uniform,all,0.0,none,0,0.3125031888484955,0.3433463275432586,2468,2026-03-10 11:34:36
3,augmentation,TimesNet,ETTm2,336,2022,mixed,0.25,1.0,uniform,all,0.0,none,0,0.3258390128612518,0.3523532152175903,2583,2026-03-10 11:37:02
3,augmentation,TimesNet,ETTm2,336,2021,mixed,0.5,1.0,uniform,all,0.0,none,0,0.3125031888484955,0.3433463275432586,2336,2026-03-10 11:38:08
3,augmentation,TimesNet,ETTm2,96,2021,mixed,1.0,1.0,uniform,all,0.0,none,0,0.1755284518003463,0.2590190768241882,3026,2026-03-10 11:39:02
3,augmentation,TimesNet,ETTm2,96,2022,mixed,1.0,1.0,uniform,all,0.0,none,0,0.1736841201782226,0.2567964196205139,2928,2026-03-10 11:40:27
3,augmentation,TimesNet,ETTm2,96,2023,mixed,1.0,1.0,uniform,all,0.0,none,0,0.1796555519104004,0.2651064693927765,3284,2026-03-10 11:46:48
3,augmentation,TimesNet,ETTm2,336,2023,mixed,0.5,1.0,uniform,all,0.0,none,0,0.3098643124103546,0.3423914611339569,2645,2026-03-10 11:50:08
3,augmentation,TimesNet,ETTm2,336,2023,mixed,0.25,1.0,uniform,all,0.0,none,0,0.3098940253257751,0.3424036800861358,3436,2026-03-10 11:52:09
3,augmentation,TimesNet,ETTm2,336,2021,mixed,1.0,1.0,uniform,all,0.0,none,0,0.3138267993927002,0.3426693677902221,3094,2026-03-10 11:59:07
3,augmentation,TimesNet,ETTm2,336,2022,mixed,0.5,1.0,uniform,all,0.0,none,0,0.3157750964164734,0.3447068333625793,3519,2026-03-10 12:03:14
3,augmentation,TimesNet,Weather,96,2021,mixed,0.5,1.0,uniform,all,0.0,none,0,0.1658524572849273,0.2145524024963379,1704,2026-03-10 12:03:27
3,augmentation,TimesNet,Weather,96,2023,mixed,0.25,1.0,uniform,all,0.0,none,0,0.1708278656005859,0.22042977809906,2118,2026-03-10 12:04:15
3,augmentation,TimesNet,Weather,96,2023,mixed,0.5,1.0,uniform,all,0.0,none,0,0.1708278656005859,0.22042977809906,1741,2026-03-10 12:07:37
3,augmentation,TimesNet,Weather,96,2022,mixed,0.5,1.0,uniform,all,0.0,none,0,0.1671028584241867,0.2170703113079071,1939,2026-03-10 12:09:49
3,augmentation,TimesNet,Weather,336,2021,mixed,0.25,1.0,uniform,all,0.0,none,0,0.283027321100235,0.3057039976119995,1748,2026-03-10 12:17:32
3,augmentation,TimesNet,Weather,336,2022,mixed,0.25,1.0,uniform,all,0.0,none,0,0.2756441533565521,0.3010795712471008,1717,2026-03-10 12:19:12
3,augmentation,TimesNet,Weather,336,2021,mixed,0.5,1.0,uniform,all,0.0,none,0,0.2775677442550659,0.3024751842021942,1958,2026-03-10 12:25:14
3,augmentation,TimesNet,Weather,96,2021,mixed,1.0,1.0,uniform,all,0.0,none,0,0.1637592911720276,0.2130050808191299,2752,2026-03-10 12:25:21
3,augmentation,TimesNet,Weather,96,2023,mixed,1.0,1.0,uniform,all,0.0,none,0,0.1668825894594192,0.2160937786102295,2470,2026-03-10 12:28:25
3,augmentation,TimesNet,Weather,96,2022,mixed,1.0,1.0,uniform,all,0.0,none,0,0.1661003977060318,0.2159114927053451,3035,2026-03-10 12:31:30
3,augmentation,TimesNet,Weather,336,2023,mixed,0.25,1.0,uniform,all,0.0,none,0,0.2783287763595581,0.3020420670509338,2532,2026-03-10 12:34:24
3,augmentation,TimesNet,Weather,336,2022,mixed,0.5,1.0,uniform,all,0.0,none,0,0.2752085924148559,0.3008913993835449,2134,2026-03-10 12:35:08
3,augmentation,TimesNet,ETTm2,336,2022,mixed,1.0,1.0,uniform,all,0.0,none,0,0.3156302869319916,0.3439318239688873,5120,2026-03-10 12:39:02
3,augmentation,TimesNet,Weather,336,2023,mixed,0.5,1.0,uniform,all,0.0,none,0,0.2751882970333099,0.2998572885990143,2649,2026-03-10 12:47:53
3,augmentation,TimesNet,ETTm2,336,2023,mixed,1.0,1.0,uniform,all,0.0,none,0,0.3191376030445099,0.3472461700439453,5728,2026-03-10 12:51:28
3,augmentation,TimesNet,Weather,336,2021,mixed,1.0,1.0,uniform,all,0.0,none,0,0.2762367129325866,0.3004894852638244,3255,2026-03-10 12:58:08
3,augmentation,TimesNet,Weather,336,2022,mixed,1.0,1.0,uniform,all,0.0,none,0,0.2752085924148559,0.3008913993835449,3212,2026-03-10 12:58:14
3,augmentation,TimesNet,Weather,336,2023,mixed,1.0,1.0,uniform,all,0.0,none,0,0.2751882970333099,0.2998572885990143,3887,2026-03-10 13:12:52
3,augmentation,TimesNet,Electricity,96,2021,mixed,0.25,1.0,uniform,all,0.0,none,0,0.2009745985269546,0.3049265146255493,4057,2026-03-10 13:17:54
3,augmentation,TimesNet,Electricity,96,2022,mixed,0.25,1.0,uniform,all,0.0,none,0,0.2083699405193328,0.3112083077430725,3961,2026-03-10 13:24:00
3,augmentation,TimesNet,Electricity,96,2023,mixed,0.25,1.0,uniform,all,0.0,none,0,0.2587238550186157,0.3435400128364563,4017,2026-03-10 13:26:36
3,augmentation,TimesNet,Electricity,336,2022,mixed,0.25,1.0,uniform,all,0.0,none,0,0.2766750454902649,0.3594557344913482,6419,2026-03-10 14:35:21
3,augmentation,TimesNet,Electricity,336,2023,mixed,0.25,1.0,uniform,all,0.0,none,0,0.2678117752075195,0.3518448770046234,6952,2026-03-10 14:47:47
3,augmentation,TimesNet,Traffic,96,2021,mixed,0.25,1.0,uniform,all,0.0,none,0,0.6574552655220032,0.373407244682312,6817,2026-03-10 15:52:51
3,augmentation,TimesNet,Traffic,96,2022,mixed,0.25,1.0,uniform,all,0.0,none,0,0.654066801071167,0.3664664626121521,6843,2026-03-10 16:20:13
3,augmentation,TimesNet,Traffic,96,2023,mixed,0.25,1.0,uniform,all,0.0,none,0,0.6530686020851135,0.3711431324481964,6870,2026-03-10 16:21:09
3,augmentation,iTransformer,ETTh1,96,2021,mixed,0.25,1.0,uniform,all,0.0,none,0,0.3895083367824554,0.4066052734851837,93,2026-03-10 16:31:47
3,augmentation,iTransformer,ETTh1,96,2022,mixed,0.25,1.0,uniform,all,0.0,none,0,0.3930528461933136,0.4077873229980469,98,2026-03-10 16:33:52
3,augmentation,iTransformer,ETTh1,96,2023,mixed,0.25,1.0,uniform,all,0.0,none,0,0.3947870433330536,0.4081610143184662,93,2026-03-10 16:34:48
3,augmentation,iTransformer,ETTh1,96,2023,mixed,0.5,1.0,uniform,all,0.0,none,0,0.3950631022453308,0.407791793346405,121,2026-03-10 16:38:16
3,augmentation,iTransformer,ETTh1,336,2021,mixed,0.25,1.0,uniform,all,0.0,none,0,0.4877406060695648,0.4596586227416992,89,2026-03-10 16:39:15
3,augmentation,iTransformer,ETTh1,96,2021,mixed,1.0,1.0,uniform,all,0.0,none,0,0.392267644405365,0.4063997566699981,208,2026-03-10 16:39:45
3,augmentation,iTransformer,ETTh1,96,2022,mixed,1.0,1.0,uniform,all,0.0,none,0,0.3948160111904144,0.4072200655937195,202,2026-03-10 16:40:07
3,augmentation,iTransformer,ETTh1,96,2023,mixed,1.0,1.0,uniform,all,0.0,none,0,0.39567631483078,0.4071063995361328,199,2026-03-10 16:40:11
3,augmentation,iTransformer,ETTh1,336,2022,mixed,0.25,1.0,uniform,all,0.0,none,0,0.4919658005237579,0.4637811779975891,94,2026-03-10 16:40:16
3,augmentation,iTransformer,ETTh1,336,2021,mixed,0.5,1.0,uniform,all,0.0,none,0,0.5052371025085449,0.4667580425739288,121,2026-03-10 16:42:14
3,augmentation,iTransformer,ETTh2,96,2021,mixed,0.25,1.0,uniform,all,0.0,none,0,0.2990821301937103,0.3480598330497741,64,2026-03-10 16:44:04
3,augmentation,iTransformer,ETTh2,96,2022,mixed,0.25,1.0,uniform,all,0.0,none,0,0.3029361963272095,0.3473635017871856,69,2026-03-10 16:45:18
3,augmentation,iTransformer,ETTh2,96,2023,mixed,0.25,1.0,uniform,all,0.0,none,0,0.3015586137771606,0.3506509363651275,67,2026-03-10 16:45:37
3,augmentation,iTransformer,ETTh1,336,2021,mixed,1.0,1.0,uniform,all,0.0,none,0,0.4873869717121124,0.4576729536056518,322,2026-03-10 16:46:04
3,augmentation,iTransformer,ETTh1,336,2022,mixed,1.0,1.0,uniform,all,0.0,none,0,0.4901917576789856,0.4600197672843933,290,2026-03-10 16:46:30
3,augmentation,iTransformer,ETTh2,96,2022,mixed,0.5,1.0,uniform,all,0.0,none,0,0.2964999377727508,0.3448781967163086,80,2026-03-10 16:47:23
3,augmentation,iTransformer,ETTh2,96,2023,mixed,0.5,1.0,uniform,all,0.0,none,0,0.301107108592987,0.3484317660331726,77,2026-03-10 16:47:47
3,augmentation,iTransformer,ETTh1,336,2023,mixed,1.0,1.0,uniform,all,0.0,none,0,0.4904655814170837,0.4586643278598785,329,2026-03-10 16:48:11
3,augmentation,iTransformer,ETTh2,96,2021,mixed,1.0,1.0,uniform,all,0.0,none,0,0.3088403940200805,0.3496036529541015,151,2026-03-10 16:49:27
3,augmentation,iTransformer,ETTh2,336,2021,mixed,0.25,1.0,uniform,all,0.0,none,0,0.4330966770648956,0.4347560107707977,76,2026-03-10 16:49:30
3,augmentation,iTransformer,ETTh2,96,2022,mixed,1.0,1.0,uniform,all,0.0,none,0,0.3079459369182586,0.3518965244293213,125,2026-03-10 16:49:32
3,augmentation,iTransformer,ETTh2,96,2023,mixed,1.0,1.0,uniform,all,0.0,none,0,0.3092839121818542,0.3532095551490783,121,2026-03-10 16:49:50
3,augmentation,iTransformer,ETTh2,336,2022,mixed,0.25,1.0,uniform,all,0.0,none,0,0.4297688007354736,0.437118262052536,73,2026-03-10 16:49:52
3,augmentation,iTransformer,ETTh2,336,2022,mixed,0.5,1.0,uniform,all,0.0,none,0,0.4253773093223572,0.4330731332302093,91,2026-03-10 16:51:27
3,augmentation,iTransformer,ETTh2,336,2023,mixed,0.5,1.0,uniform,all,0.0,none,0,0.4288314282894134,0.4330143332481384,88,2026-03-10 16:51:27
3,augmentation,iTransformer,ETTh2,336,2021,mixed,0.5,1.0,uniform,all,0.0,none,0,0.4262771010398865,0.4323828518390655,106,2026-03-10 16:51:39
3,augmentation,iTransformer,ETTh2,336,2022,mixed,1.0,1.0,uniform,all,0.0,none,0,0.4253773093223572,0.4330731332302093,145,2026-03-10 16:52:45
3,augmentation,iTransformer,ETTh2,336,2021,mixed,1.0,1.0,uniform,all,0.0,none,0,0.429994523525238,0.4340013265609741,174,2026-03-10 16:53:11
3,augmentation,iTransformer,ETTh2,336,2023,mixed,1.0,1.0,uniform,all,0.0,none,0,0.4295890033245086,0.4352876245975494,176,2026-03-10 16:53:22
3,augmentation,iTransformer,ETTm1,96,2021,mixed,0.5,1.0,uniform,all,0.0,none,0,0.3420572280883789,0.3757666647434234,350,2026-03-10 16:59:27
3,augmentation,iTransformer,ETTm1,96,2023,mixed,1.0,1.0,uniform,all,0.0,none,0,0.3339090943336487,0.3698298335075378,478,2026-03-10 17:04:21
3,augmentation,iTransformer,ETTm1,96,2021,mixed,1.0,1.0,uniform,all,0.0,none,0,0.329555332660675,0.3679363429546356,540,2026-03-10 17:04:52
3,augmentation,iTransformer,ETTm1,96,2022,mixed,1.0,1.0,uniform,all,0.0,none,0,0.3343131840229034,0.3709148168563843,584,2026-03-10 17:05:53
3,augmentation,iTransformer,ETTm2,96,2021,mixed,0.25,1.0,uniform,all,0.0,none,0,0.1812418550252914,0.2622853219509125,161,2026-03-10 17:09:00
3,augmentation,iTransformer,ETTm2,96,2022,mixed,0.25,1.0,uniform,all,0.0,none,0,0.18166184425354,0.2617919445037842,166,2026-03-10 17:09:10
3,augmentation,iTransformer,ETTm2,96,2023,mixed,0.5,1.0,uniform,all,0.0,none,0,0.1784570813179016,0.259029746055603,236,2026-03-10 17:13:51
3,augmentation,iTransformer,ETTm1,336,2023,mixed,0.5,1.0,uniform,all,0.0,none,0,0.4219383299350738,0.4211753308773041,565,2026-03-10 17:14:13
3,augmentation,iTransformer,ETTm2,96,2021,mixed,0.5,1.0,uniform,all,0.0,none,0,0.1821065992116928,0.2655755579471588,311,2026-03-10 17:14:37
3,augmentation,iTransformer,ETTm1,336,2023,mixed,1.0,1.0,uniform,all,0.0,none,0,0.4219383299350738,0.4211753308773041,764,2026-03-10 17:18:50
3,augmentation,iTransformer,ETTm2,96,2023,mixed,1.0,1.0,uniform,all,0.0,none,0,0.1814227849245071,0.2620100378990173,322,2026-03-10 17:20:01
3,augmentation,iTransformer,ETTm2,96,2021,mixed,1.0,1.0,uniform,all,0.0,none,0,0.1768420487642288,0.2573285400867462,532,2026-03-10 17:20:16
3,augmentation,iTransformer,ETTm2,96,2022,mixed,1.0,1.0,uniform,all,0.0,none,0,0.1790137737989425,0.2595900297164917,390,2026-03-10 17:20:47
3,augmentation,iTransformer,ETTm1,336,2022,mixed,1.0,1.0,uniform,all,0.0,none,0,0.4250974357128143,0.4232384264469147,903,2026-03-10 17:20:48
3,augmentation,SegRNN,ETTm1,96,2021,mixed,0.25,1.0,uniform,all,0.0,none,0,0.3542591333389282,0.3886877298355102,240,2026-03-10 17:35:24
3,augmentation,SegRNN,ETTm1,96,2022,mixed,0.25,1.0,uniform,all,0.0,none,0,0.351471483707428,0.3871300816535949,254,2026-03-10 17:35:39
3,augmentation,SegRNN,ETTm1,96,2023,mixed,0.25,1.0,uniform,all,0.0,none,0,0.3524212539196014,0.388240098953247,240,2026-03-10 17:39:42
3,augmentation,SegRNN,ETTm1,96,2021,mixed,0.5,1.0,uniform,all,0.0,none,0,0.3675544559955597,0.3970950543880462,363,2026-03-10 17:42:00
3,augmentation,SegRNN,ETTm1,96,2022,mixed,0.5,1.0,uniform,all,0.0,none,0,0.3655858635902405,0.3961080610752105,429,2026-03-10 17:47:09
3,augmentation,DLinear,ETTh2,336,2022,mixed,0.25,1.0,uniform,all,0.0,none,0,0.5933007597923279,0.5424699783325195,110,2026-03-10 17:51:08
3,augmentation,DLinear,ETTh2,336,2022,mixed,0.5,1.0,uniform,all,0.0,none,0,0.5933007597923279,0.5424699783325195,105,2026-03-10 17:51:12
3,augmentation,DLinear,Electricity,336,2022,mixed,0.25,1.0,uniform,all,0.0,none,0,0.2387268990278244,0.3320928812026977,6993,2026-03-10 19:48:19
3,augmentation,DLinear,Electricity,336,2023,mixed,0.25,1.0,uniform,all,0.0,none,0,0.2388147413730621,0.3322310447692871,7125,2026-03-10 19:50:33
3,augmentation,DLinear,Electricity,96,2021,mixed,0.5,1.0,uniform,all,0.0,none,0,0.2376980185508728,0.3280184268951416,7534,2026-03-10 19:57:03
3,augmentation,DLinear,Electricity,96,2023,mixed,0.5,1.0,uniform,all,0.0,none,0,0.2377297580242157,0.328143298625946,7687,2026-03-10 19:59:41
3,augmentation,DLinear,Electricity,96,2022,mixed,0.5,1.0,uniform,all,0.0,none,0,0.2378149330615997,0.3282451629638672,8022,2026-03-10 20:05:13
3,augmentation,SegRNN,ETTh1,96,2021,mixed,0.5,1.0,uniform,all,0.0,none,0,0.4049953520298004,0.4191004633903503,121,2026-03-10 20:57:40
3,augmentation,SegRNN,ETTh1,96,2022,mixed,0.5,1.0,uniform,all,0.0,none,0,0.4058153927326202,0.4193814992904663,108,2026-03-10 20:59:55
3,augmentation,SegRNN,ETTh1,336,2021,mixed,0.25,1.0,uniform,all,0.0,none,0,0.4695442616939544,0.4534607529640198,109,2026-03-10 21:03:54
3,augmentation,SegRNN,ETTh2,96,2023,mixed,0.25,1.0,uniform,all,0.0,none,0,0.2901172339916229,0.3409858644008636,81,2026-03-10 21:09:58
3,augmentation,SegRNN,ETTh2,96,2021,mixed,0.5,1.0,uniform,all,0.0,none,0,0.2927460968494415,0.3440816402435303,94,2026-03-10 21:11:58
3,augmentation,SegRNN,ETTh2,96,2022,mixed,0.5,1.0,uniform,all,0.0,none,0,0.2927978038787842,0.3434205651283264,105,2026-03-10 21:14:10
3,augmentation,SegRNN,ETTh2,96,2023,mixed,0.5,1.0,uniform,all,0.0,none,0,0.2934686839580536,0.3441337347030639,112,2026-03-10 21:16:28
3,augmentation,SegRNN,ETTm1,336,2021,mixed,0.25,1.0,uniform,all,0.0,none,0,0.4165998101234436,0.4224713444709778,392,2026-03-10 21:32:27
3,augmentation,SegRNN,ETTm1,336,2022,mixed,0.25,1.0,uniform,all,0.0,none,0,0.4177379012107849,0.4232867658138275,378,2026-03-10 21:39:12
3,augmentation,SegRNN,ETTm1,336,2023,mixed,0.25,1.0,uniform,all,0.0,none,0,0.4186964333057403,0.42386594414711,289,2026-03-10 21:44:28
3,augmentation,SegRNN,ETTm2,96,2023,mixed,0.25,1.0,uniform,all,0.0,none,0,0.173829510807991,0.2570575177669525,247,2026-03-10 21:52:28
3,augmentation,SegRNN,ETTm2,96,2021,mixed,0.5,1.0,uniform,all,0.0,none,0,0.1762322038412094,0.2593032419681549,399,2026-03-10 21:59:34
3,augmentation,SegRNN,ETTm2,96,2022,mixed,0.5,1.0,uniform,all,0.0,none,0,0.175740584731102,0.2585611641407013,401,2026-03-10 22:06:41
3,augmentation,SegRNN,ETTm2,96,2023,mixed,0.5,1.0,uniform,all,0.0,none,0,0.1765182316303253,0.2598294913768768,404,2026-03-10 22:13:52
3,augmentation,SegRNN,ETTm2,336,2021,mixed,0.25,1.0,uniform,all,0.0,none,0,0.3010199069976806,0.3389012217521667,321,2026-03-10 22:20:56
3,augmentation,SegRNN,ETTm2,336,2022,mixed,0.25,1.0,uniform,all,0.0,none,0,0.3001022338867187,0.3377303183078766,392,2026-03-10 22:27:55
3,augmentation,SegRNN,ETTm2,336,2023,mixed,0.25,1.0,uniform,all,0.0,none,0,0.3012126088142395,0.3388340175151825,386,2026-03-10 22:34:47
3,augmentation,SegRNN,Weather,96,2021,mixed,0.25,1.0,uniform,all,0.0,none,0,0.166486382484436,0.2302222847938537,594,2026-03-10 22:47:42
3,augmentation,SegRNN,Weather,96,2022,mixed,0.25,1.0,uniform,all,0.0,none,0,0.1662008762359619,0.2300181537866592,612,2026-03-10 22:58:21
3,augmentation,SegRNN,Weather,96,2023,mixed,0.25,1.0,uniform,all,0.0,none,0,0.1663919389247894,0.2300029546022415,587,2026-03-10 22:59:14
3,augmentation,SegRNN,Weather,336,2021,mixed,0.25,1.0,uniform,all,0.0,none,0,0.2690010964870453,0.3152945339679718,1034,2026-03-10 23:11:17
3,augmentation,SegRNN,Weather,336,2023,mixed,0.25,1.0,uniform,all,0.0,none,0,0.2695729434490204,0.3165430724620819,1001,2026-03-10 23:15:28
3,augmentation,SegRNN,Weather,336,2022,mixed,0.25,1.0,uniform,all,0.0,none,0,0.2688084244728088,0.315446674823761,1057,2026-03-10 23:15:34
3,augmentation,DLinear,Electricity,96,2022,mixed,1.0,1.0,uniform,all,0.0,none,0,0.2509069442749023,0.3446745574474334,10341,2026-03-10 23:24:07
3,augmentation,DLinear,Electricity,96,2021,mixed,1.0,1.0,uniform,all,0.0,none,0,0.2510459721088409,0.3451748490333557,10648,2026-03-10 23:28:56
3,augmentation,SegRNN,Electricity,96,2021,mixed,0.5,1.0,uniform,all,0.0,none,0,0.2148619890213012,0.30222949385643,7477,2026-03-11 01:06:51
3,augmentation,SegRNN,Electricity,96,2022,mixed,0.5,1.0,uniform,all,0.0,none,0,0.2247296124696731,0.3142156600952148,7631,2026-03-11 01:09:25
3,augmentation,SegRNN,Electricity,96,2023,mixed,0.5,1.0,uniform,all,0.0,none,0,0.214787557721138,0.3021100163459778,7628,2026-03-11 01:13:36
3,augmentation,TimesNet,ETTh1,336,2022,mixed,0.25,1.0,uniform,all,0.0,none,0,0.5140279531478882,0.4881435334682464,527,2026-03-11 03:04:14
3,augmentation,TimesNet,ETTh1,336,2023,mixed,0.25,1.0,uniform,all,0.0,none,0,0.501439094543457,0.4769600331783294,518,2026-03-11 03:04:26
3,augmentation,TimesNet,ETTh2,96,2022,mixed,0.5,1.0,uniform,all,0.0,none,0,0.2995696067810058,0.3488047122955322,570,2026-03-11 03:14:48
3,augmentation,TimesNet,ETTh2,96,2021,mixed,0.5,1.0,uniform,all,0.0,none,0,0.3112353384494781,0.3571722507476806,629,2026-03-11 03:15:35
3,augmentation,TimesNet,ETTh2,96,2023,mixed,0.5,1.0,uniform,all,0.0,none,0,0.3062359094619751,0.3538122177124023,479,2026-03-11 03:16:03
3,augmentation,TimesNet,ETTh2,336,2021,mixed,0.25,1.0,uniform,all,0.0,none,0,0.4391704499721527,0.4438024461269378,442,2026-03-11 07:18:00
3,augmentation,TimesNet,ETTh2,336,2023,mixed,0.25,1.0,uniform,all,0.0,none,0,0.4516873657703399,0.4502345621585846,528,2026-03-11 07:19:26
3,augmentation,TimesNet,ETTh2,336,2022,mixed,0.25,1.0,uniform,all,0.0,none,0,0.426214337348938,0.4365914762020111,698,2026-03-11 07:22:17
3,augmentation,TimesNet,Weather,96,2021,mixed,0.25,1.0,uniform,all,0.0,none,0,0.1666967719793319,0.2163532674312591,1245,2026-03-11 07:33:05
3,augmentation,TimesNet,ETTm2,96,2022,mixed,0.25,1.0,uniform,all,0.0,none,0,0.1810583919286728,0.2614485621452331,1368,2026-03-11 07:34:17
3,augmentation,TimesNet,ETTm2,96,2023,mixed,0.25,1.0,uniform,all,0.0,none,0,0.1783315241336822,0.2600862979888916,1475,2026-03-11 07:36:04
3,augmentation,TimesNet,ETTm2,96,2021,mixed,0.25,1.0,uniform,all,0.0,none,0,0.1791741997003555,0.2584609985351562,1990,2026-03-11 07:44:39
3,augmentation,TimesNet,Weather,96,2022,mixed,0.25,1.0,uniform,all,0.0,none,0,0.1635691821575164,0.2127809077501297,2046,2026-03-11 07:46:26
3,augmentation,TimesNet,Electricity,336,2021,mixed,0.25,1.0,uniform,all,0.0,none,0,0.2728694975376129,0.3588290214538574,7127,2026-03-11 09:12:26
3,augmentation,TimesNet,Electricity,96,2021,mixed,0.5,1.0,uniform,all,0.0,none,0,0.2028213590383529,0.30778369307518,7676,2026-03-11 09:21:19
3,augmentation,TimesNet,Electricity,96,2023,mixed,0.5,1.0,uniform,all,0.0,none,0,0.2077220678329467,0.311403751373291,7669,2026-03-11 09:21:26
3,augmentation,TimesNet,Electricity,96,2022,mixed,0.5,1.0,uniform,all,0.0,none,0,0.2031896263360977,0.3081168234348297,7748,2026-03-11 09:22:44
3,augmentation,iTransformer,ETTh1,96,2021,mixed,0.5,1.0,uniform,all,0.0,none,0,0.3956477344036102,0.4092285335063934,123,2026-03-11 10:49:43
3,augmentation,iTransformer,ETTh1,96,2022,mixed,0.5,1.0,uniform,all,0.0,none,0,0.3952761888504028,0.4083082973957062,120,2026-03-11 10:49:44
3,augmentation,iTransformer,ETTh1,336,2023,mixed,0.25,1.0,uniform,all,0.0,none,0,0.5015888214111328,0.468903124332428,95,2026-03-11 10:53:02
3,augmentation,iTransformer,ETTh1,336,2022,mixed,0.5,1.0,uniform,all,0.0,none,0,0.4915018081665039,0.4605192542076111,129,2026-03-11 10:54:02
3,augmentation,iTransformer,ETTh1,336,2023,mixed,0.5,1.0,uniform,all,0.0,none,0,0.5020264983177185,0.4669920206069946,185,2026-03-11 10:56:34
3,augmentation,iTransformer,ETTh2,96,2021,mixed,0.5,1.0,uniform,all,0.0,none,0,0.3014160990715027,0.3474009037017822,83,2026-03-11 10:58:23
3,augmentation,iTransformer,ETTh2,336,2023,mixed,0.25,1.0,uniform,all,0.0,none,0,0.4240710139274597,0.4324746429920196,77,2026-03-11 11:00:32
3,augmentation,iTransformer,ETTm1,96,2021,mixed,0.25,1.0,uniform,all,0.0,none,0,0.3362195193767547,0.3712028563022613,216,2026-03-11 11:05:00
3,augmentation,iTransformer,ETTm1,96,2022,mixed,0.25,1.0,uniform,all,0.0,none,0,0.3367021977901459,0.3723349869251251,237,2026-03-11 11:05:45
3,augmentation,iTransformer,ETTm1,96,2023,mixed,0.25,1.0,uniform,all,0.0,none,0,0.3404752910137176,0.3741494119167328,232,2026-03-11 11:09:19
3,augmentation,iTransformer,ETTm1,96,2022,mixed,0.5,1.0,uniform,all,0.0,none,0,0.3402419090270996,0.3743094503879547,273,2026-03-11 11:11:10
3,augmentation,iTransformer,ETTm1,96,2023,mixed,0.5,1.0,uniform,all,0.0,none,0,0.3445855379104614,0.3764616549015045,279,2026-03-11 11:14:25
3,augmentation,iTransformer,ETTm1,336,2021,mixed,0.25,1.0,uniform,all,0.0,none,0,0.4418206214904785,0.4318046867847442,391,2026-03-11 11:19:25
3,augmentation,iTransformer,ETTm1,336,2022,mixed,0.25,1.0,uniform,all,0.0,none,0,0.4348674416542053,0.4288485646247864,405,2026-03-11 11:21:37
3,augmentation,iTransformer,ETTm1,336,2023,mixed,0.25,1.0,uniform,all,0.0,none,0,0.444567322731018,0.4333448112010956,343,2026-03-11 11:25:35
3,augmentation,iTransformer,ETTm1,336,2021,mixed,0.5,1.0,uniform,all,0.0,none,0,0.4335732161998749,0.4277710318565368,446,2026-03-11 11:29:30
3,augmentation,iTransformer,ETTm1,336,2022,mixed,0.5,1.0,uniform,all,0.0,none,0,0.4369911551475525,0.4319982528686523,592,2026-03-11 11:35:53
3,augmentation,iTransformer,ETTm2,96,2023,mixed,0.25,1.0,uniform,all,0.0,none,0,0.1784570813179016,0.259029746055603,219,2026-03-11 11:45:58
3,augmentation,iTransformer,ETTm1,336,2021,mixed,1.0,1.0,uniform,all,0.0,none,0,0.4298612773418426,0.4255470037460327,1283,2026-03-11 11:51:45
3,augmentation,iTransformer,ETTm2,96,2022,mixed,0.5,1.0,uniform,all,0.0,none,0,0.1790137737989425,0.2595900297164917,315,2026-03-11 11:52:06
3,augmentation,iTransformer,ETTm2,336,2021,mixed,0.25,1.0,uniform,all,0.0,none,0,0.311581015586853,0.3444148302078247,290,2026-03-11 11:57:54
3,augmentation,iTransformer,ETTm2,336,2022,mixed,0.25,1.0,uniform,all,0.0,none,0,0.3100116848945617,0.3449150025844574,300,2026-03-11 11:58:24
3,augmentation,iTransformer,ETTm2,336,2021,mixed,0.5,1.0,uniform,all,0.0,none,0,0.3071129918098449,0.344670683145523,320,2026-03-11 12:04:11
3,augmentation,iTransformer,ETTm2,336,2023,mixed,0.25,1.0,uniform,all,0.0,none,0,0.3151147365570068,0.3484053611755371,374,2026-03-11 12:04:35
3,augmentation,iTransformer,ETTm2,336,2022,mixed,0.5,1.0,uniform,all,0.0,none,0,0.313613623380661,0.3497077524662018,322,2026-03-11 12:09:59
3,augmentation,iTransformer,ETTm2,336,2023,mixed,0.5,1.0,uniform,all,0.0,none,0,0.3088058829307556,0.3448485434055328,314,2026-03-11 12:10:15
3,augmentation,iTransformer,ETTm2,336,2021,mixed,1.0,1.0,uniform,all,0.0,none,0,0.3085830211639404,0.3447284698486328,501,2026-03-11 12:18:47
3,augmentation,iTransformer,ETTm2,336,2022,mixed,1.0,1.0,uniform,all,0.0,none,0,0.3113093674182892,0.347055047750473,522,2026-03-11 12:19:24
3,augmentation,iTransformer,ETTm2,336,2023,mixed,1.0,1.0,uniform,all,0.0,none,0,0.3089880645275116,0.344733864068985,555,2026-03-11 12:22:46
3,augmentation,iTransformer,Weather,96,2023,mixed,0.25,1.0,uniform,all,0.0,none,0,0.1730111390352249,0.2141028344631195,511,2026-03-11 12:31:02
3,augmentation,iTransformer,Weather,96,2022,mixed,0.5,1.0,uniform,all,0.0,none,0,0.1784497499465942,0.2209427952766418,918,2026-03-11 12:38:31
3,augmentation,iTransformer,Weather,96,2021,mixed,0.5,1.0,uniform,all,0.0,none,0,0.1761580556631088,0.2186683565378189,1038,2026-03-11 12:39:50
3,augmentation,iTransformer,Weather,336,2022,mixed,0.25,1.0,uniform,all,0.0,none,0,0.2789739668369293,0.2969534397125244,633,2026-03-11 12:50:02
3,augmentation,iTransformer,Weather,96,2022,mixed,1.0,1.0,uniform,all,0.0,none,0,0.1784497499465942,0.2209427952766418,1309,2026-03-11 12:50:25
3,augmentation,iTransformer,Weather,336,2023,mixed,0.25,1.0,uniform,all,0.0,none,0,0.2801597416400909,0.2978971600532532,662,2026-03-11 12:51:21
3,augmentation,iTransformer,Weather,96,2023,mixed,1.0,1.0,uniform,all,0.0,none,0,0.180541917681694,0.2233896553516388,1309,2026-03-11 12:53:17
3,augmentation,TimesNet,Traffic,336,2023,mixed,0.25,1.0,uniform,all,0.0,none,0,0.6964038610458374,0.4050547480583191,9693,2026-03-11 12:55:51
3,augmentation,iTransformer,Weather,96,2021,mixed,1.0,1.0,uniform,all,0.0,none,0,0.1724568903446197,0.2135685682296753,1911,2026-03-11 12:57:53
3,augmentation,iTransformer,Weather,336,2021,mixed,0.5,1.0,uniform,all,0.0,none,0,0.2789779901504516,0.2977892458438873,1352,2026-03-11 13:13:02
3,augmentation,iTransformer,Weather,336,2022,mixed,0.5,1.0,uniform,all,0.0,none,0,0.2810316681861877,0.2985157072544098,1368,2026-03-11 13:13:41
3,augmentation,iTransformer,Weather,336,2023,mixed,0.5,1.0,uniform,all,0.0,none,0,0.2781049609184265,0.2984193563461303,2016,2026-03-11 13:25:22
3,augmentation,iTransformer,Weather,336,2022,mixed,1.0,1.0,uniform,all,0.0,none,0,0.2787571847438812,0.2976162731647491,2667,2026-03-11 13:38:11
3,augmentation,iTransformer,Weather,336,2021,mixed,1.0,1.0,uniform,all,0.0,none,0,0.2795898616313934,0.2973270118236542,2972,2026-03-11 13:41:21
3,augmentation,iTransformer,Weather,336,2023,mixed,1.0,1.0,uniform,all,0.0,none,0,0.2781049609184265,0.2984193563461303,2731,2026-03-11 13:41:50
3,augmentation,iTransformer,Electricity,96,2021,mixed,0.25,1.0,uniform,all,0.0,none,0,0.1653409153223037,0.2560777366161346,3813,2026-03-11 14:01:53
3,augmentation,iTransformer,Electricity,96,2022,mixed,0.25,1.0,uniform,all,0.0,none,0,0.1643452048301696,0.2553206384181976,3806,2026-03-11 14:16:55
3,augmentation,iTransformer,Electricity,96,2023,mixed,0.25,1.0,uniform,all,0.0,none,0,0.176553413271904,0.2676842212677002,4019,2026-03-11 14:21:08
3,augmentation,iTransformer,Electricity,96,2021,mixed,0.5,1.0,uniform,all,0.0,none,0,0.1666216999292373,0.2572987973690033,7626,2026-03-11 15:22:09
3,augmentation,iTransformer,Electricity,96,2022,mixed,0.5,1.0,uniform,all,0.0,none,0,0.1658607572317123,0.2568622529506683,7945,2026-03-11 15:27:28
3,augmentation,iTransformer,Electricity,336,2022,mixed,0.25,1.0,uniform,all,0.0,none,0,0.1935243159532547,0.2828742563724518,6821,2026-03-11 15:29:45
3,augmentation,iTransformer,Electricity,336,2021,mixed,0.25,1.0,uniform,all,0.0,none,0,0.1972912102937698,0.2863479554653168,6959,2026-03-11 15:31:03
3,augmentation,iTransformer,Electricity,336,2023,mixed,0.25,1.0,uniform,all,0.0,none,0,0.1940781772136688,0.2835409045219421,6843,2026-03-11 15:32:07
3,augmentation,iTransformer,Electricity,96,2023,mixed,0.5,1.0,uniform,all,0.0,none,0,0.165809616446495,0.2566009163856506,8000,2026-03-11 15:33:54
3,augmentation,PatchTST,ETTh1,96,2021,mixed,0.25,1.0,uniform,all,0.0,none,0,0.429363876581192,0.4310796856880188,55,2026-03-11 18:33:13
3,augmentation,PatchTST,ETTh1,96,2022,mixed,0.25,1.0,uniform,all,0.0,none,0,0.418433278799057,0.4255540668964386,75,2026-03-11 18:34:33
3,augmentation,PatchTST,ETTh1,96,2023,mixed,0.25,1.0,uniform,all,0.0,none,0,0.4264553785324096,0.4283293187618255,54,2026-03-11 18:34:33
3,augmentation,PatchTST,ETTh1,96,2023,mixed,0.5,1.0,uniform,all,0.0,none,0,0.4505658149719238,0.4435954391956329,67,2026-03-11 18:36:06
3,augmentation,PatchTST,ETTh1,96,2022,mixed,0.5,1.0,uniform,all,0.0,none,0,0.4390334784984588,0.4394561350345611,102,2026-03-11 18:36:41
3,augmentation,PatchTST,ETTh1,96,2022,mixed,1.0,1.0,uniform,all,0.0,none,0,0.445125550031662,0.4435035288333893,151,2026-03-11 18:39:38
3,augmentation,PatchTST,ETTh1,96,2021,mixed,1.0,1.0,uniform,all,0.0,none,0,0.4368502199649811,0.4374639093875885,188,2026-03-11 18:39:40
3,augmentation,PatchTST,ETTh1,96,2023,mixed,1.0,1.0,uniform,all,0.0,none,0,0.4441258311271667,0.443878173828125,199,2026-03-11 18:40:33
3,augmentation,PatchTST,ETTh1,336,2022,mixed,0.25,1.0,uniform,all,0.0,none,0,0.504157543182373,0.4742847979068756,92,2026-03-11 18:41:38
3,augmentation,PatchTST,ETTh1,336,2021,mixed,0.25,1.0,uniform,all,0.0,none,0,0.4997267425060272,0.4720524251461029,108,2026-03-11 18:41:53
3,augmentation,PatchTST,ETTh1,336,2023,mixed,0.25,1.0,uniform,all,0.0,none,0,0.5036199688911438,0.4735736846923828,95,2026-03-11 18:42:35
3,augmentation,PatchTST,ETTh1,336,2021,mixed,0.5,1.0,uniform,all,0.0,none,0,0.5164684653282166,0.4846735298633575,141,2026-03-11 18:44:25
3,augmentation,PatchTST,ETTh1,336,2022,mixed,0.5,1.0,uniform,all,0.0,none,0,0.5202657580375671,0.486966609954834,165,2026-03-11 18:45:04
3,augmentation,PatchTST,ETTh1,336,2023,mixed,0.5,1.0,uniform,all,0.0,none,0,0.5206857323646545,0.4852592051029205,129,2026-03-11 18:45:10
3,augmentation,PatchTST,ETTh1,336,2021,mixed,1.0,1.0,uniform,all,0.0,none,0,0.5107102990150452,0.4794434905052185,296,2026-03-11 18:49:47
3,augmentation,PatchTST,ETTh1,336,2022,mixed,1.0,1.0,uniform,all,0.0,none,0,0.5176154971122742,0.4825819730758667,302,2026-03-11 18:50:33
3,augmentation,PatchTST,ETTh1,336,2023,mixed,1.0,1.0,uniform,all,0.0,none,0,0.5181111097335815,0.4853952825069427,337,2026-03-11 18:51:12
3,augmentation,PatchTST,ETTh2,96,2021,mixed,0.25,1.0,uniform,all,0.0,none,0,0.2982020080089569,0.3475894331932068,88,2026-03-11 18:51:41
3,augmentation,PatchTST,ETTh2,96,2022,mixed,0.25,1.0,uniform,all,0.0,none,0,0.2984784543514251,0.3479900062084198,90,2026-03-11 18:52:29
3,augmentation,PatchTST,ETTh2,96,2023,mixed,0.25,1.0,uniform,all,0.0,none,0,0.2976407408714294,0.3470254838466644,86,2026-03-11 18:53:05
3,augmentation,PatchTST,ETTh2,96,2021,mixed,0.5,1.0,uniform,all,0.0,none,0,0.3021510541439056,0.3510457873344421,101,2026-03-11 18:53:48
3,augmentation,PatchTST,ETTh2,96,2022,mixed,0.5,1.0,uniform,all,0.0,none,0,0.3045123815536499,0.3528220057487488,96,2026-03-11 18:54:31
3,augmentation,PatchTST,ETTh2,96,2023,mixed,0.5,1.0,uniform,all,0.0,none,0,0.3025622367858886,0.3515786528587341,118,2026-03-11 18:55:29
3,augmentation,PatchTST,ETTh2,96,2021,mixed,1.0,1.0,uniform,all,0.0,none,0,0.3100994229316711,0.3569632470607757,173,2026-03-11 18:57:07
3,augmentation,PatchTST,ETTh2,96,2022,mixed,1.0,1.0,uniform,all,0.0,none,0,0.3082648813724518,0.3550527989864349,151,2026-03-11 18:57:28
3,augmentation,PatchTST,ETTh2,96,2023,mixed,1.0,1.0,uniform,all,0.0,none,0,0.3085345029830932,0.3558732271194458,149,2026-03-11 18:58:25
3,augmentation,PatchTST,ETTh2,336,2022,mixed,0.25,1.0,uniform,all,0.0,none,0,0.4229198694229126,0.4308135509490967,92,2026-03-11 18:59:27
3,augmentation,PatchTST,ETTh2,336,2021,mixed,0.25,1.0,uniform,all,0.0,none,0,0.419343888759613,0.4297161996364593,122,2026-03-11 18:59:35
3,augmentation,PatchTST,ETTh2,336,2023,mixed,0.25,1.0,uniform,all,0.0,none,0,0.4193823635578155,0.4295797646045685,116,2026-03-11 19:00:47
3,augmentation,PatchTST,ETTh2,336,2021,mixed,0.5,1.0,uniform,all,0.0,none,0,0.4242855608463287,0.4336363673210144,138,2026-03-11 19:02:11
3,augmentation,PatchTST,ETTh2,336,2022,mixed,0.5,1.0,uniform,all,0.0,none,0,0.4246904253959656,0.4333416521549225,143,2026-03-11 19:02:24
3,augmentation,PatchTST,ETTh2,336,2023,mixed,0.5,1.0,uniform,all,0.0,none,0,0.4224941730499267,0.4322953522205353,197,2026-03-11 19:04:30
3,augmentation,PatchTST,ETTh2,336,2022,mixed,1.0,1.0,uniform,all,0.0,none,0,0.4333717226982116,0.4390940964221954,238,2026-03-11 19:06:49
3,augmentation,PatchTST,ETTh2,336,2021,mixed,1.0,1.0,uniform,all,0.0,none,0,0.4300030469894409,0.4360863864421844,303,2026-03-11 19:07:40
3,augmentation,PatchTST,ETTh2,336,2023,mixed,1.0,1.0,uniform,all,0.0,none,0,0.4297687113285064,0.4370871782302856,319,2026-03-11 19:10:15
3,augmentation,PatchTST,ETTm1,96,2021,mixed,0.25,1.0,uniform,all,0.0,none,0,0.3672806918621063,0.3945054411888122,236,2026-03-11 19:11:11
3,augmentation,PatchTST,ETTm1,96,2022,mixed,0.25,1.0,uniform,all,0.0,none,0,0.3702812194824219,0.3944203555583954,219,2026-03-11 19:11:45
3,augmentation,PatchTST,ETTm1,96,2023,mixed,0.25,1.0,uniform,all,0.0,none,0,0.3741059005260467,0.393685519695282,156,2026-03-11 19:13:18
3,augmentation,PatchTST,ETTm1,96,2021,mixed,0.5,1.0,uniform,all,0.0,none,0,0.3839458227157593,0.4036438465118408,347,2026-03-11 19:17:25
3,augmentation,PatchTST,ETTm1,96,2022,mixed,0.5,1.0,uniform,all,0.0,none,0,0.385813295841217,0.4002851843833923,327,2026-03-11 19:17:38
3,augmentation,PatchTST,ETTm1,96,2023,mixed,0.5,1.0,uniform,all,0.0,none,0,0.3844000697135925,0.4036608338356018,426,2026-03-11 19:20:50
3,augmentation,PatchTST,ETTm1,96,2021,mixed,1.0,1.0,uniform,all,0.0,none,0,0.3853600621223449,0.4036683142185211,660,2026-03-11 19:28:52
3,augmentation,PatchTST,ETTm1,336,2021,mixed,0.25,1.0,uniform,all,0.0,none,0,0.4404235780239105,0.4307455420494079,414,2026-03-11 19:29:12
3,augmentation,PatchTST,ETTm1,96,2022,mixed,1.0,1.0,uniform,all,0.0,none,0,0.3849367201328277,0.4036755263805389,722,2026-03-11 19:30:06
3,augmentation,PatchTST,ETTm1,96,2023,mixed,1.0,1.0,uniform,all,0.0,none,0,0.3890400230884552,0.4028506875038147,613,2026-03-11 19:31:30
3,augmentation,PatchTST,ETTm1,336,2022,mixed,0.5,1.0,uniform,all,0.0,none,0,0.4648698568344116,0.4441029727458954,651,2026-03-11 19:40:29
3,augmentation,PatchTST,ETTm1,336,2021,mixed,0.5,1.0,uniform,all,0.0,none,0,0.4556061625480652,0.4389232695102691,699,2026-03-11 19:40:57
3,augmentation,PatchTST,ETTm1,336,2023,mixed,0.5,1.0,uniform,all,0.0,none,0,0.4761248528957367,0.4508107006549835,626,2026-03-11 19:40:58
3,augmentation,PatchTST,ETTm2,96,2021,mixed,0.25,1.0,uniform,all,0.0,none,0,0.1859568804502487,0.2722183167934418,268,2026-03-11 19:44:16
3,augmentation,PatchTST,ETTm2,96,2022,mixed,0.5,1.0,uniform,all,0.0,none,0,0.1965988427400589,0.2823421955108642,309,2026-03-11 19:48:00
3,augmentation,PatchTST,ETTm2,96,2023,mixed,0.5,1.0,uniform,all,0.0,none,0,0.1890608519315719,0.275285542011261,426,2026-03-11 19:50:25
3,augmentation,PatchTST,ETTm1,336,2021,mixed,1.0,1.0,uniform,all,0.0,none,0,0.4540269374847412,0.4376730024814605,1165,2026-03-11 19:51:22
3,augmentation,PatchTST,ETTm1,336,2022,mixed,1.0,1.0,uniform,all,0.0,none,0,0.4597531855106354,0.4413575530052185,1288,2026-03-11 19:53:49
3,augmentation,PatchTST,ETTm2,96,2023,mixed,1.0,1.0,uniform,all,0.0,none,0,0.187910571694374,0.2742427587509155,593,2026-03-11 19:54:54
3,augmentation,PatchTST,ETTm1,336,2023,mixed,1.0,1.0,uniform,all,0.0,none,0,0.4607913494110107,0.4405322670936584,1267,2026-03-11 19:55:00
3,augmentation,PatchTST,ETTm2,96,2021,mixed,1.0,1.0,uniform,all,0.0,none,0,0.1880399286746978,0.2747146785259247,710,2026-03-11 19:56:11
3,augmentation,PatchTST,ETTm2,96,2022,mixed,1.0,1.0,uniform,all,0.0,none,0,0.1857703924179077,0.2715666592121124,736,2026-03-11 19:56:57
3,augmentation,PatchTST,ETTm2,336,2022,mixed,0.5,1.0,uniform,all,0.0,none,0,0.3140278458595276,0.350087821483612,624,2026-03-11 20:03:17
3,augmentation,PatchTST,ETTm2,336,2021,mixed,0.5,1.0,uniform,all,0.0,none,0,0.3129427433013916,0.3501133620738983,693,2026-03-11 20:03:22
3,augmentation,PatchTST,ETTm2,336,2023,mixed,0.5,1.0,uniform,all,0.0,none,0,0.3134833574295044,0.3505012989044189,685,2026-03-11 20:05:41
3,augmentation,PatchTST,ETTm2,336,2023,mixed,1.0,1.0,uniform,all,0.0,none,0,0.3119502961635589,0.3490180373191833,1162,2026-03-11 20:14:49
3,augmentation,PatchTST,ETTm2,336,2021,mixed,1.0,1.0,uniform,all,0.0,none,0,0.3121612668037414,0.3490808308124542,1291,2026-03-11 20:16:04
3,augmentation,PatchTST,ETTm2,336,2022,mixed,1.0,1.0,uniform,all,0.0,none,0,0.3115773499011993,0.3486956357955932,1291,2026-03-11 20:16:52
3,augmentation,PatchTST,Weather,96,2021,mixed,0.5,1.0,uniform,all,0.0,none,0,0.1841682195663452,0.2324261367321014,1091,2026-03-11 20:21:54
3,augmentation,PatchTST,Weather,96,2023,mixed,0.5,1.0,uniform,all,0.0,none,0,0.1851578056812286,0.2336696833372116,1119,2026-03-11 20:22:30
3,augmentation,PatchTST,Weather,96,2022,mixed,0.5,1.0,uniform,all,0.0,none,0,0.1840143203735351,0.2330681979656219,1134,2026-03-11 20:22:42
3,augmentation,PatchTST,Weather,336,2022,mixed,0.25,1.0,uniform,all,0.0,none,0,0.2895622551441192,0.3115976452827453,1063,2026-03-11 20:31:34
3,augmentation,PatchTST,Weather,336,2023,mixed,0.25,1.0,uniform,all,0.0,none,0,0.2884791195392608,0.3099327981472015,1000,2026-03-11 20:31:55
3,augmentation,PatchTST,Weather,336,2023,mixed,0.5,1.0,uniform,all,0.0,none,0,0.2884791195392608,0.3099327981472015,1199,2026-03-11 20:38:49
3,augmentation,PatchTST,Weather,96,2021,mixed,1.0,1.0,uniform,all,0.0,none,0,0.1883132755756378,0.2365532368421554,2063,2026-03-11 20:40:32
3,augmentation,PatchTST,Weather,96,2022,mixed,1.0,1.0,uniform,all,0.0,none,0,0.188345193862915,0.2369912564754486,2054,2026-03-11 20:41:18
3,augmentation,PatchTST,Weather,96,2023,mixed,1.0,1.0,uniform,all,0.0,none,0,0.1882495880126953,0.2369998693466186,2090,2026-03-11 20:42:17
3,augmentation,PatchTST,Weather,336,2022,mixed,0.5,1.0,uniform,all,0.0,none,0,0.2883674800395965,0.3096633553504944,2018,2026-03-11 20:50:56
3,augmentation,PatchTST,Electricity,96,2022,mixed,0.25,1.0,uniform,all,0.0,none,0,0.2725575864315033,0.3632420003414154,2733,2026-03-11 21:08:29
3,augmentation,PatchTST,Weather,336,2021,mixed,1.0,1.0,uniform,all,0.0,none,0,0.2907214760780334,0.3113293349742889,2949,2026-03-11 21:08:59
3,augmentation,PatchTST,Weather,336,2023,mixed,1.0,1.0,uniform,all,0.0,none,0,0.291700005531311,0.3129913806915283,2945,2026-03-11 21:11:25
3,augmentation,PatchTST,Weather,336,2022,mixed,1.0,1.0,uniform,all,0.0,none,0,0.2924506664276123,0.312988817691803,3371,2026-03-11 21:18:23
3,augmentation,PatchTST,Electricity,96,2023,mixed,0.25,1.0,uniform,all,0.0,none,0,0.2294540107250213,0.3257470726966858,3956,2026-03-11 21:29:04
3,augmentation,PatchTST,Electricity,96,2021,mixed,0.25,1.0,uniform,all,0.0,none,0,0.2288403958082199,0.3255948424339294,4017,2026-03-11 21:29:47
3,augmentation,PatchTST,Electricity,96,2021,mixed,0.5,1.0,uniform,all,0.0,none,0,0.2288403958082199,0.3255948424339294,5258,2026-03-11 21:56:28
3,augmentation,PatchTST,Electricity,96,2023,mixed,0.5,1.0,uniform,all,0.0,none,0,0.2294540107250213,0.3257470726966858,5569,2026-03-11 22:05:10
3,augmentation,PatchTST,Electricity,96,2022,mixed,0.5,1.0,uniform,all,0.0,none,0,0.2447720617055893,0.3349562585353851,6206,2026-03-11 22:15:26
3,augmentation,PatchTST,Electricity,336,2021,mixed,0.25,1.0,uniform,all,0.0,none,0,0.2489838004112243,0.3451726734638214,6676,2026-03-11 22:33:00
3,augmentation,PatchTST,Electricity,336,2022,mixed,0.25,1.0,uniform,all,0.0,none,0,0.2501212060451507,0.3457829058170318,7028,2026-03-11 22:39:51
3,augmentation,PatchTST,Electricity,336,2021,mixed,0.5,1.0,uniform,all,0.0,none,0,0.2489838004112243,0.3451726734638214,8281,2026-03-11 23:26:57
3,augmentation,PatchTST,Electricity,336,2022,mixed,0.5,1.0,uniform,all,0.0,none,0,0.2501212060451507,0.3457829058170318,9653,2026-03-11 23:50:19
3,augmentation,TimesNet,ETTh2,96,2021,mixed,0.25,1.0,uniform,all,0.0,none,0,0.3090868592262268,0.3571742475032806,538,2026-03-14 01:20:35
3,augmentation,iTransformer,Weather,96,2021,mixed,0.25,1.0,uniform,all,0.0,none,0,0.172425240278244,0.2139536589384079,448,2026-03-15 13:43:45
3,augmentation,iTransformer,Weather,96,2022,mixed,0.25,1.0,uniform,all,0.0,none,0,0.1706921011209488,0.2112445533275604,564,2026-03-15 13:53:29
3,augmentation,iTransformer,Weather,96,2023,mixed,0.5,1.0,uniform,all,0.0,none,0,0.1713976562023162,0.2111396789550781,959,2026-03-15 14:08:23
3,augmentation,iTransformer,Weather,336,2021,mixed,0.25,1.0,uniform,all,0.0,none,0,0.2779138088226318,0.2963936626911163,838,2026-03-15 14:08:39
3,augmentation,iTransformer,Traffic,96,2021,mixed,0.25,1.0,uniform,all,0.0,none,0,0.4412209391593933,0.3050240278244018,7265,2026-03-16 04:15:19
3,augmentation,iTransformer,Traffic,96,2022,mixed,0.25,1.0,uniform,all,0.0,none,0,0.4376707971096039,0.30257049202919,7205,2026-03-16 06:15:42
3,augmentation,iTransformer,Traffic,96,2023,mixed,0.25,1.0,uniform,all,0.0,none,0,0.4381669163703918,0.3032123744487762,7267,2026-03-16 07:15:06
3,augmentation,PatchTST,ETTh1,96,2021,mixed,0.5,1.0,uniform,all,0.0,none,0,0.4340167343616485,0.4361568391323089,149,2026-03-17 04:22:51
3,augmentation,PatchTST,ETTm1,336,2022,mixed,0.25,1.0,uniform,all,0.0,none,0,0.4427663683891296,0.4319185018539428,483,2026-03-17 04:43:34
3,augmentation,PatchTST,ETTm1,336,2023,mixed,0.25,1.0,uniform,all,0.0,none,0,0.4396628737449646,0.4298291504383087,437,2026-03-17 04:51:09
3,augmentation,PatchTST,ETTm2,96,2022,mixed,0.25,1.0,uniform,all,0.0,none,0,0.1863219887018203,0.2722435891628265,266,2026-03-17 04:57:57
3,augmentation,PatchTST,ETTm2,96,2023,mixed,0.25,1.0,uniform,all,0.0,none,0,0.1879371702671051,0.2720542550086975,180,2026-03-17 05:01:16
3,augmentation,PatchTST,ETTm2,96,2021,mixed,0.5,1.0,uniform,all,0.0,none,0,0.1895777881145477,0.2755372822284698,253,2026-03-17 05:05:47
3,augmentation,PatchTST,ETTm2,336,2021,mixed,0.25,1.0,uniform,all,0.0,none,0,0.3108926117420196,0.348604291677475,475,2026-03-17 05:15:29
3,augmentation,PatchTST,ETTm2,336,2022,mixed,0.25,1.0,uniform,all,0.0,none,0,0.3110168576240539,0.348697304725647,389,2026-03-17 05:22:17
3,augmentation,PatchTST,ETTm2,336,2023,mixed,0.25,1.0,uniform,all,0.0,none,0,0.3117439150810241,0.3492565453052521,434,2026-03-17 05:29:50
3,augmentation,PatchTST,Weather,96,2021,mixed,0.25,1.0,uniform,all,0.0,none,0,0.182436004281044,0.2290266752243042,701,2026-03-17 05:43:36
3,augmentation,PatchTST,Weather,96,2022,mixed,0.25,1.0,uniform,all,0.0,none,0,0.1815153956413269,0.2288889437913894,683,2026-03-17 05:55:19
3,augmentation,PatchTST,Weather,96,2023,mixed,0.25,1.0,uniform,all,0.0,none,0,0.1829775422811508,0.2297494709491729,611,2026-03-17 06:05:49
3,augmentation,PatchTST,Weather,336,2021,mixed,0.25,1.0,uniform,all,0.0,none,0,0.2867088615894317,0.3075053989887237,919,2026-03-17 17:03:20
3,augmentation,PatchTST,Weather,336,2021,mixed,0.5,1.0,uniform,all,0.0,none,0,0.2867088615894317,0.3075053989887237,1078,2026-03-17 17:06:35
3,augmentation,PatchTST,Electricity,336,2023,mixed,0.25,1.0,uniform,all,0.0,none,0,0.2496743351221084,0.3446387350559234,5654,2026-03-17 21:42:02
3,augmentation,PatchTST,Traffic,96,2021,mixed,0.25,1.0,uniform,all,0.0,none,0,0.569667637348175,0.3801402151584625,7185,2026-03-18 05:43:40
3,augmentation,PatchTST,Traffic,96,2022,mixed,0.25,1.0,uniform,all,0.0,none,0,0.5672931671142578,0.3782443106174469,7080,2026-03-18 07:06:54
3,augmentation,PatchTST,Traffic,96,2023,mixed,0.25,1.0,uniform,all,0.0,none,0,0.5702877044677734,0.3812050521373749,7288,2026-03-18 07:45:27
3,augmentation,DLinear,Electricity,96,2023,mixed,1.0,1.0,uniform,all,0.0,none,0,0.2510415017604828,0.3453828990459442,13421,2026-04-01 21:08:34
3,augmentation,DLinear,Electricity,336,2022,mixed,0.5,1.0,uniform,all,0.0,none,0,0.2471791207790374,0.3423019051551819,13459,2026-04-01 21:10:07
3,augmentation,DLinear,Electricity,336,2021,mixed,0.5,1.0,uniform,all,0.0,none,0,0.2756306827068329,0.3733132779598236,13672,2026-04-01 21:13:15
3,augmentation,DLinear,Electricity,336,2023,mixed,0.5,1.0,uniform,all,0.0,none,0,0.2471844553947448,0.3423377871513366,14421,2026-04-02 00:23:48
3,augmentation,DLinear,Traffic,336,2022,mixed,0.25,1.0,uniform,all,0.0,none,0,0.668820321559906,0.4224943220615387,11917,2026-04-02 00:50:54
3,augmentation,DLinear,Traffic,96,2021,mixed,0.5,1.0,uniform,all,0.0,none,0,0.7372744083404541,0.4610619843006134,13156,2026-04-02 00:51:15
3,augmentation,DLinear,Traffic,336,2021,mixed,0.25,1.0,uniform,all,0.0,none,0,0.6688518524169922,0.4224643111228943,12143,2026-04-02 00:54:46
3,augmentation,DLinear,Traffic,336,2023,mixed,0.25,1.0,uniform,all,0.0,none,0,0.6690875291824341,0.4226985871791839,12431,2026-04-02 00:59:33
3,augmentation,DLinear,Traffic,96,2022,mixed,0.5,1.0,uniform,all,0.0,none,0,0.7373422980308533,0.4611911475658417,13766,2026-04-02 01:03:22
3,augmentation,DLinear,Traffic,96,2023,mixed,0.5,1.0,uniform,all,0.0,none,0,0.7371999025344849,0.4612532556056976,13725,2026-04-02 01:21:16
3,augmentation,DLinear,Electricity,336,2022,mixed,1.0,1.0,uniform,all,0.0,none,0,0.2593603432178497,0.3579088449478149,20178,2026-04-02 02:17:28
3,augmentation,SegRNN,Electricity,336,2021,mixed,0.5,1.0,uniform,all,0.0,none,0,0.2383923232555389,0.3244265913963318,13002,2026-04-02 10:51:35
3,augmentation,SegRNN,Electricity,336,2023,mixed,0.5,1.0,uniform,all,0.0,none,0,0.2384959012269973,0.3243869543075561,13067,2026-04-02 10:52:41
3,augmentation,SegRNN,Electricity,336,2022,mixed,0.5,1.0,uniform,all,0.0,none,0,0.2388128787279129,0.3247150778770447,13454,2026-04-02 10:59:08
3,augmentation,SegRNN,Traffic,96,2021,mixed,0.5,1.0,uniform,all,0.0,none,0,0.7755904197692871,0.4141063392162323,13450,2026-04-02 10:59:54
3,augmentation,SegRNN,Traffic,96,2022,mixed,0.5,1.0,uniform,all,0.0,none,0,0.7764291167259216,0.4152120351791382,13766,2026-04-02 11:05:36
3,augmentation,SegRNN,Electricity,96,2022,mixed,1.0,1.0,uniform,all,0.0,none,0,0.2216793596744537,0.3099428713321686,14102,2026-04-02 11:09:48
3,augmentation,SegRNN,Electricity,96,2023,mixed,1.0,1.0,uniform,all,0.0,none,0,0.221154049038887,0.3093719184398651,14695,2026-04-02 11:19:42
3,augmentation,SegRNN,Electricity,96,2021,mixed,1.0,1.0,uniform,all,0.0,none,0,0.2215465754270553,0.3097734153270721,14758,2026-04-02 11:20:41
3,augmentation,SegRNN,Traffic,336,2022,mixed,0.25,1.0,uniform,all,0.0,none,0,0.8071863055229187,0.4193480312824249,11805,2026-04-02 14:27:01
3,augmentation,SegRNN,Traffic,336,2021,mixed,0.25,1.0,uniform,all,0.0,none,0,0.8069036602973938,0.4184189438819885,12584,2026-04-02 14:35:54
3,augmentation,SegRNN,Traffic,96,2023,mixed,0.5,1.0,uniform,all,0.0,none,0,0.7759993672370911,0.4145894348621368,13731,2026-04-02 14:41:08
3,augmentation,SegRNN,Traffic,336,2023,mixed,0.25,1.0,uniform,all,0.0,none,0,0.8364325165748596,0.43149533867836,12428,2026-04-02 14:47:32
3,augmentation,TimesNet,Electricity,96,2021,mixed,1.0,1.0,uniform,all,0.0,none,0,0.2009966224431991,0.3061937093734741,14680,2026-04-02 17:46:41
3,augmentation,TimesNet,Electricity,96,2022,mixed,1.0,1.0,uniform,all,0.0,none,0,0.2004153430461883,0.3056420683860779,15302,2026-04-02 17:57:10
3,augmentation,TimesNet,Electricity,336,2022,mixed,0.5,1.0,uniform,all,0.0,none,0,0.2966074049472809,0.3786934316158294,13534,2026-04-02 18:27:21
3,augmentation,TimesNet,Electricity,336,2021,mixed,0.5,1.0,uniform,all,0.0,none,0,0.292265772819519,0.3747105896472931,13864,2026-04-02 18:28:43
3,augmentation,TimesNet,Electricity,336,2023,mixed,0.5,1.0,uniform,all,0.0,none,0,0.2588502466678619,0.3483373522758484,13870,2026-04-02 18:39:09
3,augmentation,TimesNet,Electricity,96,2023,mixed,1.0,1.0,uniform,all,0.0,none,0,0.2036472111940384,0.3087274730205536,15219,2026-04-02 18:41:26
3,augmentation,TimesNet,Traffic,96,2021,mixed,0.5,1.0,uniform,all,0.0,none,0,0.662628710269928,0.3728029727935791,13537,2026-04-02 21:09:09
3,augmentation,TimesNet,Traffic,96,2022,mixed,0.5,1.0,uniform,all,0.0,none,0,0.6626238226890564,0.3662804663181305,12938,2026-04-02 21:22:57
3,augmentation,TimesNet,Traffic,96,2023,mixed,0.5,1.0,uniform,all,0.0,none,0,0.6434105038642883,0.3693310618400574,12497,2026-04-02 21:26:03
3,augmentation,TimesNet,Traffic,336,2021,mixed,0.25,1.0,uniform,all,0.0,none,0,0.6815630197525024,0.3903166949748993,12598,2026-04-02 22:11:58
3,augmentation,TimesNet,Electricity,336,2023,mixed,1.0,1.0,uniform,all,0.0,none,0,0.2690553367137909,0.3559635877609253,18857,2026-04-02 22:25:33
3,augmentation,TimesNet,Traffic,336,2022,mixed,0.25,1.0,uniform,all,0.0,none,0,0.8946138620376587,0.5287172794342041,12627,2026-04-02 22:43:16
3,augmentation,iTransformer,Electricity,96,2022,mixed,1.0,1.0,uniform,all,0.0,none,0,0.1663746535778045,0.2573313415050506,13933,2026-04-03 02:04:39
3,augmentation,iTransformer,Electricity,96,2021,mixed,1.0,1.0,uniform,all,0.0,none,0,0.1667159497737884,0.257869154214859,14966,2026-04-03 02:17:41
3,augmentation,iTransformer,Electricity,96,2023,mixed,1.0,1.0,uniform,all,0.0,none,0,0.1658413857221603,0.2571274042129516,14855,2026-04-03 02:33:53
3,augmentation,iTransformer,Electricity,336,2021,mixed,0.5,1.0,uniform,all,0.0,none,0,0.1958871632814407,0.2849745154380798,13873,2026-04-03 02:36:27
3,augmentation,iTransformer,Electricity,336,2022,mixed,0.5,1.0,uniform,all,0.0,none,0,0.1948800235986709,0.2840971052646637,13594,2026-04-03 02:48:05
3,augmentation,iTransformer,Electricity,336,2023,mixed,0.5,1.0,uniform,all,0.0,none,0,0.1959859728813171,0.2850713431835174,14004,2026-04-03 02:55:35
3,augmentation,iTransformer,Traffic,336,2023,mixed,0.25,1.0,uniform,all,0.0,none,0,0.4840724766254425,0.3235398828983307,12476,2026-04-03 10:38:41
3,augmentation,iTransformer,Traffic,336,2022,mixed,0.25,1.0,uniform,all,0.0,none,0,0.4818417727947235,0.3221421837806701,12801,2026-04-03 10:43:55
3,augmentation,iTransformer,Traffic,336,2021,mixed,0.25,1.0,uniform,all,0.0,none,0,0.4820700585842132,0.3227066099643707,12856,2026-04-03 10:45:01
3,augmentation,iTransformer,Traffic,96,2021,mixed,0.5,1.0,uniform,all,0.0,none,0,0.441682904958725,0.3055067360401153,13150,2026-04-03 10:49:54
3,augmentation,iTransformer,Traffic,96,2022,mixed,0.5,1.0,uniform,all,0.0,none,0,0.4375293850898742,0.3029938638210296,13383,2026-04-03 10:53:45
3,augmentation,iTransformer,Traffic,96,2023,mixed,0.5,1.0,uniform,all,0.0,none,0,0.4382167756557464,0.3034581542015075,13506,2026-04-03 10:55:36
3,augmentation,PatchTST,Electricity,96,2021,mixed,1.0,1.0,uniform,all,0.0,none,0,0.2378775626420974,0.3309397995471954,14244,2026-04-03 15:04:43
3,augmentation,PatchTST,Electricity,96,2022,mixed,1.0,1.0,uniform,all,0.0,none,0,0.2392972707748413,0.3310557007789612,14239,2026-04-03 15:04:47
3,augmentation,PatchTST,Electricity,96,2023,mixed,1.0,1.0,uniform,all,0.0,none,0,0.237972155213356,0.3304521441459656,14667,2026-04-03 15:12:06
3,augmentation,PatchTST,Traffic,96,2022,mixed,0.5,1.0,uniform,all,0.0,none,0,0.5803446173667908,0.3833521008491516,13206,2026-04-03 16:52:05
3,augmentation,PatchTST,Traffic,96,2023,mixed,0.5,1.0,uniform,all,0.0,none,0,0.6232700943946838,0.4035804569721222,13253,2026-04-03 16:53:03
3,augmentation,PatchTST,Traffic,96,2021,mixed,0.5,1.0,uniform,all,0.0,none,0,0.5916020274162292,0.3848589360713959,13556,2026-04-03 16:57:51
3,augmentation,PatchTST,Electricity,336,2023,mixed,0.5,1.0,uniform,all,0.0,none,0,0.2567578256130218,0.349719375371933,13765,2026-04-03 17:00:53
3,augmentation,PatchTST,Traffic,336,2021,mixed,0.25,1.0,uniform,all,0.0,none,0,0.6142112016677856,0.4017197787761688,10989,2026-04-03 18:08:23
3,augmentation,PatchTST,Traffic,336,2022,mixed,0.25,1.0,uniform,all,0.0,none,0,0.6723342537879944,0.4241396784782409,11458,2026-04-03 18:23:42
3,augmentation,PatchTST,Electricity,336,2022,mixed,1.0,1.0,uniform,all,0.0,none,0,0.2545780837535858,0.3460856974124908,21012,2026-04-03 19:01:58
3,augmentation,PatchTST,Traffic,336,2023,mixed,0.25,1.0,uniform,all,0.0,none,0,0.5913997888565063,0.3869151175022125,12335,2026-04-03 20:05:39
3,augmentation,DLinear,Traffic,96,2021,mixed,1.0,1.0,uniform,all,0.0,none,0,0.7665500044822693,0.4845079481601715,5214,2026-04-07 15:47:38
3,augmentation,DLinear,Traffic,96,2022,mixed,1.0,1.0,uniform,all,0.0,none,0,0.7664204835891724,0.4842888414859772,5228,2026-04-07 15:47:52
3,augmentation,DLinear,Traffic,96,2023,mixed,1.0,1.0,uniform,all,0.0,none,0,0.7664090991020203,0.4844019114971161,5252,2026-04-07 15:48:16
3,augmentation,DLinear,Electricity,336,2021,mixed,1.0,1.0,uniform,all,0.0,none,0,0.26067915558815,0.3595409989356994,5561,2026-04-07 15:53:25
3,augmentation,DLinear,Electricity,336,2023,mixed,1.0,1.0,uniform,all,0.0,none,0,0.2612800598144531,0.3606771230697632,7203,2026-04-07 16:20:47
3,augmentation,DLinear,Traffic,336,2022,mixed,0.5,1.0,uniform,all,0.0,none,0,0.6841545104980469,0.4373652637004852,7223,2026-04-07 16:21:07
3,augmentation,DLinear,Traffic,336,2021,mixed,0.5,1.0,uniform,all,0.0,none,0,0.6841583847999573,0.4373181164264679,7262,2026-04-07 16:21:46
3,augmentation,DLinear,Traffic,336,2023,mixed,0.5,1.0,uniform,all,0.0,none,0,0.6842546463012695,0.4373950064182281,7284,2026-04-07 16:22:09
3,augmentation,SegRNN,Electricity,336,2021,mixed,1.0,1.0,uniform,all,0.0,none,0,0.2484935671091079,0.3348305225372314,7839,2026-04-07 18:04:30
3,augmentation,SegRNN,Traffic,96,2021,mixed,1.0,1.0,uniform,all,0.0,none,0,0.7729026079177856,0.4245730638504028,6355,2026-04-07 18:07:43
3,augmentation,DLinear,Traffic,336,2022,mixed,1.0,1.0,uniform,all,0.0,none,0,0.7088783383369446,0.4597462117671966,8425,2026-04-07 18:08:19
3,augmentation,SegRNN,Traffic,96,2022,mixed,1.0,1.0,uniform,all,0.0,none,0,0.7749776840209961,0.4256307482719421,6604,2026-04-07 18:12:13
3,augmentation,DLinear,Traffic,336,2023,mixed,1.0,1.0,uniform,all,0.0,none,0,0.7088282108306885,0.4596439898014068,8713,2026-04-07 18:13:30
3,augmentation,DLinear,Traffic,336,2021,mixed,1.0,1.0,uniform,all,0.0,none,0,0.7085596323013306,0.4595774710178375,8753,2026-04-07 18:13:32
3,augmentation,SegRNN,Electricity,336,2022,mixed,1.0,1.0,uniform,all,0.0,none,0,0.2481296807527542,0.3353827893733978,7795,2026-04-07 18:30:43
3,augmentation,SegRNN,Electricity,336,2023,mixed,1.0,1.0,uniform,all,0.0,none,0,0.2483389377593994,0.3350725471973419,7801,2026-04-07 18:31:09
3,augmentation,SegRNN,Traffic,96,2023,mixed,1.0,1.0,uniform,all,0.0,none,0,0.7732141613960266,0.4239063858985901,4918,2026-04-07 19:26:30
3,augmentation,SegRNN,Traffic,336,2021,mixed,0.5,1.0,uniform,all,0.0,none,0,0.8064488172531128,0.4237519800662994,7561,2026-04-07 20:13:44
3,augmentation,SegRNN,Traffic,336,2022,mixed,0.5,1.0,uniform,all,0.0,none,0,0.8088589310646057,0.4245581328868866,7882,2026-04-07 20:19:41
3,augmentation,SegRNN,Traffic,336,2023,mixed,0.5,1.0,uniform,all,0.0,none,0,0.809145987033844,0.424054354429245,7727,2026-04-07 20:21:00
3,augmentation,SegRNN,Traffic,336,2021,mixed,1.0,1.0,uniform,all,0.0,none,0,0.8145090341567993,0.4324555993080139,8028,2026-04-07 20:27:18
3,augmentation,SegRNN,Traffic,336,2022,mixed,1.0,1.0,uniform,all,0.0,none,0,0.8088589310646057,0.4245581328868866,8026,2026-04-07 20:27:18
3,augmentation,SegRNN,Traffic,336,2023,mixed,1.0,1.0,uniform,all,0.0,none,0,0.8155558705329895,0.4324612021446228,8572,2026-04-07 20:53:35
3,augmentation,TimesNet,Electricity,336,2021,mixed,1.0,1.0,uniform,all,0.0,none,0,0.2685098946094513,0.3522727787494659,11519,2026-04-07 21:43:26
3,augmentation,TimesNet,Electricity,336,2022,mixed,1.0,1.0,uniform,all,0.0,none,0,0.2754281163215637,0.3606039881706238,8544,2026-04-07 21:48:55
3,augmentation,TimesNet,Traffic,96,2021,mixed,1.0,1.0,uniform,all,0.0,none,0,0.653203547000885,0.3765473663806915,10021,2026-04-07 23:00:49
3,augmentation,TimesNet,Traffic,336,2021,mixed,0.5,1.0,uniform,all,0.0,none,0,0.6595851182937622,0.384880393743515,9324,2026-04-07 23:02:42
3,augmentation,TimesNet,Traffic,96,2022,mixed,1.0,1.0,uniform,all,0.0,none,0,0.6538771986961365,0.3702511787414551,10149,2026-04-07 23:08:51
3,augmentation,TimesNet,Traffic,336,2022,mixed,0.5,1.0,uniform,all,0.0,none,0,0.6959786415100098,0.3957352936267853,9963,2026-04-07 23:13:22
3,augmentation,TimesNet,Traffic,96,2023,mixed,1.0,1.0,uniform,all,0.0,none,0,0.6632595062255859,0.3717273771762848,10796,2026-04-07 23:20:57
3,augmentation,TimesNet,Traffic,336,2023,mixed,0.5,1.0,uniform,all,0.0,none,0,0.6857883930206299,0.3873063325881958,10054,2026-04-07 23:41:10
3,augmentation,TimesNet,Traffic,336,2022,mixed,1.0,1.0,uniform,all,0.0,none,0,0.6822967529296875,0.3923774361610412,11147,2026-04-08 00:54:42
3,augmentation,iTransformer,Traffic,96,2021,mixed,1.0,1.0,uniform,all,0.0,none,0,0.4481548368930816,0.3131119906902313,6885,2026-04-08 01:15:43
3,augmentation,TimesNet,Traffic,336,2021,mixed,1.0,1.0,uniform,all,0.0,none,0,0.6741573214530945,0.3897981345653534,13199,2026-04-08 01:23:25
3,augmentation,iTransformer,Electricity,336,2021,mixed,1.0,1.0,uniform,all,0.0,none,0,0.2040814012289047,0.2929839789867401,9126,2026-04-08 01:35:26
3,augmentation,iTransformer,Traffic,96,2022,mixed,1.0,1.0,uniform,all,0.0,none,0,0.4440772831439972,0.310453325510025,7014,2026-04-08 01:38:04
3,augmentation,iTransformer,Electricity,336,2022,mixed,1.0,1.0,uniform,all,0.0,none,0,0.2023536264896392,0.2919546961784363,8982,2026-04-08 01:38:33
3,augmentation,iTransformer,Electricity,336,2023,mixed,1.0,1.0,uniform,all,0.0,none,0,0.2038464993238449,0.2928899228572845,8907,2026-04-08 01:41:49
3,augmentation,TimesNet,Traffic,336,2023,mixed,1.0,1.0,uniform,all,0.0,none,0,0.6879227757453918,0.385415107011795,9793,2026-04-08 01:44:02
3,augmentation,iTransformer,Traffic,96,2023,mixed,1.0,1.0,uniform,all,0.0,none,0,0.4472046196460724,0.3123664557933807,6073,2026-04-08 02:35:57
3,augmentation,iTransformer,Traffic,336,2021,mixed,0.5,1.0,uniform,all,0.0,none,0,0.4837450981140136,0.3232870995998382,7920,2026-04-08 03:27:46
3,augmentation,iTransformer,Traffic,336,2022,mixed,0.5,1.0,uniform,all,0.0,none,0,0.4844252169132232,0.3257910013198852,7966,2026-04-08 03:36:12
3,augmentation,iTransformer,Traffic,336,2023,mixed,0.5,1.0,uniform,all,0.0,none,0,0.4829985499382019,0.3232902586460113,7873,2026-04-08 03:46:39
3,augmentation,iTransformer,Traffic,336,2022,mixed,1.0,1.0,uniform,all,0.0,none,0,0.4838461875915527,0.3250032663345337,8369,2026-04-08 03:58:02
3,augmentation,iTransformer,Traffic,336,2021,mixed,1.0,1.0,uniform,all,0.0,none,0,0.4835245609283447,0.3249967396259308,8512,2026-04-08 03:59:56
3,augmentation,iTransformer,Traffic,336,2023,mixed,1.0,1.0,uniform,all,0.0,none,0,0.4835613965988159,0.3252390623092651,8467,2026-04-08 04:02:56
3,augmentation,PatchTST,Electricity,336,2021,mixed,1.0,1.0,uniform,all,0.0,none,0,0.2577457129955292,0.3496167659759521,8535,2026-04-08 04:06:20
3,augmentation,PatchTST,Electricity,336,2023,mixed,1.0,1.0,uniform,all,0.0,none,0,0.2576107382774353,0.3494056761264801,8733,2026-04-08 05:01:30
3,augmentation,PatchTST,Traffic,96,2021,mixed,1.0,1.0,uniform,all,0.0,none,0,0.590023934841156,0.3846343159675598,6130,2026-04-08 05:09:58
3,augmentation,PatchTST,Traffic,96,2022,mixed,1.0,1.0,uniform,all,0.0,none,0,0.5925386548042297,0.384167343378067,6471,2026-04-08 05:24:03
3,augmentation,PatchTST,Traffic,96,2023,mixed,1.0,1.0,uniform,all,0.0,none,0,0.5911425352096558,0.3860868513584137,6504,2026-04-08 05:35:03
3,augmentation,PatchTST,Traffic,336,2021,mixed,0.5,1.0,uniform,all,0.0,none,0,0.5830968618392944,0.380715936422348,7477,2026-04-08 06:02:40
3,augmentation,PatchTST,Traffic,336,2022,mixed,0.5,1.0,uniform,all,0.0,none,0,0.5807090401649475,0.3798944652080536,7776,2026-04-08 06:09:32
3,augmentation,PatchTST,Traffic,336,2023,mixed,0.5,1.0,uniform,all,0.0,none,0,0.6780452728271484,0.4313552677631378,7609,2026-04-08 06:09:46
3,augmentation,PatchTST,Traffic,336,2021,mixed,1.0,1.0,uniform,all,0.0,none,0,0.5830968618392944,0.380715936422348,7632,2026-04-08 06:13:32
3,augmentation,PatchTST,Traffic,336,2022,mixed,1.0,1.0,uniform,all,0.0,none,0,0.5953342914581299,0.3808022737503052,7908,2026-04-08 07:13:19
3,augmentation,PatchTST,Traffic,336,2023,mixed,1.0,1.0,uniform,all,0.0,none,0,0.5966575145721436,0.3848051726818084,8608,2026-04-08 07:33:26
4,lowresource,iTransformer,Weather,336,2021,mixed,0.5,0.25,uniform,all,0.0,none,0,0.2833390831947326,0.3034712970256805,2042,2026-03-09 17:17:45
4,lowresource,iTransformer,Weather,336,2023,mixed,2.0,0.1,uniform,all,0.0,none,0,0.2912300825119018,0.3127593994140625,6799,2026-03-09 18:35:55
4,lowresource,iTransformer,Weather,336,2022,mixed,0.5,0.25,uniform,all,0.0,none,0,0.2843419909477234,0.3040054142475128,2043,2026-03-10 18:16:57
4,lowresource,iTransformer,Weather,336,2023,mixed,0.5,0.25,uniform,all,0.0,none,0,0.2836087048053741,0.3031714856624603,2016,2026-03-10 18:21:03
4,lowresource,DLinear,ETTh1,96,2021,mixed,0.5,0.1,uniform,all,0.0,none,0,0.5517560839653015,0.5028630495071411,106,2026-03-12 01:23:19
4,lowresource,DLinear,ETTh1,96,2022,mixed,0.5,0.1,uniform,all,0.0,none,0,0.5503939390182495,0.5022724270820618,115,2026-03-12 01:25:41
4,lowresource,DLinear,ETTh1,96,2023,mixed,0.5,0.1,uniform,all,0.0,none,0,0.5519812107086182,0.5028048753738403,119,2026-03-12 01:28:07
4,lowresource,DLinear,ETTh1,96,2021,mixed,1.0,0.1,uniform,all,0.0,none,0,0.551758348941803,0.503947377204895,181,2026-03-12 01:31:34
4,lowresource,DLinear,ETTh1,96,2022,mixed,1.0,0.1,uniform,all,0.0,none,0,0.5525639653205872,0.5046453475952148,197,2026-03-12 01:35:17
4,lowresource,DLinear,ETTh1,96,2023,mixed,1.0,0.1,uniform,all,0.0,none,0,0.5481260418891907,0.5015876889228821,199,2026-03-12 01:37:22
4,lowresource,DLinear,ETTh1,96,2021,mixed,2.0,0.1,uniform,all,0.0,none,0,0.5646473169326782,0.5109688639640808,312,2026-03-12 01:40:57
4,lowresource,DLinear,ETTh1,96,2021,mixed,0.5,0.25,uniform,all,0.0,none,0,0.504119336605072,0.4789619743824005,110,2026-03-12 01:43:14
4,lowresource,DLinear,ETTh1,96,2023,mixed,0.5,0.25,uniform,all,0.0,none,0,0.5076589584350586,0.4818684756755829,116,2026-03-12 01:46:07
4,lowresource,DLinear,ETTh1,96,2021,mixed,1.0,0.25,uniform,all,0.0,none,0,0.5215360522270203,0.4894966185092926,174,2026-03-12 01:48:59
4,lowresource,DLinear,ETTh1,96,2022,mixed,1.0,0.25,uniform,all,0.0,none,0,0.5199848413467407,0.488341748714447,187,2026-03-12 01:49:13
4,lowresource,DLinear,ETTh1,96,2023,mixed,1.0,0.25,uniform,all,0.0,none,0,0.5207182765007019,0.4892729520797729,191,2026-03-12 01:49:44
4,lowresource,DLinear,ETTh1,96,2021,mixed,2.0,0.25,uniform,all,0.0,none,0,0.5418944954872131,0.5000308752059937,335,2026-03-12 01:55:00
4,lowresource,DLinear,ETTh1,96,2022,mixed,2.0,0.25,uniform,all,0.0,none,0,0.5417071580886841,0.5000022649765015,351,2026-03-12 01:55:31
4,lowresource,DLinear,ETTh1,96,2023,mixed,2.0,0.25,uniform,all,0.0,none,0,0.5448852777481079,0.5025113821029663,345,2026-03-12 01:55:56
4,lowresource,DLinear,ETTh1,336,2022,mixed,0.5,0.1,uniform,all,0.0,none,0,0.6055946946144104,0.5370790958404541,145,2026-03-12 01:58:22
4,lowresource,DLinear,ETTh1,336,2021,mixed,0.5,0.1,uniform,all,0.0,none,0,0.6011897921562195,0.5343583226203918,183,2026-03-12 01:58:30
4,lowresource,DLinear,ETTh1,336,2023,mixed,0.5,0.1,uniform,all,0.0,none,0,0.6020138263702393,0.5343008637428284,176,2026-03-12 01:59:18
4,lowresource,DLinear,ETTh1,336,2021,mixed,1.0,0.1,uniform,all,0.0,none,0,0.6003680229187012,0.5346628427505493,286,2026-03-12 02:03:34
4,lowresource,DLinear,ETTh1,336,2023,mixed,1.0,0.1,uniform,all,0.0,none,0,0.602479875087738,0.5359729528427124,247,2026-03-12 02:03:51
4,lowresource,DLinear,ETTh1,336,2022,mixed,1.0,0.1,uniform,all,0.0,none,0,0.5987983345985413,0.5333690047264099,305,2026-03-12 02:04:02
4,lowresource,DLinear,ETTh1,336,2023,mixed,2.0,0.1,uniform,all,0.0,none,0,0.6085670590400696,0.5393995642662048,370,2026-03-12 02:10:38
4,lowresource,DLinear,ETTh1,336,2022,mixed,2.0,0.1,uniform,all,0.0,none,0,0.6072171330451965,0.5382699966430664,575,2026-03-12 02:13:52
4,lowresource,DLinear,ETTh1,336,2022,mixed,0.5,0.25,uniform,all,0.0,none,0,0.5732439160346985,0.5210340619087219,123,2026-03-12 02:16:01
4,lowresource,DLinear,ETTh1,336,2023,mixed,0.5,0.25,uniform,all,0.0,none,0,0.5633246898651123,0.5142481327056885,173,2026-03-12 02:17:11
4,lowresource,DLinear,ETTh1,336,2021,mixed,1.0,0.25,uniform,all,0.0,none,0,0.5764434337615967,0.522148847579956,327,2026-03-12 02:19:51
4,lowresource,DLinear,ETTh1,336,2022,mixed,1.0,0.25,uniform,all,0.0,none,0,0.577336311340332,0.5229266285896301,253,2026-03-12 02:20:40
4,lowresource,DLinear,ETTh1,336,2023,mixed,1.0,0.25,uniform,all,0.0,none,0,0.5755159258842468,0.521398663520813,302,2026-03-12 02:22:39
4,lowresource,DLinear,ETTh1,336,2023,mixed,2.0,0.25,uniform,all,0.0,none,0,0.5951557755470276,0.5329776406288147,367,2026-03-12 02:29:13
4,lowresource,DLinear,ETTh1,336,2021,mixed,2.0,0.25,uniform,all,0.0,none,0,0.5938237905502319,0.5317023396492004,535,2026-03-12 02:29:13
4,lowresource,DLinear,ETTh1,336,2022,mixed,2.0,0.25,uniform,all,0.0,none,0,0.5932551026344299,0.5314062237739563,586,2026-03-12 02:30:52
4,lowresource,DLinear,ETTm1,96,2022,mixed,0.5,0.1,uniform,all,0.0,none,0,0.5778241753578186,0.5096309781074524,278,2026-03-12 02:34:17
4,lowresource,DLinear,ETTm1,96,2021,mixed,2.0,0.1,uniform,all,0.0,none,0,0.5630646347999573,0.5041418671607971,1134,2026-03-12 02:54:15
4,lowresource,DLinear,ETTm1,96,2021,mixed,1.0,0.25,uniform,all,0.0,none,0,0.5630646347999573,0.5041418671607971,730,2026-03-12 02:55:51
4,lowresource,DLinear,ETTm1,96,2022,mixed,1.0,0.25,uniform,all,0.0,none,0,0.564854621887207,0.5060394406318665,698,2026-03-12 02:57:40
4,lowresource,DLinear,ETTm1,96,2022,mixed,2.0,0.25,uniform,all,0.0,none,0,0.564854621887207,0.5060394406318665,782,2026-03-12 03:01:38
4,lowresource,DLinear,ETTm1,96,2021,mixed,2.0,0.25,uniform,all,0.0,none,0,0.5630646347999573,0.5041418671607971,980,2026-03-12 03:04:13
4,lowresource,DLinear,ETTm1,96,2023,mixed,2.0,0.25,uniform,all,0.0,none,0,0.5814931988716125,0.5138400197029114,896,2026-03-12 03:05:04
4,lowresource,DLinear,ETTm1,336,2021,mixed,1.0,0.1,uniform,all,0.0,none,0,0.5984625220298767,0.5285923480987549,783,2026-03-12 03:09:20
4,lowresource,DLinear,ETTm1,336,2021,mixed,2.0,0.1,uniform,all,0.0,none,0,0.6318573355674744,0.5409172177314758,1253,2026-03-12 03:19:01
4,lowresource,DLinear,ETTm1,336,2022,mixed,1.0,0.25,uniform,all,0.0,none,0,0.6381347179412842,0.5464980006217957,860,2026-03-12 03:23:12
4,lowresource,DLinear,ETTm1,336,2022,mixed,2.0,0.1,uniform,all,0.0,none,0,0.6315230131149292,0.5441650152206421,1489,2026-03-12 03:26:53
4,lowresource,DLinear,ETTm1,336,2023,mixed,1.0,0.25,uniform,all,0.0,none,0,0.6432503461837769,0.5486102104187012,1184,2026-03-12 03:29:30
4,lowresource,DLinear,ETTm1,336,2022,mixed,2.0,0.25,uniform,all,0.0,none,0,0.6315230131149292,0.5441650152206421,1452,2026-03-12 03:37:18
4,lowresource,DLinear,ETTm1,336,2023,mixed,2.0,0.1,uniform,all,0.0,none,0,0.6432503461837769,0.5486102104187012,2126,2026-03-12 03:38:41
4,lowresource,DLinear,ETTm1,336,2021,mixed,2.0,0.25,uniform,all,0.0,none,0,0.6309829950332642,0.5429795384407043,1877,2026-03-12 03:42:24
4,lowresource,DLinear,Weather,96,2021,mixed,0.5,0.25,uniform,all,0.0,none,0,0.2326474785804748,0.3193993866443634,556,2026-03-12 07:20:04
4,lowresource,DLinear,Weather,96,2022,mixed,0.5,0.1,uniform,all,0.0,none,0,0.2157813608646392,0.3001212477684021,629,2026-03-12 07:21:15
4,lowresource,DLinear,Weather,96,2022,mixed,0.5,0.25,uniform,all,0.0,none,0,0.2157813608646392,0.3001212477684021,749,2026-03-12 07:23:17
4,lowresource,DLinear,Weather,96,2021,mixed,1.0,0.25,uniform,all,0.0,none,0,0.2255847603082656,0.3109183013439178,1255,2026-03-12 07:31:43
4,lowresource,DLinear,ETTm1,336,2023,mixed,2.0,0.25,uniform,all,0.0,none,0,0.6318612098693848,0.5440816879272461,1453,2026-03-12 07:35:01
4,lowresource,DLinear,Weather,96,2023,mixed,1.0,0.25,uniform,all,0.0,none,0,0.2152959704399109,0.2987540364265442,1027,2026-03-12 07:37:38
4,lowresource,DLinear,Weather,96,2022,mixed,2.0,0.1,uniform,all,0.0,none,0,0.23085518181324,0.318130224943161,1972,2026-03-12 07:43:40
4,lowresource,DLinear,Weather,96,2023,mixed,2.0,0.1,uniform,all,0.0,none,0,0.2313799262046814,0.3184461593627929,2022,2026-03-12 07:44:28
4,lowresource,DLinear,Weather,96,2022,mixed,1.0,0.25,uniform,all,0.0,none,0,0.23085518181324,0.318130224943161,2025,2026-03-12 07:44:32
4,lowresource,DLinear,Weather,336,2021,mixed,0.5,0.25,uniform,all,0.0,none,0,0.3059478104114532,0.3696824610233307,822,2026-03-12 07:53:43
4,lowresource,DLinear,Weather,336,2021,mixed,1.0,0.1,uniform,all,0.0,none,0,0.3059478104114532,0.3696824610233307,1583,2026-03-12 07:56:01
4,lowresource,DLinear,Weather,96,2023,mixed,2.0,0.25,uniform,all,0.0,none,0,0.2313799262046814,0.3184461593627929,1985,2026-03-12 07:57:21
4,lowresource,DLinear,Weather,96,2022,mixed,2.0,0.25,uniform,all,0.0,none,0,0.23085518181324,0.318130224943161,2036,2026-03-12 07:57:40
4,lowresource,DLinear,Weather,96,2021,mixed,2.0,0.25,uniform,all,0.0,none,0,0.236741155385971,0.3249991238117218,2341,2026-03-12 08:00:42
4,lowresource,DLinear,Weather,336,2022,mixed,1.0,0.25,uniform,all,0.0,none,0,0.3183252513408661,0.3856614530086517,1988,2026-03-12 08:18:06
4,lowresource,DLinear,Weather,96,2021,mixed,2.0,0.1,uniform,all,0.0,none,0,0.2361943274736404,0.3246632814407348,4101,2026-03-12 08:19:08
4,lowresource,DLinear,Weather,336,2022,mixed,2.0,0.1,uniform,all,0.0,none,0,0.3132203817367553,0.3787418901920318,3740,2026-03-12 08:39:41
4,lowresource,DLinear,Weather,336,2023,mixed,2.0,0.1,uniform,all,0.0,none,0,0.3096848726272583,0.3753619492053985,3804,2026-03-12 08:41:29
4,lowresource,DLinear,Weather,336,2023,mixed,2.0,0.25,uniform,all,0.0,none,0,0.3096848726272583,0.3753619492053985,2903,2026-03-12 08:46:11
4,lowresource,DLinear,Weather,336,2021,mixed,1.0,0.25,uniform,all,0.0,none,0,0.313404232263565,0.3798646628856659,3736,2026-03-12 08:47:11
4,lowresource,DLinear,Weather,336,2021,mixed,2.0,0.1,uniform,all,0.0,none,0,0.313404232263565,0.3798646628856659,4357,2026-03-12 08:48:06
4,lowresource,DLinear,Weather,336,2023,mixed,1.0,0.25,uniform,all,0.0,none,0,0.3096848726272583,0.3753619492053985,3714,2026-03-12 08:56:03
4,lowresource,DLinear,Weather,336,2021,mixed,2.0,0.25,uniform,all,0.0,none,0,0.313404232263565,0.3798646628856659,4577,2026-03-12 09:12:45
4,lowresource,DLinear,Weather,336,2022,mixed,2.0,0.25,uniform,all,0.0,none,0,0.3145228028297424,0.3809045851230621,5580,2026-03-12 09:30:16
4,lowresource,DLinear,Electricity,96,2021,mixed,0.5,0.25,uniform,all,0.0,none,0,0.4096428453922272,0.4951110780239105,7607,2026-03-12 10:53:26
4,lowresource,DLinear,Electricity,96,2022,mixed,0.5,0.25,uniform,all,0.0,none,0,0.3357983827590942,0.4341047704219818,7595,2026-03-12 10:54:13
4,lowresource,SegRNN,ETTh1,96,2021,mixed,0.5,0.1,uniform,all,0.0,none,0,0.5454010367393494,0.4983527958393097,116,2026-03-12 14:08:27
4,lowresource,SegRNN,ETTh1,96,2022,mixed,0.5,0.1,uniform,all,0.0,none,0,0.5446367263793945,0.497426301240921,103,2026-03-12 14:10:36
4,lowresource,SegRNN,ETTh1,96,2023,mixed,0.5,0.1,uniform,all,0.0,none,0,0.5453383922576904,0.4978781342506408,117,2026-03-12 14:10:57
4,lowresource,SegRNN,ETTh1,96,2021,mixed,1.0,0.1,uniform,all,0.0,none,0,0.5496686697006226,0.5013046860694885,143,2026-03-12 14:13:26
4,lowresource,SegRNN,ETTh1,96,2022,mixed,1.0,0.1,uniform,all,0.0,none,0,0.5493307709693909,0.5040978789329529,172,2026-03-12 14:14:15
4,lowresource,SegRNN,ETTh1,96,2023,mixed,1.0,0.1,uniform,all,0.0,none,0,0.5427592396736145,0.4983135461807251,199,2026-03-12 14:17:11
4,lowresource,SegRNN,ETTh1,96,2021,mixed,2.0,0.1,uniform,all,0.0,none,0,0.5487298369407654,0.504046618938446,361,2026-03-12 14:20:42
4,lowresource,SegRNN,ETTh1,96,2021,mixed,0.5,0.25,uniform,all,0.0,none,0,0.4863510727882385,0.466650515794754,114,2026-03-12 14:22:55
4,lowresource,SegRNN,ETTh1,96,2021,mixed,2.0,0.25,uniform,all,0.0,none,0,0.5023288130760193,0.4754303395748138,265,2026-03-12 14:30:03
4,lowresource,SegRNN,ETTh1,336,2021,mixed,0.5,0.1,uniform,all,0.0,none,0,0.5852231383323669,0.5219821929931641,176,2026-03-12 14:31:17
4,lowresource,SegRNN,ETTh1,96,2022,mixed,2.0,0.25,uniform,all,0.0,none,0,0.5173220038414001,0.4864199161529541,321,2026-03-12 14:32:16
4,lowresource,SegRNN,ETTh1,96,2023,mixed,2.0,0.25,uniform,all,0.0,none,0,0.5260170698165894,0.4911893904209137,296,2026-03-12 14:32:21
4,lowresource,SegRNN,ETTh1,336,2022,mixed,1.0,0.1,uniform,all,0.0,none,0,0.5890496373176575,0.5261868238449097,237,2026-03-12 14:36:44
4,lowresource,SegRNN,ETTh1,336,2021,mixed,1.0,0.1,uniform,all,0.0,none,0,0.5894548892974854,0.5263888239860535,299,2026-03-12 14:37:41
4,lowresource,SegRNN,ETTh1,336,2021,mixed,0.5,0.25,uniform,all,0.0,none,0,0.5456914305686951,0.4999436140060425,178,2026-03-12 14:42:22
4,lowresource,SegRNN,ETTh1,336,2021,mixed,2.0,0.25,uniform,all,0.0,none,0,0.5795213580131531,0.522193431854248,397,2026-03-12 14:52:37
4,lowresource,SegRNN,ETTh1,336,2022,mixed,2.0,0.25,uniform,all,0.0,none,0,0.5703019499778748,0.5146139860153198,472,2026-03-12 14:55:14
4,lowresource,SegRNN,ETTh1,336,2023,mixed,2.0,0.25,uniform,all,0.0,none,0,0.5725548267364502,0.5175764560699463,589,2026-03-12 14:57:12
4,lowresource,SegRNN,ETTm1,96,2021,mixed,0.5,0.25,uniform,all,0.0,none,0,0.5510870814323425,0.4997916519641876,377,2026-03-12 15:04:08
4,lowresource,SegRNN,ETTm1,96,2022,mixed,1.0,0.1,uniform,all,0.0,none,0,0.602374255657196,0.5241187214851379,576,2026-03-12 15:04:19
4,lowresource,SegRNN,ETTm1,96,2021,mixed,1.0,0.1,uniform,all,0.0,none,0,0.5503833293914795,0.4999484717845917,719,2026-03-12 15:05:49
4,lowresource,SegRNN,ETTm1,336,2021,mixed,0.5,0.1,uniform,all,0.0,none,0,0.63565993309021,0.5412360429763794,634,2026-03-12 15:28:00
4,lowresource,SegRNN,ETTm1,96,2021,mixed,2.0,0.25,uniform,all,0.0,none,0,0.5240335464477539,0.4848406314849853,1112,2026-03-12 15:30:11
4,lowresource,SegRNN,ETTm1,96,2023,mixed,2.0,0.25,uniform,all,0.0,none,0,0.4770176112651825,0.4600044786930084,1062,2026-03-12 15:34:10
4,lowresource,SegRNN,ETTm1,96,2022,mixed,2.0,0.25,uniform,all,0.0,none,0,0.4822113811969757,0.4656157493591308,1212,2026-03-12 15:34:46
4,lowresource,SegRNN,ETTm1,336,2021,mixed,1.0,0.25,uniform,all,0.0,none,0,0.5226173996925354,0.4840513467788696,1288,2026-03-12 15:59:03
4,lowresource,SegRNN,ETTm1,336,2022,mixed,1.0,0.25,uniform,all,0.0,none,0,0.5202968716621399,0.4832413494586944,1214,2026-03-12 16:02:53
4,lowresource,SegRNN,ETTm1,336,2023,mixed,1.0,0.25,uniform,all,0.0,none,0,0.5360301733016968,0.495854765176773,1294,2026-03-12 16:04:46
4,lowresource,SegRNN,ETTm1,336,2023,mixed,2.0,0.1,uniform,all,0.0,none,0,0.5246721506118774,0.4868770241737366,2183,2026-03-12 16:07:01
4,lowresource,SegRNN,ETTm1,336,2022,mixed,2.0,0.1,uniform,all,0.0,none,0,0.5794432163238525,0.5204967856407166,2313,2026-03-12 16:07:52
4,lowresource,SegRNN,ETTm1,336,2021,mixed,2.0,0.1,uniform,all,0.0,none,0,0.5258161425590515,0.4883449375629425,2449,2026-03-12 16:09:55
4,lowresource,SegRNN,Weather,96,2022,mixed,0.5,0.1,uniform,all,0.0,none,0,0.2083504498004913,0.2708810567855835,961,2026-03-12 16:15:31
4,lowresource,SegRNN,Weather,96,2023,mixed,0.5,0.1,uniform,all,0.0,none,0,0.228407472372055,0.3016535937786102,958,2026-03-12 16:16:35
4,lowresource,SegRNN,ETTm1,336,2021,mixed,2.0,0.25,uniform,all,0.0,none,0,0.523887574672699,0.4864241778850555,2305,2026-03-12 16:22:56
4,lowresource,SegRNN,ETTm1,336,2022,mixed,2.0,0.25,uniform,all,0.0,none,0,0.5222716331481934,0.4865157306194305,2356,2026-03-12 16:25:28
4,lowresource,SegRNN,ETTm1,336,2023,mixed,2.0,0.25,uniform,all,0.0,none,0,0.5240509510040283,0.4865442216396332,2420,2026-03-12 16:27:04
4,lowresource,SegRNN,Weather,96,2023,mixed,2.0,0.1,uniform,all,0.0,none,0,0.1962038725614547,0.2668505907058716,2541,2026-03-12 16:50:40
4,lowresource,SegRNN,Weather,96,2021,mixed,1.0,0.25,uniform,all,0.0,none,0,0.1927544325590133,0.2580966055393219,2039,2026-03-12 16:57:22
4,lowresource,SegRNN,Weather,96,2022,mixed,1.0,0.25,uniform,all,0.0,none,0,0.2028124332427978,0.272295206785202,2040,2026-03-12 16:59:55
4,lowresource,SegRNN,Weather,96,2023,mixed,1.0,0.25,uniform,all,0.0,none,0,0.2015882730484008,0.2772276401519775,2122,2026-03-12 17:02:52
4,lowresource,SegRNN,Weather,96,2022,mixed,2.0,0.1,uniform,all,0.0,none,0,0.1959267407655716,0.2600726187229156,3354,2026-03-12 17:03:24
4,lowresource,SegRNN,Weather,96,2021,mixed,2.0,0.1,uniform,all,0.0,none,0,0.196747824549675,0.2577772736549377,3429,2026-03-12 17:04:37
4,lowresource,SegRNN,Weather,336,2022,mixed,0.5,0.25,uniform,all,0.0,none,0,0.2989067733287811,0.34323450922966,1732,2026-03-12 17:32:42
4,lowresource,SegRNN,Weather,96,2021,mixed,2.0,0.25,uniform,all,0.0,none,0,0.1974838674068451,0.2625893950462341,3906,2026-03-12 17:34:03
4,lowresource,SegRNN,Weather,336,2022,mixed,1.0,0.1,uniform,all,0.0,none,0,0.2989067733287811,0.34323450922966,2618,2026-03-12 17:34:45
4,lowresource,SegRNN,Weather,336,2021,mixed,0.5,0.25,uniform,all,0.0,none,0,0.2921508848667145,0.3366217017173767,1898,2026-03-12 17:34:57
4,lowresource,SegRNN,Weather,336,2021,mixed,1.0,0.1,uniform,all,0.0,none,0,0.2921508848667145,0.3366217017173767,3357,2026-03-12 17:35:25
4,lowresource,SegRNN,Weather,336,2023,mixed,0.5,0.25,uniform,all,0.0,none,0,0.326985239982605,0.3726166784763336,2014,2026-03-12 17:38:37
4,lowresource,SegRNN,Weather,96,2022,mixed,2.0,0.25,uniform,all,0.0,none,0,0.1961582154035568,0.2602952420711517,4019,2026-03-12 17:41:07
4,lowresource,SegRNN,Weather,96,2023,mixed,2.0,0.25,uniform,all,0.0,none,0,0.1982254087924957,0.2654489874839782,3960,2026-03-12 17:41:17
4,lowresource,SegRNN,Weather,336,2023,mixed,1.0,0.1,uniform,all,0.0,none,0,0.2986362874507904,0.3417539000511169,3547,2026-03-12 17:54:18
4,lowresource,SegRNN,Weather,336,2021,mixed,1.0,0.25,uniform,all,0.0,none,0,0.2982191741466522,0.34012570977211,3551,2026-03-12 18:05:50
4,lowresource,SegRNN,Weather,336,2022,mixed,1.0,0.25,uniform,all,0.0,none,0,0.320620059967041,0.3651503920555115,3667,2026-03-12 18:07:50
4,lowresource,SegRNN,Weather,336,2023,mixed,1.0,0.25,uniform,all,0.0,none,0,0.3004055917263031,0.3380016386508941,3590,2026-03-12 18:07:59
4,lowresource,SegRNN,Weather,336,2021,mixed,2.0,0.1,uniform,all,0.0,none,0,0.3053338229656219,0.3479520082473755,5896,2026-03-12 18:33:58
4,lowresource,SegRNN,Weather,336,2023,mixed,2.0,0.1,uniform,all,0.0,none,0,0.3045671582221985,0.3438001871109009,5701,2026-03-12 18:35:23
4,lowresource,SegRNN,Weather,336,2022,mixed,2.0,0.25,uniform,all,0.0,none,0,0.3184598088264465,0.3613426089286804,4855,2026-03-12 18:55:24
4,lowresource,SegRNN,Weather,336,2022,mixed,2.0,0.1,uniform,all,0.0,none,0,0.3184598088264465,0.3613426089286804,7510,2026-03-12 19:02:59
4,lowresource,SegRNN,Electricity,96,2022,mixed,0.5,0.1,uniform,all,0.0,none,0,0.2599453628063202,0.345263659954071,6407,2026-03-12 19:22:38
4,lowresource,SegRNN,Electricity,96,2021,mixed,0.5,0.1,uniform,all,0.0,none,0,0.2597410678863525,0.3449015915393829,6824,2026-03-12 19:29:07
4,lowresource,SegRNN,Weather,336,2021,mixed,2.0,0.25,uniform,all,0.0,none,0,0.3038852214813232,0.3465036749839782,7394,2026-03-12 19:36:22
4,lowresource,SegRNN,Weather,336,2023,mixed,2.0,0.25,uniform,all,0.0,none,0,0.304424375295639,0.3459499478340149,7418,2026-03-12 19:38:49
4,lowresource,SegRNN,Electricity,96,2023,mixed,0.5,0.1,uniform,all,0.0,none,0,0.3133311569690704,0.3902713656425476,7315,2026-03-12 19:40:59
4,lowresource,SegRNN,Electricity,96,2022,mixed,0.5,0.25,uniform,all,0.0,none,0,0.3104586601257324,0.3891502916812897,7342,2026-03-12 20:38:12
4,lowresource,SegRNN,Electricity,96,2021,mixed,0.5,0.25,uniform,all,0.0,none,0,0.2570635378360748,0.3415664732456207,7761,2026-03-12 20:43:48
4,lowresource,SegRNN,Electricity,96,2023,mixed,0.5,0.25,uniform,all,0.0,none,0,0.2763403356075287,0.3597432076931,6871,2026-03-12 20:50:22
4,lowresource,SegRNN,Electricity,336,2022,mixed,0.5,0.1,uniform,all,0.0,none,0,0.2757139801979065,0.3616895675659179,10784,2026-03-12 23:42:07
4,lowresource,TimesNet,ETTh1,96,2021,mixed,0.5,0.1,uniform,all,0.0,none,0,0.6950283646583557,0.5516970753669739,324,2026-03-12 23:50:27
4,lowresource,TimesNet,ETTh1,96,2023,mixed,0.5,0.1,uniform,all,0.0,none,0,0.6805124878883362,0.5463298559188843,253,2026-03-12 23:55:44
4,lowresource,TimesNet,ETTh1,96,2022,mixed,0.5,0.1,uniform,all,0.0,none,0,0.6849822402000427,0.5498712658882141,290,2026-03-12 23:55:45
4,lowresource,TimesNet,ETTh1,96,2022,mixed,1.0,0.1,uniform,all,0.0,none,0,0.6553662419319153,0.5388855934143066,470,2026-03-13 00:04:00
4,lowresource,TimesNet,ETTh1,96,2021,mixed,1.0,0.1,uniform,all,0.0,none,0,0.6940206289291382,0.551585853099823,488,2026-03-13 00:04:11
4,lowresource,TimesNet,ETTh1,96,2023,mixed,1.0,0.1,uniform,all,0.0,none,0,0.6601511836051941,0.5388714671134949,478,2026-03-13 00:04:11
4,lowresource,TimesNet,ETTh1,96,2021,mixed,0.5,0.25,uniform,all,0.0,none,0,0.5437987446784973,0.4957265257835388,352,2026-03-13 00:13:23
4,lowresource,TimesNet,ETTh1,96,2023,mixed,0.5,0.25,uniform,all,0.0,none,0,0.5168101191520691,0.4849449694156647,318,2026-03-13 00:14:50
4,lowresource,TimesNet,ETTh1,96,2022,mixed,0.5,0.25,uniform,all,0.0,none,0,0.6107133030891418,0.5184754133224487,330,2026-03-13 00:15:02
4,lowresource,TimesNet,ETTh1,96,2023,mixed,2.0,0.1,uniform,all,0.0,none,0,0.5168101191520691,0.4849449694156647,721,2026-03-13 00:16:40
4,lowresource,TimesNet,ETTh1,96,2022,mixed,2.0,0.1,uniform,all,0.0,none,0,0.5754836201667786,0.513719916343689,786,2026-03-13 00:17:43
4,lowresource,TimesNet,ETTh1,96,2021,mixed,2.0,0.1,uniform,all,0.0,none,0,0.6250852346420288,0.5294516682624817,799,2026-03-13 00:17:46
4,lowresource,TimesNet,ETTh1,96,2021,mixed,1.0,0.25,uniform,all,0.0,none,0,0.5990502238273621,0.5066386461257935,555,2026-03-13 00:23:04
4,lowresource,TimesNet,ETTh1,96,2023,mixed,1.0,0.25,uniform,all,0.0,none,0,0.5682532787322998,0.506256639957428,474,2026-03-13 00:23:22
4,lowresource,TimesNet,ETTh1,96,2022,mixed,1.0,0.25,uniform,all,0.0,none,0,0.5551729202270508,0.502297043800354,532,2026-03-13 00:24:09
4,lowresource,TimesNet,ETTh1,336,2021,mixed,0.5,0.1,uniform,all,0.0,none,0,0.7209072709083557,0.576633870601654,374,2026-03-13 00:29:44
4,lowresource,TimesNet,ETTh1,96,2022,mixed,2.0,0.25,uniform,all,0.0,none,0,0.5420058369636536,0.4927594363689422,813,2026-03-13 00:31:43
4,lowresource,TimesNet,ETTh1,96,2021,mixed,2.0,0.25,uniform,all,0.0,none,0,0.5653111934661865,0.5004898905754089,882,2026-03-13 00:31:51
4,lowresource,TimesNet,ETTh1,336,2023,mixed,0.5,0.1,uniform,all,0.0,none,0,0.712414026260376,0.5738615393638611,470,2026-03-13 00:32:25
4,lowresource,TimesNet,ETTh1,336,2022,mixed,0.5,0.1,uniform,all,0.0,none,0,0.7195678353309631,0.5776674747467041,547,2026-03-13 00:32:56
4,lowresource,TimesNet,ETTh1,96,2023,mixed,2.0,0.25,uniform,all,0.0,none,0,0.5465776324272156,0.4928143322467804,886,2026-03-13 00:32:59
4,lowresource,TimesNet,ETTh1,336,2021,mixed,1.0,0.1,uniform,all,0.0,none,0,0.7286001443862915,0.5741779804229736,504,2026-03-13 00:38:37
4,lowresource,TimesNet,ETTh1,336,2023,mixed,1.0,0.1,uniform,all,0.0,none,0,0.6966593861579895,0.5725153684616089,755,2026-03-13 00:44:54
4,lowresource,TimesNet,ETTh1,336,2021,mixed,0.5,0.25,uniform,all,0.0,none,0,0.6275534629821777,0.5392469763755798,523,2026-03-13 00:47:46
4,lowresource,TimesNet,ETTh1,336,2022,mixed,1.0,0.1,uniform,all,0.0,none,0,0.7279787063598633,0.5704672932624817,938,2026-03-13 00:47:48
4,lowresource,TimesNet,ETTh1,336,2021,mixed,2.0,0.1,uniform,all,0.0,none,0,0.7104586958885193,0.564354658126831,1229,2026-03-13 00:53:20
4,lowresource,TimesNet,ETTh1,336,2023,mixed,2.0,0.1,uniform,all,0.0,none,0,0.6868495345115662,0.5667893886566162,1304,2026-03-13 00:55:09
4,lowresource,TimesNet,ETTh1,336,2022,mixed,0.5,0.25,uniform,all,0.0,none,0,0.698884129524231,0.5704538822174072,642,2026-03-13 00:56:04
4,lowresource,TimesNet,ETTh1,336,2023,mixed,0.5,0.25,uniform,all,0.0,none,0,0.6868495345115662,0.5667893886566162,512,2026-03-13 00:56:45
4,lowresource,TimesNet,ETTh1,336,2022,mixed,2.0,0.1,uniform,all,0.0,none,0,0.7183396816253662,0.5840521454811096,1634,2026-03-13 01:00:37
4,lowresource,TimesNet,ETTh1,336,2021,mixed,1.0,0.25,uniform,all,0.0,none,0,0.6882914304733276,0.5646895170211792,803,2026-03-13 01:01:38
4,lowresource,TimesNet,ETTh1,336,2023,mixed,1.0,0.25,uniform,all,0.0,none,0,0.5618230700492859,0.5115576386451721,773,2026-03-13 01:08:29
4,lowresource,TimesNet,ETTh1,336,2022,mixed,1.0,0.25,uniform,all,0.0,none,0,0.6820233464241028,0.5663858652114868,1061,2026-03-13 01:11:28
4,lowresource,TimesNet,ETTh1,336,2021,mixed,2.0,0.25,uniform,all,0.0,none,0,0.6040223240852356,0.5284236669540405,1318,2026-03-13 01:18:31
4,lowresource,TimesNet,ETTm1,96,2021,mixed,0.5,0.1,uniform,all,0.0,none,0,0.5548831820487976,0.48340505361557,1097,2026-03-13 01:20:22
4,lowresource,TimesNet,ETTm1,96,2022,mixed,0.5,0.1,uniform,all,0.0,none,0,0.4976019859313965,0.4642743170261383,1093,2026-03-13 01:22:48
4,lowresource,TimesNet,ETTh1,336,2023,mixed,2.0,0.25,uniform,all,0.0,none,0,0.5432936549186707,0.4960344731807709,1466,2026-03-13 01:25:29
4,lowresource,TimesNet,ETTh1,336,2022,mixed,2.0,0.25,uniform,all,0.0,none,0,0.6159932613372803,0.5367676615715027,1726,2026-03-13 01:25:58
4,lowresource,TimesNet,ETTm1,96,2023,mixed,0.5,0.1,uniform,all,0.0,none,0,0.5159737467765808,0.4685083627700805,1224,2026-03-13 01:29:20
4,lowresource,TimesNet,ETTm1,96,2021,mixed,1.0,0.1,uniform,all,0.0,none,0,0.4722630977630615,0.4487139880657196,1780,2026-03-13 01:41:34
4,lowresource,TimesNet,ETTm1,96,2021,mixed,0.5,0.25,uniform,all,0.0,none,0,0.3712432384490967,0.3971554934978485,1295,2026-03-13 01:47:59
4,lowresource,TimesNet,ETTm1,96,2022,mixed,1.0,0.1,uniform,all,0.0,none,0,0.4312830865383148,0.43496835231781,1749,2026-03-13 01:48:09
4,lowresource,TimesNet,ETTm1,96,2022,mixed,0.5,0.25,uniform,all,0.0,none,0,0.3999374210834503,0.4127424657344818,1275,2026-03-13 01:51:01
4,lowresource,TimesNet,ETTm1,96,2023,mixed,1.0,0.1,uniform,all,0.0,none,0,0.4777495563030243,0.4529105722904205,1865,2026-03-13 01:51:55
4,lowresource,TimesNet,ETTm1,96,2023,mixed,0.5,0.25,uniform,all,0.0,none,0,0.3731490969657898,0.4007629156112671,1372,2026-03-13 01:53:56
4,lowresource,TimesNet,ETTm1,96,2021,mixed,1.0,0.25,uniform,all,0.0,none,0,0.4988837242126465,0.4623173177242279,1922,2026-03-13 02:10:06
4,lowresource,TimesNet,ETTm1,96,2022,mixed,1.0,0.25,uniform,all,0.0,none,0,0.5380387306213379,0.4769020974636078,1932,2026-03-13 02:12:47
4,lowresource,TimesNet,ETTm1,96,2021,mixed,2.0,0.1,uniform,all,0.0,none,0,0.4972822964191437,0.461311012506485,3097,2026-03-13 02:14:52
4,lowresource,TimesNet,ETTm1,96,2022,mixed,2.0,0.1,uniform,all,0.0,none,0,0.5380387306213379,0.4769020974636078,3180,2026-03-13 02:17:35
4,lowresource,TimesNet,ETTm1,96,2023,mixed,2.0,0.1,uniform,all,0.0,none,0,0.4235969483852386,0.4296412169933319,3130,2026-03-13 02:18:06
4,lowresource,TimesNet,ETTm1,336,2021,mixed,0.5,0.1,uniform,all,0.0,none,0,0.4982261061668396,0.4655024111270904,1691,2026-03-13 02:19:38
4,lowresource,TimesNet,ETTm1,96,2023,mixed,1.0,0.25,uniform,all,0.0,none,0,0.4235969483852386,0.4296412169933319,2373,2026-03-13 02:21:33
4,lowresource,TimesNet,ETTm1,336,2022,mixed,0.5,0.1,uniform,all,0.0,none,0,0.5456070303916931,0.4919864237308502,1754,2026-03-13 02:21:36
4,lowresource,TimesNet,ETTm1,96,2022,mixed,2.0,0.25,uniform,all,0.0,none,0,0.5380387306213379,0.4769020974636078,2256,2026-03-13 02:26:01
4,lowresource,TimesNet,ETTm1,336,2023,mixed,0.5,0.1,uniform,all,0.0,none,0,0.6205498576164246,0.5211558938026428,2031,2026-03-13 02:28:13
4,lowresource,TimesNet,ETTm1,96,2021,mixed,2.0,0.25,uniform,all,0.0,none,0,0.3633330762386322,0.3910996913909912,3152,2026-03-13 02:35:09
4,lowresource,TimesNet,ETTm1,96,2023,mixed,2.0,0.25,uniform,all,0.0,none,0,0.4149242341518402,0.4235800206661224,3397,2026-03-13 02:45:15
4,lowresource,TimesNet,ETTm1,336,2021,mixed,0.5,0.25,uniform,all,0.0,none,0,0.4326346218585968,0.4315198957920074,1951,2026-03-13 02:54:31
4,lowresource,TimesNet,ETTm1,336,2021,mixed,1.0,0.1,uniform,all,0.0,none,0,0.6615712642669678,0.5395320057868958,2661,2026-03-13 02:54:53
4,lowresource,TimesNet,ETTm1,336,2022,mixed,1.0,0.1,uniform,all,0.0,none,0,0.539337694644928,0.4872878491878509,2710,2026-03-13 02:58:24
4,lowresource,TimesNet,ETTm1,336,2022,mixed,0.5,0.25,uniform,all,0.0,none,0,0.539337694644928,0.4872878491878509,2284,2026-03-13 03:00:07
4,lowresource,TimesNet,ETTm1,336,2023,mixed,0.5,0.25,uniform,all,0.0,none,0,0.444021999835968,0.4339870810508728,2069,2026-03-13 03:00:57
4,lowresource,TimesNet,ETTm1,336,2023,mixed,1.0,0.1,uniform,all,0.0,none,0,0.4373614490032196,0.4304134845733642,3346,2026-03-13 03:11:04
4,lowresource,TimesNet,Weather,96,2022,mixed,0.5,0.1,uniform,all,0.0,none,0,0.1845905780792236,0.2370403856039047,1247,2026-03-13 03:16:07
4,lowresource,TimesNet,Weather,96,2021,mixed,0.5,0.1,uniform,all,0.0,none,0,0.1828030794858932,0.2357849180698394,1274,2026-03-13 03:16:12
4,lowresource,TimesNet,ETTm1,336,2021,mixed,1.0,0.25,uniform,all,0.0,none,0,0.4240396916866302,0.424589604139328,2953,2026-03-13 03:17:52
4,lowresource,TimesNet,Weather,96,2023,mixed,0.5,0.1,uniform,all,0.0,none,0,0.2052836716175079,0.2608743607997894,1193,2026-03-13 03:18:44
4,lowresource,TimesNet,ETTm1,336,2023,mixed,2.0,0.1,uniform,all,0.0,none,0,0.4360190033912658,0.4276257455348968,4203,2026-03-13 03:30:07
4,lowresource,TimesNet,ETTm1,336,2023,mixed,1.0,0.25,uniform,all,0.0,none,0,0.4360190033912658,0.4276257455348968,3191,2026-03-13 03:33:15
4,lowresource,TimesNet,Weather,96,2021,mixed,1.0,0.1,uniform,all,0.0,none,0,0.1868053525686264,0.2401759475469589,2230,2026-03-13 03:37:44
4,lowresource,TimesNet,Weather,96,2022,mixed,1.0,0.1,uniform,all,0.0,none,0,0.1890439987182617,0.243849903345108,2192,2026-03-13 03:37:56
4,lowresource,TimesNet,ETTm1,336,2021,mixed,2.0,0.1,uniform,all,0.0,none,0,0.5429100394248962,0.4864490628242492,4845,2026-03-13 03:38:46
4,lowresource,TimesNet,ETTm1,336,2022,mixed,1.0,0.25,uniform,all,0.0,none,0,0.5223535299301147,0.4759816825389862,4053,2026-03-13 03:43:08
4,lowresource,TimesNet,Weather,96,2023,mixed,1.0,0.1,uniform,all,0.0,none,0,0.1876918524503708,0.240605890750885,2343,2026-03-13 03:50:34
4,lowresource,TimesNet,ETTm1,336,2022,mixed,2.0,0.25,uniform,all,0.0,none,0,0.5203825831413269,0.4753637015819549,4644,2026-03-13 04:01:00
4,lowresource,TimesNet,ETTm1,336,2021,mixed,2.0,0.25,uniform,all,0.0,none,0,0.4198795855045318,0.4220223128795624,4803,2026-03-13 04:03:09
4,lowresource,TimesNet,ETTm1,336,2022,mixed,2.0,0.1,uniform,all,0.0,none,0,0.5199925899505615,0.4753448367118835,6646,2026-03-13 04:09:18
4,lowresource,TimesNet,ETTm1,336,2023,mixed,2.0,0.25,uniform,all,0.0,none,0,0.4364164471626282,0.4282185137271881,5713,2026-03-13 04:20:57
4,lowresource,TimesNet,Weather,96,2022,mixed,0.5,0.25,uniform,all,0.0,none,0,0.1768875569105148,0.2293614894151687,1290,2026-03-13 13:25:43
4,lowresource,TimesNet,Weather,96,2021,mixed,0.5,0.25,uniform,all,0.0,none,0,0.1748932898044586,0.2268653661012649,1324,2026-03-13 13:26:14
4,lowresource,TimesNet,Weather,96,2023,mixed,0.5,0.25,uniform,all,0.0,none,0,0.1945582628250122,0.2484409213066101,1385,2026-03-13 13:27:21
4,lowresource,TimesNet,Weather,96,2022,mixed,1.0,0.25,uniform,all,0.0,none,0,0.1859477460384369,0.2385541796684265,2016,2026-03-13 13:37:46
4,lowresource,TimesNet,Weather,96,2023,mixed,1.0,0.25,uniform,all,0.0,none,0,0.1876118034124374,0.2383418828248977,2155,2026-03-13 13:40:11
4,lowresource,TimesNet,Weather,96,2021,mixed,1.0,0.25,uniform,all,0.0,none,0,0.1793091595172882,0.2311826199293136,2350,2026-03-13 13:43:20
4,lowresource,TimesNet,Weather,336,2021,mixed,0.5,0.1,uniform,all,0.0,none,0,0.2847252190113067,0.307879626750946,1645,2026-03-13 14:05:40
4,lowresource,TimesNet,Weather,96,2021,mixed,2.0,0.1,uniform,all,0.0,none,0,0.1876877248287201,0.2403980791568756,4223,2026-03-13 14:14:38
4,lowresource,TimesNet,Weather,336,2022,mixed,0.5,0.1,uniform,all,0.0,none,0,0.2928156852722168,0.3143718540668487,2063,2026-03-13 14:15:01
4,lowresource,TimesNet,Weather,96,2023,mixed,2.0,0.1,uniform,all,0.0,none,0,0.1732167452573776,0.2248716056346893,4291,2026-03-13 14:15:41
4,lowresource,TimesNet,Weather,96,2022,mixed,2.0,0.1,uniform,all,0.0,none,0,0.1894260942935943,0.2421058863401413,4383,2026-03-13 14:17:15
4,lowresource,TimesNet,Weather,336,2023,mixed,0.5,0.1,uniform,all,0.0,none,0,0.2889871001243591,0.3101286888122558,2147,2026-03-13 14:19:34
4,lowresource,TimesNet,Weather,96,2023,mixed,2.0,0.25,uniform,all,0.0,none,0,0.1732167452573776,0.2248716056346893,4062,2026-03-13 14:35:30
4,lowresource,TimesNet,Weather,96,2022,mixed,2.0,0.25,uniform,all,0.0,none,0,0.1752017140388488,0.2273347377777099,4433,2026-03-13 14:40:34
4,lowresource,TimesNet,Weather,96,2021,mixed,2.0,0.25,uniform,all,0.0,none,0,0.174116775393486,0.2261255532503128,4503,2026-03-13 14:41:13
4,lowresource,TimesNet,Weather,336,2021,mixed,1.0,0.1,uniform,all,0.0,none,0,0.2812960743904114,0.3055722415447235,3800,2026-03-13 15:09:27
4,lowresource,TimesNet,Weather,336,2022,mixed,0.5,0.25,uniform,all,0.0,none,0,0.2905952632427215,0.3128069341182709,2287,2026-03-13 15:19:09
4,lowresource,TimesNet,Weather,336,2021,mixed,0.5,0.25,uniform,all,0.0,none,0,0.2791534066200256,0.3020006716251373,2631,2026-03-13 15:19:48
4,lowresource,TimesNet,Weather,336,2023,mixed,0.5,0.25,uniform,all,0.0,none,0,0.2834624350070953,0.3067754209041595,2317,2026-03-13 15:20:18
4,lowresource,TimesNet,Weather,336,2023,mixed,1.0,0.1,uniform,all,0.0,none,0,0.2834624350070953,0.3067754209041595,3896,2026-03-13 15:20:25
4,lowresource,TimesNet,Weather,336,2022,mixed,1.0,0.1,uniform,all,0.0,none,0,0.2874014675617218,0.3117841482162475,4092,2026-03-13 15:23:18
4,lowresource,TimesNet,Weather,336,2021,mixed,1.0,0.25,uniform,all,0.0,none,0,0.2863413691520691,0.3103556632995605,2941,2026-03-13 15:58:56
4,lowresource,TimesNet,Weather,336,2023,mixed,2.0,0.1,uniform,all,0.0,none,0,0.280991643667221,0.3044544756412506,6843,2026-03-13 16:14:04
4,lowresource,TimesNet,Weather,336,2022,mixed,2.0,0.1,uniform,all,0.0,none,0,0.2851932942867279,0.3084591627120971,7571,2026-03-13 16:23:53
4,lowresource,TimesNet,Weather,336,2021,mixed,2.0,0.1,uniform,all,0.0,none,0,0.2859957814216614,0.3101126551628113,7765,2026-03-13 16:25:33
4,lowresource,TimesNet,Weather,336,2022,mixed,1.0,0.25,uniform,all,0.0,none,0,0.2851932942867279,0.3084591627120971,4128,2026-03-13 16:28:24
4,lowresource,TimesNet,Weather,336,2023,mixed,1.0,0.25,uniform,all,0.0,none,0,0.2793071269989013,0.3033291697502136,4163,2026-03-13 16:29:39
4,lowresource,TimesNet,Weather,336,2021,mixed,2.0,0.25,uniform,all,0.0,none,0,0.2859957814216614,0.3101126551628113,4456,2026-03-13 16:35:02
4,lowresource,TimesNet,Weather,336,2023,mixed,2.0,0.25,uniform,all,0.0,none,0,0.2793071269989013,0.3033291697502136,5515,2026-03-13 16:55:40
4,lowresource,TimesNet,Weather,336,2022,mixed,2.0,0.25,uniform,all,0.0,none,0,0.2789292335510254,0.3028473556041717,7271,2026-03-13 17:22:03
4,lowresource,TimesNet,Electricity,96,2021,mixed,0.5,0.1,uniform,all,0.0,none,0,0.539691150188446,0.5638943910598755,7367,2026-03-13 18:02:10
4,lowresource,TimesNet,Electricity,96,2022,mixed,0.5,0.1,uniform,all,0.0,none,0,0.836983859539032,0.7565253376960754,7647,2026-03-13 18:21:58
4,lowresource,TimesNet,Electricity,96,2023,mixed,0.5,0.1,uniform,all,0.0,none,0,0.5588712096214294,0.5760992169380188,7180,2026-03-13 18:24:01
4,lowresource,TimesNet,Electricity,96,2021,mixed,0.5,0.25,uniform,all,0.0,none,0,0.280399352312088,0.3638191521167755,7728,2026-03-13 20:11:25
4,lowresource,TimesNet,Electricity,96,2023,mixed,0.5,0.25,uniform,all,0.0,none,0,0.3269860446453094,0.40700563788414,7377,2026-03-13 20:27:26
4,lowresource,TimesNet,Electricity,96,2022,mixed,0.5,0.25,uniform,all,0.0,none,0,0.2813437581062317,0.3646973371505737,7772,2026-03-13 20:31:58
4,lowresource,iTransformer,ETTh1,96,2023,mixed,0.5,0.1,uniform,all,0.0,none,0,0.470280647277832,0.4536455571651459,109,2026-03-13 23:32:44
4,lowresource,iTransformer,ETTh1,96,2021,mixed,0.5,0.1,uniform,all,0.0,none,0,0.4695262312889099,0.4547321200370788,112,2026-03-13 23:32:47
4,lowresource,iTransformer,ETTh1,96,2022,mixed,0.5,0.1,uniform,all,0.0,none,0,0.473128080368042,0.4554175138473511,113,2026-03-13 23:32:48
4,lowresource,iTransformer,ETTh1,96,2021,mixed,1.0,0.1,uniform,all,0.0,none,0,0.4751821458339691,0.4561661779880523,190,2026-03-13 23:34:05
4,lowresource,iTransformer,ETTh1,96,2022,mixed,1.0,0.1,uniform,all,0.0,none,0,0.4808971583843231,0.457683801651001,188,2026-03-13 23:35:54
4,lowresource,iTransformer,ETTh1,96,2023,mixed,1.0,0.1,uniform,all,0.0,none,0,0.4782054126262665,0.457020491361618,197,2026-03-13 23:36:11
4,lowresource,iTransformer,ETTh1,96,2021,mixed,0.5,0.25,uniform,all,0.0,none,0,0.4268900156021118,0.4260039925575256,122,2026-03-13 23:36:33
4,lowresource,iTransformer,ETTh1,96,2023,mixed,2.0,0.1,uniform,all,0.0,none,0,0.4560128450393677,0.4462415874004364,261,2026-03-13 23:37:35
4,lowresource,iTransformer,ETTh1,96,2022,mixed,0.5,0.25,uniform,all,0.0,none,0,0.4943471550941467,0.4630249738693237,120,2026-03-13 23:38:22
4,lowresource,iTransformer,ETTh1,96,2021,mixed,2.0,0.1,uniform,all,0.0,none,0,0.4497734606266022,0.4393169581890106,317,2026-03-13 23:38:27
4,lowresource,iTransformer,ETTh1,96,2023,mixed,0.5,0.25,uniform,all,0.0,none,0,0.4297811686992645,0.4278442859649658,120,2026-03-13 23:38:37
4,lowresource,iTransformer,ETTh1,96,2022,mixed,2.0,0.1,uniform,all,0.0,none,0,0.4637689590454101,0.448695570230484,360,2026-03-13 23:39:14
4,lowresource,iTransformer,ETTh1,96,2021,mixed,1.0,0.25,uniform,all,0.0,none,0,0.4748820066452026,0.4524648487567901,211,2026-03-13 23:40:30
4,lowresource,iTransformer,ETTh1,96,2022,mixed,1.0,0.25,uniform,all,0.0,none,0,0.4387018382549286,0.4326361119747162,193,2026-03-13 23:41:14
4,lowresource,iTransformer,ETTh1,96,2023,mixed,1.0,0.25,uniform,all,0.0,none,0,0.4392459094524383,0.4336391687393188,197,2026-03-13 23:42:08
4,lowresource,iTransformer,ETTh1,336,2021,mixed,0.5,0.1,uniform,all,0.0,none,0,0.5791245102882385,0.5112542510032654,184,2026-03-13 23:44:00
4,lowresource,iTransformer,ETTh1,336,2022,mixed,0.5,0.1,uniform,all,0.0,none,0,0.5834992527961731,0.5131084322929382,177,2026-03-13 23:44:37
4,lowresource,iTransformer,ETTh1,96,2021,mixed,2.0,0.25,uniform,all,0.0,none,0,0.4513925611972809,0.4413917660713196,347,2026-03-13 23:44:42
4,lowresource,iTransformer,ETTh1,96,2022,mixed,2.0,0.25,uniform,all,0.0,none,0,0.4564514458179474,0.4431229829788208,341,2026-03-13 23:44:45
4,lowresource,iTransformer,ETTh1,96,2023,mixed,2.0,0.25,uniform,all,0.0,none,0,0.4581628739833832,0.4446730613708496,355,2026-03-13 23:45:36
4,lowresource,iTransformer,ETTh1,336,2023,mixed,0.5,0.1,uniform,all,0.0,none,0,0.5768908858299255,0.5102055668830872,184,2026-03-13 23:45:40
4,lowresource,iTransformer,ETTh1,336,2021,mixed,1.0,0.1,uniform,all,0.0,none,0,0.5942936539649963,0.5176241993904114,317,2026-03-13 23:49:43
4,lowresource,iTransformer,ETTh1,336,2023,mixed,1.0,0.1,uniform,all,0.0,none,0,0.602388322353363,0.5221719741821289,302,2026-03-13 23:50:10
4,lowresource,iTransformer,ETTh1,336,2022,mixed,1.0,0.1,uniform,all,0.0,none,0,0.5943552851676941,0.5186426639556885,310,2026-03-13 23:50:13
4,lowresource,iTransformer,ETTh1,336,2021,mixed,0.5,0.25,uniform,all,0.0,none,0,0.5299009084701538,0.4809025228023529,189,2026-03-13 23:53:18
4,lowresource,iTransformer,ETTh1,336,2023,mixed,0.5,0.25,uniform,all,0.0,none,0,0.5305392146110535,0.4822390079498291,177,2026-03-13 23:53:36
4,lowresource,iTransformer,ETTh1,336,2022,mixed,0.5,0.25,uniform,all,0.0,none,0,0.5294138193130493,0.4805681407451629,184,2026-03-13 23:53:41
4,lowresource,iTransformer,ETTh1,336,2023,mixed,2.0,0.1,uniform,all,0.0,none,0,0.5305392146110535,0.4822390079498291,458,2026-03-13 23:53:46
4,lowresource,iTransformer,ETTh1,336,2022,mixed,2.0,0.1,uniform,all,0.0,none,0,0.5294138193130493,0.4805681407451629,525,2026-03-13 23:54:47
4,lowresource,iTransformer,ETTh1,336,2021,mixed,2.0,0.1,uniform,all,0.0,none,0,0.5610079169273376,0.5007890462875366,610,2026-03-13 23:55:21
4,lowresource,iTransformer,ETTh1,336,2021,mixed,1.0,0.25,uniform,all,0.0,none,0,0.5383189916610718,0.4848094880580902,315,2026-03-13 23:58:59
4,lowresource,iTransformer,ETTh1,336,2022,mixed,1.0,0.25,uniform,all,0.0,none,0,0.5597568154335022,0.4959456026554107,314,2026-03-13 23:59:15
4,lowresource,iTransformer,ETTh1,336,2023,mixed,1.0,0.25,uniform,all,0.0,none,0,0.5510649681091309,0.4929500222206116,319,2026-03-13 23:59:26
4,lowresource,iTransformer,ETTh1,336,2021,mixed,2.0,0.25,uniform,all,0.0,none,0,0.5383189916610718,0.4848094880580902,372,2026-03-14 00:00:27
4,lowresource,iTransformer,ETTm1,96,2023,mixed,0.5,0.1,uniform,all,0.0,none,0,0.4015492498874664,0.4052163362503052,305,2026-03-14 00:04:58
4,lowresource,iTransformer,ETTh1,336,2022,mixed,2.0,0.25,uniform,all,0.0,none,0,0.5481357574462891,0.4904921352863312,619,2026-03-14 00:05:33
4,lowresource,iTransformer,ETTm1,96,2021,mixed,0.5,0.1,uniform,all,0.0,none,0,0.4457119107246399,0.4332688748836517,397,2026-03-14 00:06:02
4,lowresource,iTransformer,ETTh1,336,2023,mixed,2.0,0.25,uniform,all,0.0,none,0,0.5402366518974304,0.4867671728134155,615,2026-03-14 00:06:02
4,lowresource,iTransformer,ETTm1,96,2022,mixed,0.5,0.1,uniform,all,0.0,none,0,0.4053452610969543,0.4089184105396271,395,2026-03-14 00:06:16
4,lowresource,iTransformer,ETTm1,96,2021,mixed,1.0,0.1,uniform,all,0.0,none,0,0.5403813123703003,0.4804426729679107,604,2026-03-14 00:11:16
4,lowresource,iTransformer,ETTm1,96,2022,mixed,1.0,0.1,uniform,all,0.0,none,0,0.4347925186157226,0.4264705181121826,612,2026-03-14 00:15:37
4,lowresource,iTransformer,ETTm1,96,2023,mixed,1.0,0.1,uniform,all,0.0,none,0,0.4346596002578735,0.4289350509643554,739,2026-03-14 00:18:18
4,lowresource,iTransformer,ETTm1,96,2021,mixed,0.5,0.25,uniform,all,0.0,none,0,0.4370850324630737,0.4308824837207794,419,2026-03-14 00:23:02
4,lowresource,iTransformer,ETTm1,96,2022,mixed,0.5,0.25,uniform,all,0.0,none,0,0.4141302406787872,0.4176984429359436,345,2026-03-14 00:24:30
4,lowresource,iTransformer,ETTm1,96,2021,mixed,2.0,0.1,uniform,all,0.0,none,0,0.3787505328655243,0.3943530321121216,1333,2026-03-14 00:28:41
4,lowresource,iTransformer,ETTm1,96,2022,mixed,2.0,0.1,uniform,all,0.0,none,0,0.4052998423576355,0.4081860184669494,1337,2026-03-14 00:28:45
4,lowresource,iTransformer,ETTm1,96,2023,mixed,0.5,0.25,uniform,all,0.0,none,0,0.351930171251297,0.378004252910614,429,2026-03-14 00:29:11
4,lowresource,iTransformer,ETTm1,96,2023,mixed,2.0,0.1,uniform,all,0.0,none,0,0.4235109388828277,0.4229851365089416,1370,2026-03-14 00:29:32
4,lowresource,iTransformer,ETTm1,96,2022,mixed,1.0,0.25,uniform,all,0.0,none,0,0.3785683810710907,0.392040878534317,468,2026-03-14 00:32:45
4,lowresource,iTransformer,ETTm1,96,2021,mixed,1.0,0.25,uniform,all,0.0,none,0,0.4344137609004974,0.4229246079921722,664,2026-03-14 00:34:32
4,lowresource,iTransformer,ETTm1,96,2023,mixed,1.0,0.25,uniform,all,0.0,none,0,0.3823971152305603,0.3954251408576965,702,2026-03-14 00:40:50
4,lowresource,iTransformer,ETTm1,336,2021,mixed,0.5,0.1,uniform,all,0.0,none,0,0.4740093052387237,0.4474044740200043,536,2026-03-14 00:42:08
4,lowresource,iTransformer,ETTm1,336,2022,mixed,0.5,0.1,uniform,all,0.0,none,0,0.4825968742370605,0.4527105093002319,667,2026-03-14 00:46:06
4,lowresource,iTransformer,ETTm1,336,2023,mixed,0.5,0.1,uniform,all,0.0,none,0,0.4625184834003448,0.4410053193569183,641,2026-03-14 00:51:58
4,lowresource,iTransformer,ETTm1,96,2021,mixed,2.0,0.25,uniform,all,0.0,none,0,0.3758949041366577,0.3939367234706878,1427,2026-03-14 00:52:58
4,lowresource,iTransformer,ETTm1,96,2022,mixed,2.0,0.25,uniform,all,0.0,none,0,0.3726694583892822,0.3916615545749664,1425,2026-03-14 00:53:43
4,lowresource,iTransformer,ETTm1,96,2023,mixed,2.0,0.25,uniform,all,0.0,none,0,0.3599915206432342,0.3838719129562378,1352,2026-03-14 00:53:57
4,lowresource,iTransformer,ETTm1,336,2021,mixed,1.0,0.1,uniform,all,0.0,none,0,0.4790122210979461,0.451391190290451,1268,2026-03-14 01:03:43
4,lowresource,iTransformer,ETTm1,336,2022,mixed,1.0,0.1,uniform,all,0.0,none,0,0.4829559028148651,0.4538334906101227,1211,2026-03-14 01:06:44
4,lowresource,iTransformer,ETTm1,336,2023,mixed,1.0,0.1,uniform,all,0.0,none,0,0.5019558072090149,0.4665551483631134,1248,2026-03-14 01:13:13
4,lowresource,iTransformer,ETTm1,336,2021,mixed,0.5,0.25,uniform,all,0.0,none,0,0.4978750348091125,0.4635613560676574,677,2026-03-14 01:15:26
4,lowresource,iTransformer,ETTm1,336,2022,mixed,0.5,0.25,uniform,all,0.0,none,0,0.4334915280342102,0.4246619045734405,705,2026-03-14 01:18:56
4,lowresource,iTransformer,ETTm1,336,2023,mixed,0.5,0.25,uniform,all,0.0,none,0,0.4298205077648163,0.4230715632438659,643,2026-03-14 01:24:23
4,lowresource,iTransformer,ETTm1,336,2022,mixed,2.0,0.1,uniform,all,0.0,none,0,0.440389484167099,0.4302998483181,2422,2026-03-14 01:34:32
4,lowresource,iTransformer,ETTm1,336,2023,mixed,2.0,0.1,uniform,all,0.0,none,0,0.486295074224472,0.4584220051765442,2396,2026-03-14 01:34:50
4,lowresource,iTransformer,ETTm1,336,2021,mixed,2.0,0.1,uniform,all,0.0,none,0,0.4905937314033508,0.4561455845832824,2494,2026-03-14 01:34:58
4,lowresource,iTransformer,ETTm1,336,2021,mixed,1.0,0.25,uniform,all,0.0,none,0,0.4397785067558288,0.4284519255161285,1302,2026-03-14 01:37:35
4,lowresource,iTransformer,ETTm1,336,2022,mixed,1.0,0.25,uniform,all,0.0,none,0,0.440969854593277,0.4308659136295318,1206,2026-03-14 01:39:29
4,lowresource,iTransformer,ETTm1,336,2023,mixed,1.0,0.25,uniform,all,0.0,none,0,0.4576690793037414,0.4406096041202545,1272,2026-03-14 01:46:01
4,lowresource,iTransformer,Weather,96,2023,mixed,0.5,0.1,uniform,all,0.0,none,0,0.1900772154331207,0.2347529083490371,1014,2026-03-14 01:52:18
4,lowresource,iTransformer,Weather,96,2021,mixed,0.5,0.1,uniform,all,0.0,none,0,0.1856721937656402,0.2312169820070266,1083,2026-03-14 01:53:01
4,lowresource,iTransformer,Weather,96,2022,mixed,0.5,0.1,uniform,all,0.0,none,0,0.1848818212747573,0.2310316264629364,1142,2026-03-14 01:55:05
4,lowresource,iTransformer,ETTm1,336,2021,mixed,2.0,0.25,uniform,all,0.0,none,0,0.441378116607666,0.4309070706367492,2104,2026-03-14 02:03:03
4,lowresource,iTransformer,Weather,96,2022,mixed,0.5,0.25,uniform,all,0.0,none,0,0.1833853721618652,0.2308763414621353,654,2026-03-14 02:08:57
4,lowresource,iTransformer,Weather,96,2021,mixed,1.0,0.1,uniform,all,0.0,none,0,0.1848517060279846,0.22993004322052,1975,2026-03-14 02:10:26
4,lowresource,iTransformer,Weather,96,2023,mixed,1.0,0.1,uniform,all,0.0,none,0,0.1794162988662719,0.2234860509634018,1897,2026-03-14 02:11:34
4,lowresource,iTransformer,ETTm1,336,2023,mixed,2.0,0.25,uniform,all,0.0,none,0,0.4397980570793152,0.4303311705589294,2439,2026-03-14 02:12:41
4,lowresource,iTransformer,ETTm1,336,2022,mixed,2.0,0.25,uniform,all,0.0,none,0,0.4369475245475769,0.4290940761566162,2524,2026-03-14 02:13:04
4,lowresource,iTransformer,Weather,96,2022,mixed,1.0,0.1,uniform,all,0.0,none,0,0.1833853721618652,0.2308763414621353,2118,2026-03-14 02:13:19
4,lowresource,iTransformer,Weather,96,2021,mixed,0.5,0.25,uniform,all,0.0,none,0,0.1787567436695099,0.2228819131851196,1057,2026-03-14 02:13:58
4,lowresource,iTransformer,Weather,96,2023,mixed,0.5,0.25,uniform,all,0.0,none,0,0.1887657940387725,0.2347059845924377,896,2026-03-14 02:18:26
4,lowresource,iTransformer,Weather,96,2022,mixed,1.0,0.25,uniform,all,0.0,none,0,0.1860424876213073,0.2320059090852737,1388,2026-03-14 02:34:01
4,lowresource,iTransformer,Weather,96,2021,mixed,1.0,0.25,uniform,all,0.0,none,0,0.1793285310268402,0.2254388779401779,1893,2026-03-14 02:40:57
4,lowresource,iTransformer,Weather,96,2021,mixed,2.0,0.1,uniform,all,0.0,none,0,0.1793285310268402,0.2254388779401779,3317,2026-03-14 02:41:44
4,lowresource,iTransformer,Weather,336,2021,mixed,0.5,0.1,uniform,all,0.0,none,0,0.2944041490554809,0.3145382404327392,1790,2026-03-14 02:43:35
4,lowresource,iTransformer,Weather,336,2022,mixed,0.5,0.1,uniform,all,0.0,none,0,0.2893684804439544,0.3095162510871887,1902,2026-03-14 02:46:55
4,lowresource,iTransformer,Weather,96,2023,mixed,1.0,0.25,uniform,all,0.0,none,0,0.1839262396097183,0.2302178591489792,2098,2026-03-14 02:46:58
4,lowresource,iTransformer,Weather,336,2023,mixed,0.5,0.1,uniform,all,0.0,none,0,0.2898510992527008,0.310411274433136,1870,2026-03-14 02:50:02
4,lowresource,iTransformer,Weather,96,2023,mixed,2.0,0.25,uniform,all,0.0,none,0,0.1838961243629455,0.2303115725517273,2815,2026-03-14 03:00:26
4,lowresource,iTransformer,Weather,96,2023,mixed,2.0,0.1,uniform,all,0.0,none,0,0.1838961243629455,0.2303115725517273,4074,2026-03-14 03:01:21
4,lowresource,iTransformer,Weather,96,2022,mixed,2.0,0.1,uniform,all,0.0,none,0,0.1856060624122619,0.2315271943807602,4168,2026-03-14 03:02:12
4,lowresource,iTransformer,Weather,96,2021,mixed,2.0,0.25,uniform,all,0.0,none,0,0.1798098981380462,0.2239833325147628,3190,2026-03-14 03:06:14
4,lowresource,iTransformer,Weather,96,2022,mixed,2.0,0.25,uniform,all,0.0,none,0,0.1784509867429733,0.2229216694831848,4169,2026-03-14 03:22:37
4,lowresource,iTransformer,Weather,336,2021,mixed,1.0,0.1,uniform,all,0.0,none,0,0.2909801006317138,0.3118814527988434,3700,2026-03-14 03:26:15
4,lowresource,iTransformer,Weather,336,2022,mixed,1.0,0.1,uniform,all,0.0,none,0,0.2850222289562225,0.3044347167015075,3910,2026-03-14 03:34:14
4,lowresource,iTransformer,Weather,336,2023,mixed,1.0,0.1,uniform,all,0.0,none,0,0.2908140420913696,0.3114399909973144,3824,2026-03-14 03:35:18
4,lowresource,iTransformer,Weather,336,2021,mixed,1.0,0.25,uniform,all,0.0,none,0,0.2902243137359619,0.3112038969993591,3093,2026-03-14 03:35:26
4,lowresource,iTransformer,Weather,336,2022,mixed,1.0,0.25,uniform,all,0.0,none,0,0.2855012118816376,0.3061679303646087,3661,2026-03-14 03:45:04
4,lowresource,iTransformer,Weather,336,2023,mixed,1.0,0.25,uniform,all,0.0,none,0,0.2852787673473358,0.304968923330307,4069,2026-03-14 03:55:13
4,lowresource,iTransformer,Weather,336,2021,mixed,2.0,0.1,uniform,all,0.0,none,0,0.2821522057056427,0.3024425506591797,7394,2026-03-14 04:37:42
4,lowresource,iTransformer,Weather,336,2021,mixed,2.0,0.25,uniform,all,0.0,none,0,0.2821522057056427,0.3024425506591797,6790,2026-03-14 04:43:39
4,lowresource,iTransformer,Weather,336,2022,mixed,2.0,0.1,uniform,all,0.0,none,0,0.2898917198181152,0.3095689117908478,7375,2026-03-14 04:44:18
4,lowresource,iTransformer,Weather,336,2022,mixed,2.0,0.25,uniform,all,0.0,none,0,0.2829851508140564,0.3033649325370788,7427,2026-03-14 04:55:42
4,lowresource,iTransformer,Electricity,96,2021,mixed,0.5,0.25,uniform,all,0.0,none,0,0.2104566395282745,0.2985462844371795,7218,2026-03-15 08:01:04
4,lowresource,iTransformer,Electricity,96,2023,mixed,0.5,0.25,uniform,all,0.0,none,0,0.211132526397705,0.2989798784255981,7384,2026-03-15 08:03:49
4,lowresource,iTransformer,Electricity,96,2022,mixed,0.5,0.1,uniform,all,0.0,none,0,0.1948224157094955,0.284019410610199,7518,2026-03-15 08:06:03
4,lowresource,iTransformer,Electricity,96,2021,mixed,0.5,0.1,uniform,all,0.0,none,0,0.218150720000267,0.3065822720527649,7584,2026-03-15 08:07:09
4,lowresource,iTransformer,Electricity,96,2023,mixed,0.5,0.1,uniform,all,0.0,none,0,0.217547208070755,0.306466281414032,7645,2026-03-15 08:08:11
4,lowresource,iTransformer,Weather,336,2023,mixed,2.0,0.25,uniform,all,0.0,none,0,0.2846269011497497,0.3048097789287567,7696,2026-03-15 08:09:35
4,lowresource,iTransformer,Electricity,96,2022,mixed,0.5,0.25,uniform,all,0.0,none,0,0.1929900199174881,0.2801525890827179,7743,2026-03-15 08:09:48
4,lowresource,PatchTST,ETTh1,96,2022,mixed,0.5,0.1,uniform,all,0.0,none,0,0.5865845680236816,0.5184985995292664,75,2026-03-15 12:03:17
4,lowresource,PatchTST,ETTh1,96,2023,mixed,0.5,0.1,uniform,all,0.0,none,0,0.545029878616333,0.4954539537429809,83,2026-03-15 12:03:25
4,lowresource,PatchTST,ETTh1,96,2021,mixed,0.5,0.1,uniform,all,0.0,none,0,0.5204004049301147,0.4814501106739044,100,2026-03-15 12:03:42
4,lowresource,PatchTST,ETTh1,96,2021,mixed,1.0,0.1,uniform,all,0.0,none,0,0.5204004049301147,0.4814501106739044,109,2026-03-15 12:03:51
4,lowresource,PatchTST,ETTh1,96,2023,mixed,1.0,0.1,uniform,all,0.0,none,0,0.545029878616333,0.4954539537429809,125,2026-03-15 12:04:08
4,lowresource,PatchTST,ETTh1,96,2022,mixed,1.0,0.1,uniform,all,0.0,none,0,0.5436363816261292,0.4969402551651001,143,2026-03-15 12:04:25
4,lowresource,PatchTST,ETTh1,96,2021,mixed,2.0,0.1,uniform,all,0.0,none,0,0.4954663217067718,0.4701821506023407,161,2026-03-15 12:04:44
4,lowresource,PatchTST,ETTh1,96,2021,mixed,0.5,0.25,uniform,all,0.0,none,0,0.5289701223373413,0.4875243008136749,97,2026-03-15 12:05:28
4,lowresource,PatchTST,ETTh1,96,2022,mixed,2.0,0.1,uniform,all,0.0,none,0,0.497691661119461,0.4724699854850769,212,2026-03-15 12:05:35
4,lowresource,PatchTST,ETTh1,96,2022,mixed,0.5,0.25,uniform,all,0.0,none,0,0.4954244494438171,0.4707605838775635,117,2026-03-15 12:06:05
4,lowresource,PatchTST,ETTh1,96,2023,mixed,0.5,0.25,uniform,all,0.0,none,0,0.5308176875114441,0.4897249341011047,115,2026-03-15 12:06:12
4,lowresource,PatchTST,ETTh1,96,2023,mixed,1.0,0.25,uniform,all,0.0,none,0,0.5599837899208069,0.5092436671257019,94,2026-03-15 12:06:43
4,lowresource,PatchTST,ETTh1,96,2021,mixed,1.0,0.25,uniform,all,0.0,none,0,0.5572813749313354,0.5057783722877502,163,2026-03-15 12:07:17
4,lowresource,PatchTST,ETTh1,96,2022,mixed,1.0,0.25,uniform,all,0.0,none,0,0.5200112462043762,0.4853228330612182,195,2026-03-15 12:08:07
4,lowresource,PatchTST,ETTh1,336,2022,mixed,0.5,0.1,uniform,all,0.0,none,0,0.5942991375923157,0.524629533290863,107,2026-03-15 12:08:57
4,lowresource,PatchTST,ETTh1,96,2023,mixed,2.0,0.1,uniform,all,0.0,none,0,0.5363582968711853,0.4958558976650238,354,2026-03-15 12:09:37
4,lowresource,PatchTST,ETTh1,336,2021,mixed,0.5,0.1,uniform,all,0.0,none,0,0.6056323647499084,0.530401349067688,182,2026-03-15 12:09:40
4,lowresource,PatchTST,ETTh1,336,2023,mixed,0.5,0.1,uniform,all,0.0,none,0,0.5924157500267029,0.5265178084373474,185,2026-03-15 12:10:48
4,lowresource,PatchTST,ETTh1,96,2023,mixed,2.0,0.25,uniform,all,0.0,none,0,0.5363582968711853,0.4958558976650238,261,2026-03-15 12:10:52
4,lowresource,PatchTST,ETTh1,96,2021,mixed,2.0,0.25,uniform,all,0.0,none,0,0.5188033580780029,0.4894435107707977,353,2026-03-15 12:11:47
4,lowresource,PatchTST,ETTh1,96,2022,mixed,2.0,0.25,uniform,all,0.0,none,0,0.5230721235275269,0.4889818131923675,362,2026-03-15 12:12:03
4,lowresource,PatchTST,ETTh1,336,2023,mixed,1.0,0.1,uniform,all,0.0,none,0,0.6225969195365906,0.5402835607528687,237,2026-03-15 12:14:01
4,lowresource,PatchTST,ETTh1,336,2022,mixed,0.5,0.25,uniform,all,0.0,none,0,0.620231032371521,0.5449832677841187,94,2026-03-15 12:14:04
4,lowresource,PatchTST,ETTh1,336,2021,mixed,1.0,0.1,uniform,all,0.0,none,0,0.5608136057853699,0.5099743604660034,336,2026-03-15 12:14:09
4,lowresource,PatchTST,ETTh1,336,2022,mixed,1.0,0.1,uniform,all,0.0,none,0,0.620231032371521,0.5449832677841187,296,2026-03-15 12:14:19
4,lowresource,PatchTST,ETTh1,336,2021,mixed,0.5,0.25,uniform,all,0.0,none,0,0.5598651766777039,0.5093377232551575,172,2026-03-15 12:15:06
4,lowresource,PatchTST,ETTh1,336,2023,mixed,0.5,0.25,uniform,all,0.0,none,0,0.5898467302322388,0.5274255871772766,175,2026-03-15 12:17:22
4,lowresource,PatchTST,ETTh1,336,2021,mixed,2.0,0.1,uniform,all,0.0,none,0,0.5744671821594238,0.518618106842041,570,2026-03-15 12:19:36
4,lowresource,PatchTST,ETTh1,336,2022,mixed,1.0,0.25,uniform,all,0.0,none,0,0.6071874499320984,0.5384629964828491,309,2026-03-15 12:19:44
4,lowresource,PatchTST,ETTh1,336,2021,mixed,1.0,0.25,uniform,all,0.0,none,0,0.5801810026168823,0.5221794247627258,322,2026-03-15 12:19:52
4,lowresource,PatchTST,ETTh1,336,2023,mixed,1.0,0.25,uniform,all,0.0,none,0,0.5875157713890076,0.526675283908844,315,2026-03-15 12:20:00
4,lowresource,PatchTST,ETTh1,336,2023,mixed,2.0,0.1,uniform,all,0.0,none,0,0.5875157713890076,0.526675283908844,581,2026-03-15 12:20:59
4,lowresource,PatchTST,ETTh1,336,2022,mixed,2.0,0.1,uniform,all,0.0,none,0,0.6039328575134277,0.5333086252212524,616,2026-03-15 12:21:30
4,lowresource,PatchTST,ETTh1,336,2021,mixed,2.0,0.25,uniform,all,0.0,none,0,0.5770394206047058,0.5206747055053711,612,2026-03-15 12:25:44
4,lowresource,PatchTST,ETTm1,96,2021,mixed,0.5,0.1,uniform,all,0.0,none,0,0.5585921406745911,0.4910308122634887,368,2026-03-15 12:26:18
4,lowresource,PatchTST,ETTm1,96,2023,mixed,0.5,0.1,uniform,all,0.0,none,0,0.5547496676445007,0.4907033741474151,357,2026-03-15 12:26:24
4,lowresource,PatchTST,ETTm1,96,2022,mixed,0.5,0.1,uniform,all,0.0,none,0,0.5614522695541382,0.4926624894142151,398,2026-03-15 12:26:58
4,lowresource,PatchTST,ETTh1,336,2022,mixed,2.0,0.25,uniform,all,0.0,none,0,0.5883945822715759,0.5257012248039246,624,2026-03-15 12:28:12
4,lowresource,PatchTST,ETTm1,96,2021,mixed,1.0,0.1,uniform,all,0.0,none,0,0.5512085556983948,0.4899627566337585,539,2026-03-15 12:30:25
4,lowresource,PatchTST,ETTh1,336,2023,mixed,2.0,0.25,uniform,all,0.0,none,0,0.5883722901344299,0.5263864994049072,626,2026-03-15 12:30:29
4,lowresource,PatchTST,ETTm1,96,2022,mixed,1.0,0.1,uniform,all,0.0,none,0,0.499432772397995,0.4647447764873504,726,2026-03-15 12:34:03
4,lowresource,PatchTST,ETTm1,96,2022,mixed,0.5,0.25,uniform,all,0.0,none,0,0.5344911217689514,0.4730291366577148,266,2026-03-15 12:35:17
4,lowresource,PatchTST,ETTm1,96,2021,mixed,0.5,0.25,uniform,all,0.0,none,0,0.5028932690620422,0.4674310982227325,415,2026-03-15 12:35:34
4,lowresource,PatchTST,ETTm1,96,2023,mixed,0.5,0.25,uniform,all,0.0,none,0,0.5238378643989563,0.4770055711269378,369,2026-03-15 12:37:04
4,lowresource,PatchTST,ETTm1,96,2023,mixed,1.0,0.1,uniform,all,0.0,none,0,0.5238378643989563,0.4770055711269378,660,2026-03-15 12:37:11
4,lowresource,PatchTST,ETTm1,96,2022,mixed,2.0,0.1,uniform,all,0.0,none,0,0.4887963831424713,0.4598637223243713,1012,2026-03-15 12:43:42
4,lowresource,PatchTST,ETTm1,96,2021,mixed,2.0,0.1,uniform,all,0.0,none,0,0.4982897639274597,0.4672690629959106,1071,2026-03-15 12:44:35
4,lowresource,PatchTST,ETTm1,96,2021,mixed,1.0,0.25,uniform,all,0.0,none,0,0.4920188188552856,0.4641090333461761,749,2026-03-15 12:46:58
4,lowresource,PatchTST,ETTm1,96,2022,mixed,1.0,0.25,uniform,all,0.0,none,0,0.4845433235168457,0.4581398665904999,730,2026-03-15 12:47:53
4,lowresource,PatchTST,ETTm1,96,2023,mixed,1.0,0.25,uniform,all,0.0,none,0,0.5895397663116455,0.5036452412605286,732,2026-03-15 12:48:12
4,lowresource,PatchTST,ETTm1,96,2023,mixed,2.0,0.1,uniform,all,0.0,none,0,0.5038259625434875,0.4635103940963745,1393,2026-03-15 12:50:37
4,lowresource,PatchTST,ETTm1,336,2021,mixed,0.5,0.1,uniform,all,0.0,none,0,0.5943845510482788,0.5174329876899719,656,2026-03-15 12:55:57
4,lowresource,PatchTST,ETTm1,96,2021,mixed,2.0,0.25,uniform,all,0.0,none,0,0.4779523015022278,0.4560315608978271,1225,2026-03-15 12:57:56
4,lowresource,PatchTST,ETTm1,336,2022,mixed,0.5,0.1,uniform,all,0.0,none,0,0.5907996296882629,0.5109760165214539,644,2026-03-15 12:58:09
4,lowresource,PatchTST,ETTm1,336,2023,mixed,0.5,0.1,uniform,all,0.0,none,0,0.6632727384567261,0.5513660311698914,684,2026-03-15 12:59:43
4,lowresource,PatchTST,ETTm1,96,2022,mixed,2.0,0.25,uniform,all,0.0,none,0,0.4760593771934509,0.4511966705322265,1415,2026-03-15 13:01:12
4,lowresource,PatchTST,ETTm1,96,2023,mixed,2.0,0.25,uniform,all,0.0,none,0,0.4808841347694397,0.4543859958648681,1367,2026-03-15 13:06:56
4,lowresource,PatchTST,ETTm1,336,2021,mixed,1.0,0.1,uniform,all,0.0,none,0,0.5436165928840637,0.4929150640964508,1238,2026-03-15 13:09:18
4,lowresource,PatchTST,ETTm1,336,2022,mixed,1.0,0.1,uniform,all,0.0,none,0,0.5677843689918518,0.5009434819221497,1241,2026-03-15 13:11:45
4,lowresource,PatchTST,ETTm1,336,2021,mixed,0.5,0.25,uniform,all,0.0,none,0,0.5361649990081787,0.4886588156223297,695,2026-03-15 13:13:13
4,lowresource,PatchTST,ETTm1,336,2023,mixed,1.0,0.1,uniform,all,0.0,none,0,0.5733221173286438,0.5078904628753662,1262,2026-03-15 13:17:25
4,lowresource,PatchTST,ETTm1,336,2022,mixed,0.5,0.25,uniform,all,0.0,none,0,0.5940761566162109,0.511401891708374,660,2026-03-15 13:18:23
4,lowresource,PatchTST,ETTm1,336,2023,mixed,0.5,0.25,uniform,all,0.0,none,0,0.5733221173286438,0.5078904628753662,644,2026-03-15 13:20:35
4,lowresource,PatchTST,ETTm1,336,2021,mixed,1.0,0.25,uniform,all,0.0,none,0,0.5208317637443542,0.4782272577285766,1283,2026-03-15 13:33:34
4,lowresource,PatchTST,ETTm1,336,2022,mixed,1.0,0.25,uniform,all,0.0,none,0,0.5382628440856934,0.4846490323543548,1278,2026-03-15 13:34:57
4,lowresource,PatchTST,ETTm1,336,2023,mixed,2.0,0.1,uniform,all,0.0,none,0,0.5268934965133667,0.480776697397232,2264,2026-03-15 13:37:53
4,lowresource,PatchTST,ETTm1,336,2021,mixed,2.0,0.1,uniform,all,0.0,none,0,0.5672085881233215,0.4986993670463562,2406,2026-03-15 13:38:28
4,lowresource,PatchTST,ETTm1,336,2023,mixed,1.0,0.25,uniform,all,0.0,none,0,0.5973256230354309,0.5181484818458557,1300,2026-03-15 13:39:31
4,lowresource,PatchTST,ETTm1,336,2022,mixed,2.0,0.1,uniform,all,0.0,none,0,0.5518806576728821,0.4885948002338409,2474,2026-03-15 13:39:49
4,lowresource,PatchTST,Weather,96,2022,mixed,0.5,0.1,uniform,all,0.0,none,0,0.1981133669614792,0.2525005936622619,850,2026-03-15 13:52:29
4,lowresource,PatchTST,ETTm1,336,2022,mixed,2.0,0.25,uniform,all,0.0,none,0,0.5089415311813354,0.4679980278015136,1890,2026-03-15 13:52:31
4,lowresource,PatchTST,Weather,96,2021,mixed,0.5,0.1,uniform,all,0.0,none,0,0.1965477019548416,0.252296507358551,1054,2026-03-15 13:52:57
4,lowresource,PatchTST,Weather,96,2023,mixed,0.5,0.1,uniform,all,0.0,none,0,0.1959547102451324,0.2511553764343261,877,2026-03-15 13:53:32
4,lowresource,PatchTST,Weather,96,2021,mixed,1.0,0.1,uniform,all,0.0,none,0,0.1965477019548416,0.252296507358551,843,2026-03-15 13:54:00
4,lowresource,PatchTST,ETTm1,336,2021,mixed,2.0,0.25,uniform,all,0.0,none,0,0.5245298743247986,0.4766546487808227,2414,2026-03-15 13:59:03
4,lowresource,PatchTST,Weather,96,2022,mixed,1.0,0.1,uniform,all,0.0,none,0,0.202015072107315,0.257286787033081,1347,2026-03-15 14:02:44
4,lowresource,PatchTST,ETTm1,336,2023,mixed,2.0,0.25,uniform,all,0.0,none,0,0.5362784266471863,0.4845766425132751,2022,2026-03-15 14:07:42
4,lowresource,PatchTST,Weather,96,2021,mixed,0.5,0.25,uniform,all,0.0,none,0,0.1926307529211044,0.2474055886268615,1073,2026-03-15 14:12:20
4,lowresource,PatchTST,Weather,96,2022,mixed,0.5,0.25,uniform,all,0.0,none,0,0.1960099190473556,0.2510248720645904,959,2026-03-15 14:15:30
4,lowresource,PatchTST,Weather,96,2021,mixed,1.0,0.25,uniform,all,0.0,none,0,0.2012026607990265,0.2574537098407745,885,2026-03-15 14:17:56
4,lowresource,PatchTST,Weather,96,2023,mixed,0.5,0.25,uniform,all,0.0,none,0,0.1920293867588043,0.2460898607969284,1096,2026-03-15 14:20:55
4,lowresource,PatchTST,Weather,96,2022,mixed,2.0,0.1,uniform,all,0.0,none,0,0.196947768330574,0.251033753156662,1651,2026-03-15 14:20:55
4,lowresource,PatchTST,Weather,96,2023,mixed,1.0,0.1,uniform,all,0.0,none,0,0.1920293867588043,0.2460898607969284,1704,2026-03-15 14:21:20
4,lowresource,PatchTST,Weather,96,2023,mixed,2.0,0.1,uniform,all,0.0,none,0,0.1958959996700287,0.2502200305461883,1759,2026-03-15 14:23:19
4,lowresource,PatchTST,Weather,336,2023,mixed,0.5,0.1,uniform,all,0.0,none,0,0.3062267899513244,0.3301309943199157,1140,2026-03-15 14:32:46
4,lowresource,PatchTST,Weather,336,2021,mixed,0.5,0.1,uniform,all,0.0,none,0,0.3038665056228637,0.328351080417633,1296,2026-03-15 14:33:16
4,lowresource,PatchTST,Weather,336,2022,mixed,0.5,0.1,uniform,all,0.0,none,0,0.3013146817684173,0.3265343904495239,1308,2026-03-15 14:34:34
4,lowresource,PatchTST,Weather,96,2022,mixed,1.0,0.25,uniform,all,0.0,none,0,0.1992267072200775,0.252465009689331,1989,2026-03-15 14:38:48
4,lowresource,PatchTST,Weather,336,2022,mixed,1.0,0.1,uniform,all,0.0,none,0,0.3003444075584411,0.3246064782142639,1342,2026-03-15 14:40:46
4,lowresource,PatchTST,Weather,96,2023,mixed,1.0,0.25,uniform,all,0.0,none,0,0.195830300450325,0.2503618896007538,2155,2026-03-15 14:43:34
4,lowresource,PatchTST,Weather,336,2021,mixed,1.0,0.1,uniform,all,0.0,none,0,0.2981832325458526,0.3233839869499206,1936,2026-03-15 14:48:14
4,lowresource,PatchTST,Weather,96,2021,mixed,2.0,0.25,uniform,all,0.0,none,0,0.2023741602897644,0.2554757297039032,2408,2026-03-15 14:48:16
4,lowresource,PatchTST,Weather,96,2022,mixed,2.0,0.25,uniform,all,0.0,none,0,0.1992267072200775,0.252465009689331,2822,2026-03-15 14:55:40
4,lowresource,PatchTST,Weather,96,2021,mixed,2.0,0.1,uniform,all,0.0,none,0,0.2023741602897644,0.2554757297039032,3978,2026-03-15 14:59:16
4,lowresource,PatchTST,Weather,336,2021,mixed,0.5,0.25,uniform,all,0.0,none,0,0.2968300879001617,0.3220714032649994,1979,2026-03-15 15:06:43
4,lowresource,PatchTST,Weather,336,2022,mixed,0.5,0.25,uniform,all,0.0,none,0,0.2974487245082855,0.3228119313716888,1951,2026-03-15 15:07:32
4,lowresource,PatchTST,Weather,336,2023,mixed,2.0,0.1,uniform,all,0.0,none,0,0.296738862991333,0.3220983445644378,2737,2026-03-15 15:09:23
4,lowresource,PatchTST,Weather,96,2023,mixed,2.0,0.25,uniform,all,0.0,none,0,0.199978619813919,0.2532883286476135,3674,2026-03-15 15:11:23
4,lowresource,PatchTST,Weather,336,2023,mixed,0.5,0.25,uniform,all,0.0,none,0,0.3004375696182251,0.3242982029914856,1974,2026-03-15 15:12:09
4,lowresource,PatchTST,Weather,336,2023,mixed,1.0,0.1,uniform,all,0.0,none,0,0.3005951941013336,0.3244616985321045,3420,2026-03-15 15:18:22
4,lowresource,PatchTST,Weather,336,2022,mixed,1.0,0.25,uniform,all,0.0,none,0,0.3074455261230469,0.3296579122543335,3734,2026-03-15 15:44:10
4,lowresource,PatchTST,Weather,336,2023,mixed,1.0,0.25,uniform,all,0.0,none,0,0.3025593757629394,0.3258909285068512,3654,2026-03-15 15:44:56
4,lowresource,PatchTST,Weather,336,2021,mixed,1.0,0.25,uniform,all,0.0,none,0,0.3002596199512481,0.3245747089385986,3853,2026-03-15 15:45:26
4,lowresource,PatchTST,Weather,336,2021,mixed,2.0,0.1,uniform,all,0.0,none,0,0.3034640848636627,0.3261478245258331,6559,2026-03-15 16:10:42
4,lowresource,PatchTST,Weather,336,2023,mixed,2.0,0.25,uniform,all,0.0,none,0,0.3025593757629394,0.3258909285068512,4653,2026-03-15 16:13:40
4,lowresource,PatchTST,Weather,336,2022,mixed,2.0,0.1,uniform,all,0.0,none,0,0.3035424351692199,0.3259961605072021,6865,2026-03-15 16:16:11
4,lowresource,PatchTST,Weather,336,2021,mixed,2.0,0.25,uniform,all,0.0,none,0,0.3034640848636627,0.3261478245258331,5662,2026-03-15 16:23:04
4,lowresource,PatchTST,Electricity,96,2021,mixed,0.5,0.1,uniform,all,0.0,none,0,0.3110706508159637,0.3838492035865783,5186,2026-03-15 16:26:09
4,lowresource,PatchTST,Electricity,96,2022,mixed,0.5,0.1,uniform,all,0.0,none,0,0.3077215254306793,0.3801758289337158,5191,2026-03-15 16:33:41
4,lowresource,PatchTST,Electricity,96,2023,mixed,0.5,0.1,uniform,all,0.0,none,0,0.3075127303600311,0.3812626600265503,5231,2026-03-15 16:35:10
4,lowresource,PatchTST,Weather,336,2022,mixed,2.0,0.25,uniform,all,0.0,none,0,0.3035424351692199,0.3259961605072021,7097,2026-03-15 16:47:00
4,lowresource,PatchTST,Electricity,96,2023,mixed,0.5,0.25,uniform,all,0.0,none,0,0.3063007593154907,0.3800826072692871,3927,2026-03-15 17:19:34
4,lowresource,PatchTST,Electricity,96,2022,mixed,0.5,0.25,uniform,all,0.0,none,0,0.3066613674163818,0.3800466060638428,4302,2026-03-15 17:22:51
4,lowresource,PatchTST,Electricity,96,2021,mixed,0.5,0.25,uniform,all,0.0,none,0,0.3136653900146484,0.384599894285202,7397,2026-03-15 17:49:10
4,lowresource,PatchTST,Electricity,336,2022,mixed,0.5,0.1,uniform,all,0.0,none,0,0.3001786768436432,0.3827110826969147,9368,2026-03-15 19:59:27
4,lowresource,DLinear,ETTh1,96,2022,mixed,2.0,0.1,uniform,all,0.0,none,0,0.5628007650375366,0.5104326009750366,372,2026-03-19 04:57:55
4,lowresource,DLinear,ETTh1,96,2023,mixed,2.0,0.1,uniform,all,0.0,none,0,0.5619321465492249,0.5101326107978821,305,2026-03-19 05:03:19
4,lowresource,DLinear,ETTh1,96,2022,mixed,0.5,0.25,uniform,all,0.0,none,0,0.5056580901145935,0.4800377488136291,128,2026-03-19 05:06:03
4,lowresource,DLinear,ETTh1,336,2021,mixed,2.0,0.1,uniform,all,0.0,none,0,0.6083354353904724,0.5386719107627869,640,2026-03-19 05:20:52
4,lowresource,DLinear,ETTh1,336,2021,mixed,0.5,0.25,uniform,all,0.0,none,0,0.5668596625328064,0.5170442461967468,188,2026-03-19 05:24:54
4,lowresource,DLinear,ETTm1,96,2021,mixed,0.5,0.1,uniform,all,0.0,none,0,0.5780262351036072,0.5115375518798828,390,2026-03-19 05:34:03
4,lowresource,DLinear,ETTm1,96,2023,mixed,0.5,0.1,uniform,all,0.0,none,0,0.5806555151939392,0.5117421746253967,339,2026-03-19 05:40:18
4,lowresource,DLinear,ETTm1,96,2021,mixed,1.0,0.1,uniform,all,0.0,none,0,0.5816554427146912,0.5136794447898865,481,2026-03-19 05:48:39
4,lowresource,DLinear,ETTm1,96,2022,mixed,1.0,0.1,uniform,all,0.0,none,0,0.5873180031776428,0.5162776708602905,562,2026-03-19 05:58:19
4,lowresource,DLinear,ETTm1,96,2023,mixed,1.0,0.1,uniform,all,0.0,none,0,0.5850936770439148,0.5153210759162903,542,2026-03-19 06:07:39
4,lowresource,DLinear,ETTm1,96,2022,mixed,2.0,0.1,uniform,all,0.0,none,0,0.5937395095825195,0.5184675455093384,587,2026-03-19 06:18:02
4,lowresource,DLinear,ETTm1,96,2023,mixed,2.0,0.1,uniform,all,0.0,none,0,0.5922300219535828,0.5203857421875,860,2026-03-19 06:32:41
4,lowresource,DLinear,ETTm1,96,2021,mixed,0.5,0.25,uniform,all,0.0,none,0,0.5406441688537598,0.4929700791835785,419,2026-03-19 06:39:58
4,lowresource,DLinear,ETTm1,96,2022,mixed,0.5,0.25,uniform,all,0.0,none,0,0.5384571552276611,0.4921470284461975,357,2026-03-19 06:46:14
4,lowresource,DLinear,ETTm1,96,2023,mixed,0.5,0.25,uniform,all,0.0,none,0,0.5404068231582642,0.4921750724315643,303,2026-03-19 06:51:36
4,lowresource,DLinear,ETTm1,96,2023,mixed,1.0,0.25,uniform,all,0.0,none,0,0.5662229657173157,0.5053070187568665,541,2026-03-19 07:01:31
4,lowresource,DLinear,ETTm1,336,2021,mixed,0.5,0.1,uniform,all,0.0,none,0,0.6267403364181519,0.5400311350822449,696,2026-03-19 07:14:19
4,lowresource,DLinear,ETTm1,336,2022,mixed,0.5,0.1,uniform,all,0.0,none,0,0.6277503967285156,0.5404924154281616,711,2026-03-19 07:23:34
4,lowresource,DLinear,ETTm1,336,2023,mixed,0.5,0.1,uniform,all,0.0,none,0,0.6256064772605896,0.5389323234558105,627,2026-03-19 07:25:04
4,lowresource,DLinear,ETTm1,336,2023,mixed,1.0,0.1,uniform,all,0.0,none,0,0.6354051232337952,0.5467002987861633,682,2026-03-19 07:36:46
4,lowresource,DLinear,ETTm1,336,2022,mixed,1.0,0.1,uniform,all,0.0,none,0,0.6381347179412842,0.5464980006217957,1332,2026-03-19 07:46:23
4,lowresource,DLinear,ETTm1,336,2021,mixed,0.5,0.25,uniform,all,0.0,none,0,0.5915098786354065,0.5230067372322083,681,2026-03-19 07:49:19
4,lowresource,DLinear,ETTm1,336,2022,mixed,0.5,0.25,uniform,all,0.0,none,0,0.5904903411865234,0.5223382711410522,694,2026-03-19 07:58:16
4,lowresource,DLinear,ETTm1,336,2023,mixed,0.5,0.25,uniform,all,0.0,none,0,0.5898194909095764,0.5221067667007446,706,2026-03-19 08:01:24
4,lowresource,DLinear,ETTm1,336,2021,mixed,1.0,0.25,uniform,all,0.0,none,0,0.6145849227905273,0.5329877138137817,679,2026-03-19 08:09:53
4,lowresource,DLinear,Weather,96,2021,mixed,0.5,0.1,uniform,all,0.0,none,0,0.2253456860780716,0.3111495971679687,1107,2026-03-19 08:21:38
4,lowresource,DLinear,Weather,96,2023,mixed,0.5,0.1,uniform,all,0.0,none,0,0.2258455008268356,0.3115645945072174,789,2026-03-19 08:23:39
4,lowresource,DLinear,Weather,96,2022,mixed,1.0,0.1,uniform,all,0.0,none,0,0.2320101112127304,0.3188191950321197,892,2026-03-19 08:38:50
4,lowresource,DLinear,Weather,96,2021,mixed,1.0,0.1,uniform,all,0.0,none,0,0.2297994345426559,0.317211389541626,1095,2026-03-19 08:40:11
4,lowresource,DLinear,Weather,96,2023,mixed,0.5,0.25,uniform,all,0.0,none,0,0.2152959704399109,0.2987540364265442,1088,2026-03-19 09:00:06
4,lowresource,DLinear,Weather,96,2023,mixed,1.0,0.1,uniform,all,0.0,none,0,0.2152959704399109,0.2987540364265442,1316,2026-03-19 09:01:04
4,lowresource,DLinear,Weather,336,2021,mixed,0.5,0.1,uniform,all,0.0,none,0,0.3052537143230438,0.3677650094032287,838,2026-03-19 09:15:39
4,lowresource,DLinear,Weather,336,2022,mixed,0.5,0.1,uniform,all,0.0,none,0,0.3048157095909118,0.3679373860359192,837,2026-03-19 09:15:51
4,lowresource,DLinear,Weather,336,2023,mixed,0.5,0.1,uniform,all,0.0,none,0,0.302821010351181,0.3640636205673218,849,2026-03-19 09:30:08
4,lowresource,DLinear,Weather,336,2022,mixed,1.0,0.1,uniform,all,0.0,none,0,0.3157143592834472,0.3829368352890014,1958,2026-03-19 09:49:05
4,lowresource,DLinear,Weather,336,2023,mixed,1.0,0.1,uniform,all,0.0,none,0,0.3170464932918548,0.3845470249652862,1996,2026-03-19 10:03:44
4,lowresource,DLinear,Weather,336,2022,mixed,0.5,0.25,uniform,all,0.0,none,0,0.3014480769634247,0.3651609718799591,1605,2026-03-19 10:17:20
4,lowresource,DLinear,Weather,336,2023,mixed,0.5,0.25,uniform,all,0.0,none,0,0.2983142137527466,0.3601557314395904,841,2026-03-19 10:18:04
4,lowresource,DLinear,Electricity,96,2021,mixed,0.5,0.1,uniform,all,0.0,none,0,0.3491426706314087,0.4455036222934723,7411,2026-03-19 12:22:21
4,lowresource,DLinear,Electricity,96,2022,mixed,0.5,0.1,uniform,all,0.0,none,0,0.3495137095451355,0.4459002017974853,7550,2026-03-19 12:24:49
4,lowresource,DLinear,Electricity,96,2023,mixed,0.5,0.1,uniform,all,0.0,none,0,0.3491838276386261,0.44552743434906,5407,2026-03-19 13:52:47
4,lowresource,DLinear,Electricity,96,2023,mixed,0.5,0.25,uniform,all,0.0,none,0,0.2908322811126709,0.3889561295509338,7763,2026-03-19 23:36:39
4,lowresource,DLinear,Electricity,336,2023,mixed,0.5,0.1,uniform,all,0.0,none,0,0.3545826077461242,0.4523800015449524,9289,2026-03-20 13:31:56
4,lowresource,SegRNN,ETTh1,96,2023,mixed,2.0,0.1,uniform,all,0.0,none,0,0.5521870851516724,0.5042891502380371,276,2026-03-21 04:39:58
4,lowresource,SegRNN,ETTh1,96,2022,mixed,2.0,0.1,uniform,all,0.0,none,0,0.5524653196334839,0.5076274871826172,339,2026-03-21 04:40:57
4,lowresource,SegRNN,ETTh1,96,2022,mixed,0.5,0.25,uniform,all,0.0,none,0,0.4908046126365661,0.4703024923801422,123,2026-03-21 04:42:38
4,lowresource,SegRNN,ETTh1,96,2023,mixed,0.5,0.25,uniform,all,0.0,none,0,0.4873603284358978,0.4676949083805084,128,2026-03-21 04:43:24
4,lowresource,SegRNN,ETTh1,96,2021,mixed,1.0,0.25,uniform,all,0.0,none,0,0.5023288130760193,0.4754303395748138,216,2026-03-21 04:46:32
4,lowresource,SegRNN,ETTh1,96,2022,mixed,1.0,0.25,uniform,all,0.0,none,0,0.5051562190055847,0.4771630764007568,221,2026-03-21 04:47:23
4,lowresource,SegRNN,ETTh1,96,2023,mixed,1.0,0.25,uniform,all,0.0,none,0,0.5059465765953064,0.4780185222625732,211,2026-03-21 04:50:22
4,lowresource,SegRNN,ETTh1,336,2022,mixed,0.5,0.1,uniform,all,0.0,none,0,0.591120183467865,0.5261868238449097,191,2026-03-21 04:52:04
4,lowresource,SegRNN,ETTh1,336,2023,mixed,0.5,0.1,uniform,all,0.0,none,0,0.5885007977485657,0.5232255458831787,195,2026-03-21 04:53:55
4,lowresource,SegRNN,ETTh1,336,2023,mixed,1.0,0.1,uniform,all,0.0,none,0,0.5886523127555847,0.5259122252464294,342,2026-03-21 04:58:40
4,lowresource,SegRNN,ETTh1,336,2021,mixed,2.0,0.1,uniform,all,0.0,none,0,0.6019987463951111,0.5354389548301697,628,2026-03-21 05:04:41
4,lowresource,SegRNN,ETTh1,336,2022,mixed,2.0,0.1,uniform,all,0.0,none,0,0.5978618860244751,0.5327450633049011,634,2026-03-21 05:09:32
4,lowresource,SegRNN,ETTh1,336,2022,mixed,0.5,0.25,uniform,all,0.0,none,0,0.5492455959320068,0.5025805234909058,151,2026-03-21 05:12:40
4,lowresource,SegRNN,ETTh1,336,2023,mixed,2.0,0.1,uniform,all,0.0,none,0,0.5461505651473999,0.4993041157722473,630,2026-03-21 05:15:30
4,lowresource,SegRNN,ETTh1,336,2023,mixed,0.5,0.25,uniform,all,0.0,none,0,0.5445420145988464,0.4979720413684845,198,2026-03-21 05:16:16
4,lowresource,SegRNN,ETTh1,336,2021,mixed,1.0,0.25,uniform,all,0.0,none,0,0.5645519495010376,0.5095776915550232,250,2026-03-21 05:19:59
4,lowresource,SegRNN,ETTh1,336,2022,mixed,1.0,0.25,uniform,all,0.0,none,0,0.5655081272125244,0.5118293166160583,259,2026-03-21 05:20:53
4,lowresource,SegRNN,ETTh1,336,2023,mixed,1.0,0.25,uniform,all,0.0,none,0,0.5598458051681519,0.5081803202629089,318,2026-03-21 05:25:36
4,lowresource,SegRNN,ETTm1,96,2021,mixed,0.5,0.1,uniform,all,0.0,none,0,0.5522449612617493,0.4943425059318542,409,2026-03-21 05:28:53
4,lowresource,SegRNN,ETTm1,96,2022,mixed,0.5,0.1,uniform,all,0.0,none,0,0.5400784015655518,0.4896090626716614,418,2026-03-21 05:32:52
4,lowresource,SegRNN,ETTm1,96,2023,mixed,0.5,0.1,uniform,all,0.0,none,0,0.541933000087738,0.4906814694404602,421,2026-03-21 05:36:13
4,lowresource,SegRNN,ETTm1,96,2023,mixed,1.0,0.1,uniform,all,0.0,none,0,0.5436479449272156,0.4959835708141327,749,2026-03-21 05:46:15
4,lowresource,SegRNN,ETTm1,96,2021,mixed,2.0,0.1,uniform,all,0.0,none,0,0.5594796538352966,0.5082350969314575,1289,2026-03-21 05:58:01
4,lowresource,SegRNN,ETTm1,96,2022,mixed,2.0,0.1,uniform,all,0.0,none,0,0.4505146145820617,0.4431821405887604,1160,2026-03-21 06:02:12
4,lowresource,SegRNN,ETTm1,96,2022,mixed,0.5,0.25,uniform,all,0.0,none,0,0.4425782561302185,0.4394372701644897,396,2026-03-21 06:05:15
4,lowresource,SegRNN,ETTm1,96,2023,mixed,2.0,0.1,uniform,all,0.0,none,0,0.4396221935749054,0.4365520477294922,1297,2026-03-21 06:08:11
4,lowresource,SegRNN,ETTm1,96,2023,mixed,0.5,0.25,uniform,all,0.0,none,0,0.4401336908340454,0.4377166330814361,418,2026-03-21 06:09:28
4,lowresource,SegRNN,ETTm1,96,2021,mixed,1.0,0.25,uniform,all,0.0,none,0,0.4669463634490967,0.4536254107952118,691,2026-03-21 06:17:05
4,lowresource,SegRNN,ETTm1,96,2022,mixed,1.0,0.25,uniform,all,0.0,none,0,0.4632841944694519,0.4529028832912445,758,2026-03-21 06:21:08
4,lowresource,SegRNN,ETTm1,96,2023,mixed,1.0,0.25,uniform,all,0.0,none,0,0.4702283143997192,0.4568239748477936,755,2026-03-21 06:22:22
4,lowresource,SegRNN,ETTm1,336,2022,mixed,0.5,0.1,uniform,all,0.0,none,0,0.5910614132881165,0.5183615684509277,666,2026-03-21 06:29:39
4,lowresource,SegRNN,ETTm1,336,2023,mixed,0.5,0.1,uniform,all,0.0,none,0,0.6157143115997314,0.5304293632507324,678,2026-03-21 06:32:44
4,lowresource,SegRNN,ETTm1,336,2021,mixed,1.0,0.1,uniform,all,0.0,none,0,0.5899558663368225,0.5209272503852844,1325,2026-03-21 06:44:46
4,lowresource,SegRNN,ETTm1,336,2022,mixed,1.0,0.1,uniform,all,0.0,none,0,0.5899489521980286,0.5222165584564209,1296,2026-03-21 06:51:33
4,lowresource,SegRNN,ETTm1,336,2023,mixed,1.0,0.1,uniform,all,0.0,none,0,0.5988743901252747,0.5268204212188721,1224,2026-03-21 06:53:26
4,lowresource,SegRNN,ETTm1,336,2021,mixed,0.5,0.25,uniform,all,0.0,none,0,0.5059582591056824,0.4725628793239593,701,2026-03-21 06:57:40
4,lowresource,SegRNN,ETTm1,336,2022,mixed,0.5,0.25,uniform,all,0.0,none,0,0.5005824565887451,0.4693583846092224,690,2026-03-21 07:03:21
4,lowresource,SegRNN,ETTm1,336,2023,mixed,0.5,0.25,uniform,all,0.0,none,0,0.508806586265564,0.4743331968784332,723,2026-03-21 07:05:48
4,lowresource,SegRNN,Weather,96,2021,mixed,0.5,0.1,uniform,all,0.0,none,0,0.2099858969449997,0.2757778465747833,1142,2026-03-21 07:18:46
4,lowresource,SegRNN,Weather,96,2021,mixed,1.0,0.1,uniform,all,0.0,none,0,0.2075656056404113,0.2708435356616974,2097,2026-03-21 07:39:13
4,lowresource,SegRNN,Weather,96,2022,mixed,1.0,0.1,uniform,all,0.0,none,0,0.2065533846616745,0.2711156606674194,2210,2026-03-21 07:42:56
4,lowresource,SegRNN,Weather,96,2023,mixed,1.0,0.1,uniform,all,0.0,none,0,0.2071479260921478,0.2718815803527832,1978,2026-03-21 07:52:03
4,lowresource,SegRNN,Weather,96,2021,mixed,0.5,0.25,uniform,all,0.0,none,0,0.1872722953557968,0.2530753016471863,1096,2026-03-21 07:58:42
4,lowresource,SegRNN,Weather,96,2022,mixed,0.5,0.25,uniform,all,0.0,none,0,0.1872199177742004,0.2543838322162628,1153,2026-03-21 08:02:28
4,lowresource,SegRNN,Weather,96,2023,mixed,0.5,0.25,uniform,all,0.0,none,0,0.1880094707012176,0.2548065185546875,1162,2026-03-21 08:11:43
4,lowresource,SegRNN,Weather,336,2021,mixed,0.5,0.1,uniform,all,0.0,none,0,0.305315226316452,0.3459980487823486,2046,2026-03-21 08:34:54
4,lowresource,SegRNN,Weather,336,2022,mixed,0.5,0.1,uniform,all,0.0,none,0,0.3056873381137848,0.3469182252883911,2035,2026-03-21 08:36:43
4,lowresource,SegRNN,Weather,336,2023,mixed,0.5,0.1,uniform,all,0.0,none,0,0.3058165311813354,0.3472371101379394,2058,2026-03-21 08:46:20
4,lowresource,TimesNet,Electricity,336,2021,mixed,0.5,0.25,uniform,all,0.0,none,0,0.2907686233520508,0.373013436794281,13871,2026-04-01 21:18:11
4,lowresource,TimesNet,Electricity,336,2022,mixed,0.5,0.25,uniform,all,0.0,none,0,0.2999237775802612,0.3820102214813232,14431,2026-04-01 21:28:01
4,lowresource,TimesNet,Electricity,336,2023,mixed,0.5,0.25,uniform,all,0.0,none,0,0.299795925617218,0.3816577196121216,13829,2026-04-01 21:43:29
4,lowresource,iTransformer,Electricity,96,2022,mixed,1.0,0.1,uniform,all,0.0,none,0,0.2141228914260864,0.3031917512416839,14743,2026-04-02 13:46:56
4,lowresource,iTransformer,Electricity,96,2021,mixed,1.0,0.1,uniform,all,0.0,none,0,0.2161351442337036,0.3049266040325165,14762,2026-04-02 13:47:04
4,lowresource,iTransformer,Electricity,96,2023,mixed,1.0,0.1,uniform,all,0.0,none,0,0.215032085776329,0.3033827245235443,15134,2026-04-02 13:57:23
4,lowresource,iTransformer,Electricity,96,2022,mixed,1.0,0.25,uniform,all,0.0,none,0,0.1930203735828399,0.2818852663040161,15062,2026-04-02 23:59:23
4,lowresource,iTransformer,Electricity,96,2021,mixed,1.0,0.25,uniform,all,0.0,none,0,0.1919754296541214,0.2805213928222656,15370,2026-04-03 00:04:20
4,lowresource,iTransformer,Electricity,96,2023,mixed,1.0,0.25,uniform,all,0.0,none,0,0.1933759450912475,0.2821161150932312,15518,2026-04-03 00:16:44
4,lowresource,iTransformer,Electricity,336,2022,mixed,0.5,0.1,uniform,all,0.0,none,0,0.2417736947536468,0.3289679884910583,13829,2026-04-03 09:55:27
4,lowresource,iTransformer,Electricity,336,2021,mixed,0.5,0.1,uniform,all,0.0,none,0,0.2437005043029785,0.3308131992816925,14293,2026-04-03 09:58:13
4,lowresource,iTransformer,Electricity,336,2023,mixed,0.5,0.1,uniform,all,0.0,none,0,0.244011253118515,0.3312233984470367,13709,2026-04-03 10:05:57
4,lowresource,DLinear,Electricity,96,2022,mixed,1.0,0.1,uniform,all,0.0,none,0,0.3357983827590942,0.4341047704219818,12348,2026-04-03 22:06:30
4,lowresource,DLinear,Electricity,96,2023,mixed,2.0,0.1,uniform,all,0.0,none,0,0.4097659885883331,0.495287537574768,11702,2026-04-03 22:28:11
4,lowresource,DLinear,Electricity,96,2021,mixed,1.0,0.1,uniform,all,0.0,none,0,0.3336802423000335,0.4321503639221191,14414,2026-04-03 22:40:36
4,lowresource,DLinear,Electricity,96,2023,mixed,1.0,0.1,uniform,all,0.0,none,0,0.4096945524215698,0.4952116906642914,15293,2026-04-03 23:17:35
4,lowresource,DLinear,Electricity,96,2021,mixed,2.0,0.1,uniform,all,0.0,none,0,0.3971277475357055,0.4862781167030334,14867,2026-04-03 23:20:16
4,lowresource,DLinear,Electricity,96,2021,mixed,1.0,0.25,uniform,all,0.0,none,0,0.3971277475357055,0.4862781167030334,15040,2026-04-03 23:25:10
4,lowresource,DLinear,Electricity,96,2022,mixed,2.0,0.1,uniform,all,0.0,none,0,0.3339180648326874,0.4324045479297638,15775,2026-04-03 23:35:40
4,lowresource,DLinear,Electricity,96,2022,mixed,1.0,0.25,uniform,all,0.0,none,0,0.3945267796516418,0.4830867052078247,14629,2026-04-04 00:10:03
4,lowresource,DLinear,Electricity,96,2023,mixed,1.0,0.25,uniform,all,0.0,none,0,0.3341033160686493,0.4325932264328003,14289,2026-04-04 01:04:30
4,lowresource,iTransformer,Electricity,336,2022,mixed,0.5,0.25,uniform,all,0.0,none,0,0.220522403717041,0.3082796931266784,13557,2026-04-04 01:45:27
4,lowresource,DLinear,Electricity,336,2022,mixed,0.5,0.1,uniform,all,0.0,none,0,0.2991108298301697,0.3999799489974975,10823,2026-04-04 01:47:31
4,lowresource,iTransformer,Electricity,336,2021,mixed,0.5,0.25,uniform,all,0.0,none,0,0.2216992080211639,0.3093428611755371,14089,2026-04-04 01:51:18
4,lowresource,iTransformer,Electricity,336,2023,mixed,0.5,0.25,uniform,all,0.0,none,0,0.2205250561237335,0.3086981773376465,13622,2026-04-04 01:54:03
4,lowresource,DLinear,Electricity,336,2021,mixed,0.5,0.1,uniform,all,0.0,none,0,0.298495888710022,0.3995799422264099,12108,2026-04-04 02:07:57
4,lowresource,DLinear,Electricity,336,2021,mixed,0.5,0.25,uniform,all,0.0,none,0,0.2983069121837616,0.3994302451610565,13654,2026-04-04 03:13:20
4,lowresource,DLinear,Electricity,96,2023,mixed,2.0,0.25,uniform,all,0.0,none,0,0.390568345785141,0.4804082214832306,17121,2026-04-04 03:26:42
4,lowresource,DLinear,Electricity,96,2022,mixed,2.0,0.25,uniform,all,0.0,none,0,0.3854258060455322,0.4761767089366913,17896,2026-04-04 03:26:55
4,lowresource,DLinear,Electricity,336,2022,mixed,0.5,0.25,uniform,all,0.0,none,0,0.2984757721424103,0.3996210992336273,14577,2026-04-04 03:39:04
4,lowresource,PatchTST,Electricity,96,2022,mixed,1.0,0.1,uniform,all,0.0,none,0,0.3021872341632843,0.3756144344806671,14942,2026-04-04 18:19:30
4,lowresource,PatchTST,Electricity,96,2021,mixed,1.0,0.1,uniform,all,0.0,none,0,0.3043874204158783,0.3771328330039978,15234,2026-04-04 18:24:22
4,lowresource,PatchTST,Electricity,96,2023,mixed,1.0,0.1,uniform,all,0.0,none,0,0.30190509557724,0.3754684627056122,15690,2026-04-04 18:32:28
4,lowresource,PatchTST,Electricity,96,2023,mixed,2.0,0.1,uniform,all,0.0,none,0,0.3127523362636566,0.3841402530670166,15024,2026-04-04 22:43:30
4,lowresource,PatchTST,Electricity,96,2021,mixed,2.0,0.1,uniform,all,0.0,none,0,0.2936535775661468,0.3738128244876861,20244,2026-04-04 23:57:31
4,lowresource,PatchTST,Electricity,96,2021,mixed,1.0,0.25,uniform,all,0.0,none,0,0.2784240841865539,0.357481449842453,14503,2026-04-05 02:47:25
4,lowresource,PatchTST,Electricity,96,2022,mixed,1.0,0.25,uniform,all,0.0,none,0,0.2807281017303467,0.3594353795051574,14896,2026-04-05 04:06:32
4,lowresource,PatchTST,Electricity,96,2023,mixed,1.0,0.25,uniform,all,0.0,none,0,0.2805934250354767,0.3594540953636169,14291,2026-04-05 04:23:58
4,lowresource,DLinear,Electricity,336,2023,mixed,0.5,0.25,uniform,all,0.0,none,0,0.2981853485107422,0.3992543220520019,12979,2026-04-05 09:36:45
4,lowresource,SegRNN,Electricity,96,2022,mixed,1.0,0.1,uniform,all,0.0,none,0,0.3097472488880157,0.3886193037033081,13897,2026-04-05 09:58:03
4,lowresource,SegRNN,Electricity,96,2023,mixed,1.0,0.1,uniform,all,0.0,none,0,0.3091555535793304,0.3876271843910217,13968,2026-04-05 09:59:14
4,lowresource,SegRNN,Electricity,96,2021,mixed,1.0,0.1,uniform,all,0.0,none,0,0.3311211466789245,0.4053186774253845,14387,2026-04-05 10:05:59
4,lowresource,SegRNN,Electricity,96,2022,mixed,1.0,0.25,uniform,all,0.0,none,0,0.27269247174263,0.3559088408946991,14639,2026-04-05 10:11:27
4,lowresource,SegRNN,Electricity,96,2021,mixed,1.0,0.25,uniform,all,0.0,none,0,0.2724418938159942,0.3553533554077148,15100,2026-04-05 10:18:44
4,lowresource,PatchTST,Electricity,336,2021,mixed,0.5,0.1,uniform,all,0.0,none,0,0.3320240676403045,0.4052242338657379,12358,2026-04-05 12:14:16
4,lowresource,SegRNN,Electricity,96,2023,mixed,1.0,0.25,uniform,all,0.0,none,0,0.2721674740314483,0.3550351858139038,14363,2026-04-05 13:36:36
4,lowresource,SegRNN,Electricity,336,2021,mixed,0.5,0.1,uniform,all,0.0,none,0,0.3266515135765075,0.4076330959796905,12283,2026-04-05 13:36:37
4,lowresource,PatchTST,Electricity,336,2023,mixed,0.5,0.1,uniform,all,0.0,none,0,0.3078752160072326,0.3849722445011139,12657,2026-04-05 13:38:35
4,lowresource,SegRNN,Electricity,336,2023,mixed,0.5,0.1,uniform,all,0.0,none,0,0.2734536528587341,0.3586682379245758,13759,2026-04-05 14:08:56
4,lowresource,SegRNN,Electricity,336,2022,mixed,0.5,0.25,uniform,all,0.0,none,0,0.340974748134613,0.4172551035881042,11936,2026-04-05 15:30:17
4,lowresource,SegRNN,Electricity,336,2023,mixed,0.5,0.25,uniform,all,0.0,none,0,0.2930044829845428,0.3763099014759063,13045,2026-04-05 15:48:46
4,lowresource,SegRNN,Electricity,336,2021,mixed,0.5,0.25,uniform,all,0.0,none,0,0.3184964656829834,0.398293673992157,13395,2026-04-05 15:54:37
4,lowresource,TimesNet,Electricity,96,2023,mixed,1.0,0.1,uniform,all,0.0,none,0,0.3395134210586548,0.416533887386322,14316,2026-04-05 20:17:06
4,lowresource,TimesNet,Electricity,96,2022,mixed,1.0,0.1,uniform,all,0.0,none,0,0.3787389397621155,0.449940025806427,14698,2026-04-05 20:23:20
4,lowresource,TimesNet,Electricity,96,2021,mixed,1.0,0.1,uniform,all,0.0,none,0,0.3610982298851013,0.4330242276191711,15085,2026-04-05 20:29:33
4,lowresource,TimesNet,Electricity,96,2022,mixed,1.0,0.25,uniform,all,0.0,none,0,0.2837386131286621,0.3662506937980652,14169,2026-04-05 22:04:32
4,lowresource,TimesNet,Electricity,96,2023,mixed,1.0,0.25,uniform,all,0.0,none,0,0.3288374543190002,0.4034621119499206,14394,2026-04-05 22:08:27
4,lowresource,TimesNet,Electricity,96,2021,mixed,1.0,0.25,uniform,all,0.0,none,0,0.2787181735038757,0.3613364696502685,15024,2026-04-05 22:18:38
4,lowresource,TimesNet,Electricity,336,2023,mixed,0.5,0.1,uniform,all,0.0,none,0,0.3709102272987366,0.4437465071678161,12605,2026-04-06 00:00:05
4,lowresource,TimesNet,Electricity,336,2022,mixed,0.5,0.1,uniform,all,0.0,none,0,0.8618923425674438,0.7650643587112427,13458,2026-04-06 00:08:19
4,lowresource,TimesNet,Electricity,336,2021,mixed,0.5,0.1,uniform,all,0.0,none,0,0.8601027727127075,0.7641953825950623,13967,2026-04-06 00:10:33
4,lowresource,PatchTST,Electricity,336,2021,mixed,0.5,0.25,uniform,all,0.0,none,0,0.2864992916584015,0.3699073195457458,13574,2026-04-06 02:11:36
4,lowresource,PatchTST,Electricity,336,2022,mixed,0.5,0.25,uniform,all,0.0,none,0,0.2874809503555298,0.3701570630073547,14057,2026-04-06 04:09:44
4,lowresource,PatchTST,Electricity,336,2023,mixed,0.5,0.25,uniform,all,0.0,none,0,0.2879660129547119,0.370469719171524,13799,2026-04-06 05:29:31
4,lowresource,DLinear,Electricity,96,2021,mixed,2.0,0.25,uniform,all,0.0,none,0,0.4005792140960693,0.4886583387851715,2397,2026-04-08 06:04:32
4,lowresource,DLinear,Electricity,336,2021,mixed,1.0,0.1,uniform,all,0.0,none,0,0.42669677734375,0.5110301971435547,4872,2026-04-08 06:56:17
4,lowresource,DLinear,Electricity,336,2021,mixed,2.0,0.1,uniform,all,0.0,none,0,0.42669677734375,0.5110301971435547,2834,2026-04-08 06:56:47
4,lowresource,DLinear,Electricity,336,2022,mixed,2.0,0.1,uniform,all,0.0,none,0,0.427455723285675,0.5116105675697327,3039,2026-04-08 07:00:26
4,lowresource,DLinear,Electricity,336,2023,mixed,2.0,0.1,uniform,all,0.0,none,0,0.426835685968399,0.5111465454101562,3384,2026-04-08 07:09:57
4,lowresource,DLinear,Electricity,336,2022,mixed,1.0,0.1,uniform,all,0.0,none,0,0.4267953038215637,0.5111305713653564,4813,2026-04-08 07:22:53
4,lowresource,DLinear,Electricity,336,2023,mixed,1.0,0.1,uniform,all,0.0,none,0,0.4265103936195373,0.5109127163887024,4803,2026-04-08 07:24:35
4,lowresource,DLinear,Electricity,336,2022,mixed,1.0,0.25,uniform,all,0.0,none,0,0.3476871252059936,0.4481182992458343,5607,2026-04-08 08:30:14
4,lowresource,DLinear,Electricity,336,2021,mixed,1.0,0.25,uniform,all,0.0,none,0,0.3476591110229492,0.4480781257152557,5659,2026-04-08 08:30:38
4,lowresource,DLinear,Electricity,336,2021,mixed,2.0,0.25,uniform,all,0.0,none,0,0.3476591110229492,0.4480781257152557,4897,2026-04-08 08:31:34
4,lowresource,DLinear,Electricity,336,2023,mixed,1.0,0.25,uniform,all,0.0,none,0,0.3476665616035461,0.4480790793895721,5525,2026-04-08 08:32:33
4,lowresource,DLinear,Electricity,336,2022,mixed,2.0,0.25,uniform,all,0.0,none,0,0.3476871252059936,0.4481182992458343,4856,2026-04-08 08:34:15
4,lowresource,DLinear,Electricity,336,2023,mixed,2.0,0.25,uniform,all,0.0,none,0,0.3476665616035461,0.4480790793895721,4397,2026-04-08 08:36:10
4,lowresource,SegRNN,Electricity,96,2021,mixed,2.0,0.1,uniform,all,0.0,none,0,0.3441259860992431,0.415840744972229,4617,2026-04-08 08:42:07
4,lowresource,SegRNN,Electricity,96,2022,mixed,2.0,0.1,uniform,all,0.0,none,0,0.3175685107707977,0.3962359726428985,4377,2026-04-08 08:46:25
4,lowresource,SegRNN,Electricity,96,2021,mixed,2.0,0.25,uniform,all,0.0,none,0,0.3035053312778473,0.3818626403808594,4291,2026-04-08 09:42:13
4,lowresource,SegRNN,Electricity,96,2023,mixed,2.0,0.25,uniform,all,0.0,none,0,0.3467581570148468,0.4178670644760132,4269,2026-04-08 09:43:42
4,lowresource,SegRNN,Electricity,96,2023,mixed,2.0,0.1,uniform,all,0.0,none,0,0.34628826379776,0.4179663360118866,4530,2026-04-08 09:45:44
4,lowresource,SegRNN,Electricity,96,2022,mixed,2.0,0.25,uniform,all,0.0,none,0,0.3035795092582702,0.383129358291626,4684,2026-04-08 09:49:39
4,lowresource,SegRNN,Electricity,336,2021,mixed,2.0,0.1,uniform,all,0.0,none,0,0.3254210948944092,0.4042962789535522,4268,2026-04-08 09:57:33
4,lowresource,SegRNN,Electricity,336,2021,mixed,1.0,0.1,uniform,all,0.0,none,0,0.3254210948944092,0.4042962789535522,5005,2026-04-08 09:57:42
4,lowresource,SegRNN,Electricity,336,2022,mixed,1.0,0.1,uniform,all,0.0,none,0,0.3257679343223572,0.4050557315349579,5053,2026-04-08 10:00:24
4,lowresource,SegRNN,Electricity,336,2023,mixed,1.0,0.1,uniform,all,0.0,none,0,0.3261829316616058,0.4053118228912353,5157,2026-04-08 10:08:05
4,lowresource,SegRNN,Electricity,336,2023,mixed,2.0,0.1,uniform,all,0.0,none,0,0.2932941019535064,0.3762347400188446,4438,2026-04-08 10:57:41
4,lowresource,SegRNN,Electricity,336,2021,mixed,1.0,0.25,uniform,all,0.0,none,0,0.3120777904987335,0.3914569020271301,5535,2026-04-08 11:18:01
4,lowresource,SegRNN,Electricity,336,2022,mixed,1.0,0.25,uniform,all,0.0,none,0,0.3513097167015075,0.4260274469852447,5535,2026-04-08 11:21:54
4,lowresource,SegRNN,Electricity,336,2022,mixed,2.0,0.1,uniform,all,0.0,none,0,0.3512406647205353,0.4258676767349243,6027,2026-04-08 11:22:41
4,lowresource,SegRNN,Electricity,336,2023,mixed,1.0,0.25,uniform,all,0.0,none,0,0.2921092808246612,0.3752992153167724,5796,2026-04-08 11:34:09
4,lowresource,SegRNN,Electricity,336,2022,mixed,2.0,0.25,uniform,all,0.0,none,0,0.3512406647205353,0.4258676767349243,5628,2026-04-08 11:34:14
4,lowresource,SegRNN,Electricity,336,2021,mixed,2.0,0.25,uniform,all,0.0,none,0,0.3115635216236114,0.3911968469619751,6648,2026-04-08 11:48:32
4,lowresource,TimesNet,Electricity,96,2021,mixed,2.0,0.1,uniform,all,0.0,none,0,0.4825892448425293,0.5148177742958069,3677,2026-04-08 11:59:55
4,lowresource,SegRNN,Electricity,336,2023,mixed,2.0,0.25,uniform,all,0.0,none,0,0.3115275502204895,0.3912435173988342,6894,2026-04-08 12:02:59
4,lowresource,TimesNet,Electricity,96,2023,mixed,2.0,0.1,uniform,all,0.0,none,0,0.4938284158706665,0.53352952003479,3517,2026-04-08 12:20:33
4,lowresource,TimesNet,Electricity,96,2022,mixed,2.0,0.1,uniform,all,0.0,none,0,0.5609909892082214,0.5523217916488647,4297,2026-04-08 12:29:39
4,lowresource,TimesNet,Electricity,96,2023,mixed,2.0,0.25,uniform,all,0.0,none,0,0.4938284158706665,0.53352952003479,3907,2026-04-08 12:39:21
4,lowresource,TimesNet,Electricity,96,2022,mixed,2.0,0.25,uniform,all,0.0,none,0,0.3203117847442627,0.3978225886821747,6750,2026-04-08 13:26:39
4,lowresource,TimesNet,Electricity,96,2021,mixed,2.0,0.25,uniform,all,0.0,none,0,0.3165127336978912,0.3914147317409515,8165,2026-04-08 13:38:49
4,lowresource,TimesNet,Electricity,336,2023,mixed,1.0,0.1,uniform,all,0.0,none,0,0.8549041748046875,0.7593319416046143,5959,2026-04-08 13:42:19
4,lowresource,TimesNet,Electricity,336,2021,mixed,2.0,0.1,uniform,all,0.0,none,0,0.4066474437713623,0.4694014489650726,5345,2026-04-08 13:49:38
4,lowresource,TimesNet,Electricity,336,2021,mixed,1.0,0.1,uniform,all,0.0,none,0,0.4069332480430603,0.4693374335765838,7920,2026-04-08 14:00:33
4,lowresource,TimesNet,Electricity,336,2023,mixed,2.0,0.1,uniform,all,0.0,none,0,0.8549041748046875,0.7593319416046143,5403,2026-04-08 14:09:26
4,lowresource,TimesNet,Electricity,336,2022,mixed,1.0,0.1,uniform,all,0.0,none,0,0.4362877905368805,0.4899842739105224,7824,2026-04-08 14:10:20
4,lowresource,TimesNet,Electricity,336,2022,mixed,2.0,0.1,uniform,all,0.0,none,0,0.3677961230278015,0.4391296505928039,6624,2026-04-08 14:20:03
4,lowresource,TimesNet,Electricity,336,2021,mixed,1.0,0.25,uniform,all,0.0,none,0,0.3062895238399505,0.3870112299919128,8205,2026-04-08 15:43:26
4,lowresource,TimesNet,Electricity,336,2022,mixed,1.0,0.25,uniform,all,0.0,none,0,0.3142748475074768,0.3939894735813141,8066,2026-04-08 15:53:16
4,lowresource,iTransformer,Electricity,96,2021,mixed,2.0,0.1,uniform,all,0.0,none,0,0.2416393756866455,0.3309630453586578,6484,2026-04-08 15:58:46
4,lowresource,TimesNet,Electricity,336,2023,mixed,1.0,0.25,uniform,all,0.0,none,0,0.3006985187530517,0.3823237121105194,8548,2026-04-08 16:04:47
4,lowresource,iTransformer,Electricity,96,2022,mixed,2.0,0.1,uniform,all,0.0,none,0,0.2405870109796524,0.330653041601181,6585,2026-04-08 16:09:50
4,lowresource,TimesNet,Electricity,336,2023,mixed,2.0,0.25,uniform,all,0.0,none,0,0.3006985187530517,0.3823237121105194,7390,2026-04-08 16:12:36
4,lowresource,TimesNet,Electricity,336,2021,mixed,2.0,0.25,uniform,all,0.0,none,0,0.3062895238399505,0.3870112299919128,8783,2026-04-08 16:16:01
4,lowresource,TimesNet,Electricity,336,2022,mixed,2.0,0.25,uniform,all,0.0,none,0,0.312034398317337,0.3922418653964996,10753,2026-04-08 16:59:47
4,lowresource,iTransformer,Electricity,96,2023,mixed,2.0,0.1,uniform,all,0.0,none,0,0.2395311146974563,0.3291030824184418,5770,2026-04-08 17:19:36
4,lowresource,iTransformer,Electricity,96,2021,mixed,2.0,0.25,uniform,all,0.0,none,0,0.2160391956567764,0.3081315159797668,5725,2026-04-08 17:28:45
4,lowresource,iTransformer,Electricity,96,2022,mixed,2.0,0.25,uniform,all,0.0,none,0,0.2154039442539215,0.3076381683349609,5776,2026-04-08 17:35:02
4,lowresource,iTransformer,Electricity,96,2023,mixed,2.0,0.25,uniform,all,0.0,none,0,0.2171161323785781,0.3078444004058838,5679,2026-04-08 17:39:26
4,lowresource,iTransformer,Electricity,336,2021,mixed,1.0,0.1,uniform,all,0.0,none,0,0.2800444364547729,0.3637184798717499,5461,2026-04-08 17:40:54
4,lowresource,iTransformer,Electricity,336,2022,mixed,1.0,0.1,uniform,all,0.0,none,0,0.2535886764526367,0.3408124148845672,5366,2026-04-08 17:42:03
4,lowresource,iTransformer,Electricity,336,2023,mixed,1.0,0.1,uniform,all,0.0,none,0,0.2555282711982727,0.3425391912460327,5303,2026-04-08 17:44:24
4,lowresource,iTransformer,Electricity,336,2021,mixed,2.0,0.1,uniform,all,0.0,none,0,0.2482017427682876,0.33610600233078,5975,2026-04-08 18:39:22
4,lowresource,iTransformer,Electricity,336,2022,mixed,2.0,0.1,uniform,all,0.0,none,0,0.2437193542718887,0.3326607048511505,6506,2026-04-08 19:08:04
4,lowresource,iTransformer,Electricity,336,2021,mixed,1.0,0.25,uniform,all,0.0,none,0,0.2316556870937347,0.3199599683284759,5655,2026-04-08 19:09:20
4,lowresource,iTransformer,Electricity,336,2022,mixed,1.0,0.25,uniform,all,0.0,none,0,0.2304825633764267,0.319066971540451,5569,2026-04-08 19:12:16
4,lowresource,iTransformer,Electricity,336,2023,mixed,1.0,0.25,uniform,all,0.0,none,0,0.2324287593364715,0.3205921649932861,5707,2026-04-08 19:16:01
4,lowresource,iTransformer,Electricity,336,2023,mixed,2.0,0.1,uniform,all,0.0,none,0,0.2324287593364715,0.3205921649932861,6446,2026-04-08 19:16:11
4,lowresource,iTransformer,Electricity,336,2022,mixed,2.0,0.25,uniform,all,0.0,none,0,0.2434042990207672,0.3323511183261871,6601,2026-04-08 19:34:25
4,lowresource,iTransformer,Electricity,336,2021,mixed,2.0,0.25,uniform,all,0.0,none,0,0.2456584423780441,0.3337710797786712,6768,2026-04-08 19:34:52
4,lowresource,PatchTST,Electricity,96,2022,mixed,2.0,0.1,uniform,all,0.0,none,0,0.2968994975090027,0.3707862198352813,3044,2026-04-08 19:59:22
4,lowresource,PatchTST,Electricity,96,2023,mixed,2.0,0.25,uniform,all,0.0,none,0,0.2925640344619751,0.3668050765991211,4532,2026-04-08 20:31:34
4,lowresource,iTransformer,Electricity,336,2023,mixed,2.0,0.25,uniform,all,0.0,none,0,0.2452682256698608,0.3338793516159057,6732,2026-04-08 20:31:35
4,lowresource,PatchTST,Electricity,96,2021,mixed,2.0,0.25,uniform,all,0.0,none,0,0.2923786342144012,0.3665495812892914,5417,2026-04-08 20:39:38
4,lowresource,PatchTST,Electricity,336,2021,mixed,1.0,0.1,uniform,all,0.0,none,0,0.3378182053565979,0.4094947576522827,5208,2026-04-08 20:43:01
4,lowresource,PatchTST,Electricity,96,2022,mixed,2.0,0.25,uniform,all,0.0,none,0,0.2950416207313537,0.3688873648643493,5635,2026-04-08 20:46:12
4,lowresource,PatchTST,Electricity,336,2023,mixed,1.0,0.1,uniform,all,0.0,none,0,0.3555571734905243,0.4253698587417602,5016,2026-04-08 20:58:28
4,lowresource,PatchTST,Electricity,336,2022,mixed,1.0,0.1,uniform,all,0.0,none,0,0.3528937101364136,0.422963410615921,5080,2026-04-08 20:59:06
4,lowresource,PatchTST,Electricity,336,2021,mixed,2.0,0.1,uniform,all,0.0,none,0,0.3178923428058624,0.3928693830966949,5502,2026-04-08 21:31:04
4,lowresource,PatchTST,Electricity,336,2023,mixed,2.0,0.1,uniform,all,0.0,none,0,0.2977346777915954,0.3774740993976593,5505,2026-04-08 22:03:20
4,lowresource,PatchTST,Electricity,336,2022,mixed,1.0,0.25,uniform,all,0.0,none,0,0.3085894584655761,0.3867851793766022,5224,2026-04-08 22:10:05
4,lowresource,PatchTST,Electricity,336,2022,mixed,2.0,0.1,uniform,all,0.0,none,0,0.3077071607112884,0.385592520236969,6078,2026-04-08 22:12:53
4,lowresource,PatchTST,Electricity,336,2021,mixed,1.0,0.25,uniform,all,0.0,none,0,0.3041579723358154,0.3821830749511719,5639,2026-04-08 22:13:37
4,lowresource,PatchTST,Electricity,336,2023,mixed,1.0,0.25,uniform,all,0.0,none,0,0.2974222600460052,0.3772631585597992,5610,2026-04-08 22:19:43
4,lowresource,PatchTST,Electricity,336,2021,mixed,2.0,0.25,uniform,all,0.0,none,0,0.3041579723358154,0.3821830749511719,6028,2026-04-08 22:38:57
4,lowresource,PatchTST,Electricity,336,2022,mixed,2.0,0.25,uniform,all,0.0,none,0,0.3077071607112884,0.385592520236969,6022,2026-04-08 22:39:29
4,lowresource,PatchTST,Electricity,336,2023,mixed,2.0,0.25,uniform,all,0.0,none,0,0.3059026002883911,0.3837528228759765,5976,2026-04-08 23:10:41
5,difficulty,DLinear,ETTh1,96,2021,mixed,1.0,1.0,uniform,all,0.0,none,0,0.4455422461032867,0.4486408829689026,178,2026-03-15 21:14:02
5,difficulty,DLinear,ETTh1,96,2022,mixed,1.0,1.0,uniform,all,0.0,none,0,0.4465624094009399,0.4493256211280823,167,2026-03-15 21:15:51
5,difficulty,DLinear,ETTh1,96,2023,mixed,1.0,1.0,uniform,all,0.0,none,0,0.447266161441803,0.4510000646114349,170,2026-03-15 21:16:55
5,difficulty,DLinear,ETTh1,96,2021,mixed,1.0,1.0,easy,all,0.0,none,0,0.4565888941287994,0.4724746346473694,164,2026-03-15 21:17:12
5,difficulty,DLinear,ETTh1,96,2022,mixed,1.0,1.0,easy,all,0.0,none,0,0.4584177434444427,0.4748376607894897,150,2026-03-15 21:18:47
5,difficulty,DLinear,ETTh1,96,2023,mixed,1.0,1.0,easy,all,0.0,none,0,0.4503321945667267,0.4669552743434906,171,2026-03-15 21:20:12
5,difficulty,DLinear,ETTh1,96,2021,mixed,1.0,1.0,medium,all,0.0,none,0,0.4405360221862793,0.4475822448730469,188,2026-03-15 21:20:46
5,difficulty,DLinear,ETTh1,96,2022,mixed,1.0,1.0,medium,all,0.0,none,0,0.4419075846672058,0.4489697515964508,146,2026-03-15 21:21:39
5,difficulty,DLinear,ETTh1,96,2023,mixed,1.0,1.0,medium,all,0.0,none,0,0.4394562244415283,0.4468717277050018,201,2026-03-15 21:23:25
5,difficulty,DLinear,ETTh1,96,2021,mixed,1.0,1.0,hard,all,0.0,none,0,0.4687039256095886,0.4563814699649811,181,2026-03-15 21:23:40
5,difficulty,DLinear,ETTh1,96,2022,mixed,1.0,1.0,hard,all,0.0,none,0,0.4706860482692718,0.4580558836460113,151,2026-03-15 21:23:43
5,difficulty,DLinear,ETTh1,96,2023,mixed,1.0,1.0,hard,all,0.0,none,0,0.4703149795532226,0.4573581516742706,191,2026-03-15 21:25:16
5,difficulty,DLinear,ETTh1,336,2021,mixed,1.0,1.0,uniform,all,0.0,none,0,0.5302525758743286,0.4978751242160797,173,2026-03-15 21:26:44
5,difficulty,DLinear,ETTh1,336,2022,mixed,1.0,1.0,uniform,all,0.0,none,0,0.5273934006690979,0.4976356327533722,200,2026-03-15 21:27:26
5,difficulty,DLinear,ETTh1,336,2023,mixed,1.0,1.0,uniform,all,0.0,none,0,0.5203277468681335,0.4908922612667084,317,2026-03-15 21:29:26
5,difficulty,DLinear,ETTh1,336,2022,mixed,1.0,1.0,easy,all,0.0,none,0,0.5783839821815491,0.5442365407943726,177,2026-03-15 21:30:07
5,difficulty,DLinear,ETTh1,336,2021,mixed,1.0,1.0,easy,all,0.0,none,0,0.5615392327308655,0.5319703817367554,281,2026-03-15 21:30:23
5,difficulty,DLinear,ETTh1,336,2023,mixed,1.0,1.0,easy,all,0.0,none,0,0.5713323354721069,0.5389687418937683,230,2026-03-15 21:31:43
5,difficulty,DLinear,ETTh1,336,2021,mixed,1.0,1.0,medium,all,0.0,none,0,0.531477689743042,0.5024580359458923,172,2026-03-15 21:32:45
5,difficulty,DLinear,ETTh1,336,2022,mixed,1.0,1.0,medium,all,0.0,none,0,0.5334481000900269,0.5035482048988342,174,2026-03-15 21:33:27
5,difficulty,DLinear,ETTh1,336,2023,mixed,1.0,1.0,medium,all,0.0,none,0,0.5233415961265564,0.4956900775432586,235,2026-03-15 21:34:45
5,difficulty,DLinear,ETTh1,336,2021,mixed,1.0,1.0,hard,all,0.0,none,0,0.5356681942939758,0.4962522387504577,248,2026-03-15 21:36:17
5,difficulty,DLinear,ETTh1,336,2023,mixed,1.0,1.0,hard,all,0.0,none,0,0.5448559522628784,0.5022099614143372,187,2026-03-15 21:37:00
5,difficulty,DLinear,ETTh1,336,2022,mixed,1.0,1.0,hard,all,0.0,none,0,0.5343202352523804,0.4947150647640228,247,2026-03-15 21:37:18
5,difficulty,DLinear,ETTm1,96,2021,mixed,1.0,1.0,uniform,all,0.0,none,0,0.4285994470119476,0.4484274983406067,386,2026-03-15 21:41:37
5,difficulty,DLinear,ETTm1,96,2021,mixed,1.0,1.0,easy,all,0.0,none,0,0.4285994470119476,0.4484274983406067,369,2026-03-15 21:43:53
5,difficulty,DLinear,ETTm1,96,2023,mixed,1.0,1.0,uniform,all,0.0,none,0,0.4893903136253357,0.4646159708499908,511,2026-03-15 21:45:57
5,difficulty,DLinear,ETTm1,96,2022,mixed,1.0,1.0,uniform,all,0.0,none,0,0.4329535067081451,0.4529404938220978,593,2026-03-15 21:46:37
5,difficulty,DLinear,ETTm1,96,2022,mixed,1.0,1.0,easy,all,0.0,none,0,0.4811878800392151,0.4623194336891174,566,2026-03-15 21:51:30
5,difficulty,DLinear,ETTm1,96,2023,mixed,1.0,1.0,easy,all,0.0,none,0,0.4811100661754608,0.4623706638813019,510,2026-03-15 21:52:49
5,difficulty,DLinear,ETTm1,96,2021,mixed,1.0,1.0,medium,all,0.0,none,0,0.5368510484695435,0.4815192222595215,387,2026-03-15 21:52:50
5,difficulty,DLinear,ETTm1,96,2023,mixed,1.0,1.0,medium,all,0.0,none,0,0.4811100661754608,0.4623706638813019,369,2026-03-15 21:53:12
5,difficulty,DLinear,ETTm1,96,2022,mixed,1.0,1.0,medium,all,0.0,none,0,0.5422479510307312,0.483566403388977,457,2026-03-15 21:54:10
5,difficulty,DLinear,ETTm1,96,2021,mixed,1.0,1.0,hard,all,0.0,none,0,0.5368510484695435,0.4815192222595215,467,2026-03-15 21:55:40
5,difficulty,DLinear,ETTm1,96,2022,mixed,1.0,1.0,hard,all,0.0,none,0,0.5327506065368652,0.4838815629482269,393,2026-03-15 21:58:30
5,difficulty,DLinear,ETTm1,96,2023,mixed,1.0,1.0,hard,all,0.0,none,0,0.5361039042472839,0.4844086170196533,541,2026-03-15 22:02:16
5,difficulty,DLinear,ETTm1,336,2021,mixed,1.0,1.0,uniform,all,0.0,none,0,0.5001472234725952,0.4938491582870483,662,2026-03-15 22:04:18
5,difficulty,DLinear,ETTm1,336,2023,mixed,1.0,1.0,uniform,all,0.0,none,0,0.5033073425292969,0.4955461919307709,764,2026-03-15 22:07:20
5,difficulty,DLinear,ETTm1,336,2021,mixed,1.0,1.0,easy,all,0.0,none,0,0.52875155210495,0.4908060133457184,693,2026-03-15 22:10:30
5,difficulty,DLinear,ETTm1,336,2022,mixed,1.0,1.0,easy,all,0.0,none,0,0.5367463231086731,0.497297078371048,631,2026-03-15 22:12:25
5,difficulty,DLinear,ETTm1,336,2022,mixed,1.0,1.0,uniform,all,0.0,none,0,0.5306815505027771,0.4928777515888214,1277,2026-03-15 22:14:55
5,difficulty,DLinear,ETTm1,336,2023,mixed,1.0,1.0,easy,all,0.0,none,0,0.5385546684265137,0.4974886775016784,747,2026-03-15 22:15:09
5,difficulty,DLinear,ETTm1,336,2021,mixed,1.0,1.0,medium,all,0.0,none,0,0.52875155210495,0.4908060133457184,639,2026-03-15 22:15:24
5,difficulty,DLinear,ETTm1,336,2022,mixed,1.0,1.0,medium,all,0.0,none,0,0.5891581177711487,0.5161771774291992,777,2026-03-15 22:20:43
5,difficulty,DLinear,ETTm1,336,2023,mixed,1.0,1.0,medium,all,0.0,none,0,0.5866349339485168,0.5135800242424011,640,2026-03-15 22:21:37
5,difficulty,DLinear,ETTm1,336,2021,mixed,1.0,1.0,hard,all,0.0,none,0,0.5854712128639221,0.5127972364425659,671,2026-03-15 22:24:50
5,difficulty,DLinear,ETTm1,336,2022,mixed,1.0,1.0,hard,all,0.0,none,0,0.5891581177711487,0.5161771774291992,686,2026-03-15 22:26:47
5,difficulty,DLinear,ETTm1,336,2023,mixed,1.0,1.0,hard,all,0.0,none,0,0.586103081703186,0.5130521059036255,790,2026-03-15 22:28:45
5,difficulty,DLinear,Weather,96,2021,mixed,1.0,1.0,uniform,all,0.0,none,0,0.2453840225934982,0.3327887952327728,1046,2026-03-15 22:33:16
5,difficulty,DLinear,Weather,96,2021,mixed,1.0,1.0,easy,all,0.0,none,0,0.2042030990123748,0.2833441793918609,1184,2026-03-15 22:41:47
5,difficulty,DLinear,Weather,96,2022,mixed,1.0,1.0,uniform,all,0.0,none,0,0.2495258450508117,0.3368113934993744,1444,2026-03-15 22:42:09
5,difficulty,DLinear,Weather,96,2021,mixed,1.0,1.0,medium,all,0.0,none,0,0.2016587257385254,0.2780910432338714,1076,2026-03-15 22:45:09
5,difficulty,DLinear,Weather,96,2023,mixed,1.0,1.0,uniform,all,0.0,none,0,0.2014475911855697,0.2761169970035553,1477,2026-03-15 22:45:47
5,difficulty,DLinear,Weather,96,2023,mixed,1.0,1.0,easy,all,0.0,none,0,0.2033383399248123,0.2824743092060089,1388,2026-03-15 22:48:56
5,difficulty,DLinear,Weather,96,2022,mixed,1.0,1.0,medium,all,0.0,none,0,0.2464566826820373,0.3336559236049652,1252,2026-03-15 22:48:59
5,difficulty,DLinear,Weather,96,2023,mixed,1.0,1.0,medium,all,0.0,none,0,0.2033383399248123,0.2824743092060089,1254,2026-03-15 22:50:06
5,difficulty,DLinear,Weather,96,2022,mixed,1.0,1.0,easy,all,0.0,none,0,0.2016012817621231,0.2790835797786712,1984,2026-03-15 22:57:42
5,difficulty,DLinear,Weather,96,2021,mixed,1.0,1.0,hard,all,0.0,none,0,0.2018719017505645,0.280085951089859,1503,2026-03-15 22:58:45
5,difficulty,DLinear,Weather,96,2023,mixed,1.0,1.0,hard,all,0.0,none,0,0.2033383399248123,0.2824743092060089,1344,2026-03-15 22:59:32
5,difficulty,DLinear,Weather,96,2022,mixed,1.0,1.0,hard,all,0.0,none,0,0.2016012817621231,0.2790835797786712,1581,2026-03-15 23:01:59
5,difficulty,DLinear,Weather,336,2021,mixed,1.0,1.0,uniform,all,0.0,none,0,0.2911259829998016,0.3500624001026153,1889,2026-03-15 23:13:43
5,difficulty,DLinear,Weather,336,2023,mixed,1.0,1.0,easy,all,0.0,none,0,0.2928217947483063,0.3543377220630646,1516,2026-03-15 23:15:22
5,difficulty,DLinear,Weather,336,2022,mixed,1.0,1.0,easy,all,0.0,none,0,0.2908659279346466,0.3488369882106781,1787,2026-03-15 23:18:27
5,difficulty,DLinear,Weather,336,2022,mixed,1.0,1.0,medium,all,0.0,none,0,0.2922869324684143,0.3531685769557953,1764,2026-03-15 23:19:57
5,difficulty,DLinear,Weather,336,2021,mixed,1.0,1.0,easy,all,0.0,none,0,0.2968314886093139,0.360860675573349,2033,2026-03-15 23:20:07
5,difficulty,DLinear,Weather,336,2023,mixed,1.0,1.0,medium,all,0.0,none,0,0.2928217947483063,0.3543377220630646,1430,2026-03-15 23:22:00
5,difficulty,DLinear,Weather,336,2023,mixed,1.0,1.0,hard,all,0.0,none,0,0.2918122112751007,0.3522685468196869,1513,2026-03-15 23:25:54
5,difficulty,DLinear,Weather,336,2021,mixed,1.0,1.0,medium,all,0.0,none,0,0.2904621660709381,0.3482651114463806,2495,2026-03-15 23:31:01
5,difficulty,DLinear,Weather,336,2021,mixed,1.0,1.0,hard,all,0.0,none,0,0.2904621660709381,0.3482651114463806,2718,2026-03-15 23:44:31
5,difficulty,DLinear,Weather,336,2022,mixed,1.0,1.0,uniform,all,0.0,none,0,0.2900265157222748,0.3473105430603027,3727,2026-03-15 23:44:43
5,difficulty,DLinear,Weather,336,2023,mixed,1.0,1.0,uniform,all,0.0,none,0,0.2923859357833862,0.3534096181392669,3693,2026-03-15 23:47:09
5,difficulty,DLinear,Weather,336,2022,mixed,1.0,1.0,hard,all,0.0,none,0,0.2900265157222748,0.3473105430603027,3135,2026-03-15 23:52:14
5,difficulty,DLinear,Electricity,96,2023,mixed,1.0,1.0,easy,all,0.0,none,0,0.2484332174062729,0.3421439230442047,9218,2026-03-16 01:54:50
5,difficulty,DLinear,Electricity,96,2021,mixed,1.0,1.0,uniform,all,0.0,none,0,0.2650869786739349,0.3645307719707489,10789,2026-03-16 02:02:15
5,difficulty,DLinear,Electricity,96,2022,mixed,1.0,1.0,uniform,all,0.0,none,0,0.2484165877103805,0.3422375321388244,10502,2026-03-16 02:09:13
5,difficulty,SegRNN,ETTh1,96,2021,mixed,1.0,1.0,uniform,all,0.0,none,0,0.4142074584960937,0.4262248873710632,162,2026-03-16 02:34:37
5,difficulty,SegRNN,ETTh1,96,2022,mixed,1.0,1.0,uniform,all,0.0,none,0,0.4127408862113952,0.4249741733074188,184,2026-03-16 02:38:07
5,difficulty,SegRNN,ETTh1,96,2023,mixed,1.0,1.0,uniform,all,0.0,none,0,0.4122134745121002,0.4243742525577545,199,2026-03-16 02:41:52
5,difficulty,DLinear,Electricity,96,2022,mixed,1.0,1.0,hard,all,0.0,none,0,0.2484165877103805,0.3422375321388244,10776,2026-03-16 02:44:34
5,difficulty,SegRNN,ETTh1,96,2021,mixed,1.0,1.0,easy,all,0.0,none,0,0.4048238098621368,0.4197140634059906,140,2026-03-16 02:44:38
5,difficulty,SegRNN,ETTh1,96,2023,mixed,1.0,1.0,easy,all,0.0,none,0,0.4027438163757324,0.4176843464374542,138,2026-03-16 02:47:22
5,difficulty,SegRNN,ETTh1,96,2022,mixed,1.0,1.0,easy,all,0.0,none,0,0.4015325307846069,0.4167309403419494,155,2026-03-16 02:47:36
5,difficulty,SegRNN,ETTh1,96,2021,mixed,1.0,1.0,medium,all,0.0,none,0,0.4119119048118591,0.4246704578399658,152,2026-03-16 02:48:27
5,difficulty,SegRNN,ETTh1,96,2023,mixed,1.0,1.0,medium,all,0.0,none,0,0.4129036068916321,0.4254427254199981,139,2026-03-16 02:50:21
5,difficulty,SegRNN,ETTh1,96,2022,mixed,1.0,1.0,medium,all,0.0,none,0,0.4276113510131836,0.4323335886001587,177,2026-03-16 02:50:45
5,difficulty,SegRNN,ETTh1,96,2021,mixed,1.0,1.0,hard,all,0.0,none,0,0.4303939044475555,0.435858815908432,173,2026-03-16 02:51:18
5,difficulty,SegRNN,ETTh1,96,2022,mixed,1.0,1.0,hard,all,0.0,none,0,0.4281629621982574,0.4335127770900726,184,2026-03-16 02:51:57
5,difficulty,SegRNN,ETTh1,96,2023,mixed,1.0,1.0,hard,all,0.0,none,0,0.426493227481842,0.4329522252082824,206,2026-03-16 02:54:14
5,difficulty,SegRNN,ETTh1,336,2022,mixed,1.0,1.0,uniform,all,0.0,none,0,0.4900187849998474,0.4633661210536957,244,2026-03-16 02:55:29
5,difficulty,SegRNN,ETTh1,336,2021,mixed,1.0,1.0,uniform,all,0.0,none,0,0.477975070476532,0.4570693373680115,293,2026-03-16 02:56:04
5,difficulty,SegRNN,ETTh1,336,2023,mixed,1.0,1.0,uniform,all,0.0,none,0,0.4792357385158539,0.4577690362930298,321,2026-03-16 02:57:05
5,difficulty,SegRNN,ETTh1,336,2021,mixed,1.0,1.0,easy,all,0.0,none,0,0.5221654772758484,0.4884383678436279,300,2026-03-16 02:57:23
5,difficulty,SegRNN,ETTh1,336,2022,mixed,1.0,1.0,easy,all,0.0,none,0,0.517551839351654,0.4826332628726959,252,2026-03-16 02:57:38
5,difficulty,SegRNN,ETTh1,336,2021,mixed,1.0,1.0,medium,all,0.0,none,0,0.5208770036697388,0.4889231920242309,229,2026-03-16 02:59:44
5,difficulty,SegRNN,ETTh1,336,2023,mixed,1.0,1.0,easy,all,0.0,none,0,0.4913355410099029,0.4677604138851166,310,2026-03-16 02:59:50
5,difficulty,SegRNN,ETTh1,336,2022,mixed,1.0,1.0,medium,all,0.0,none,0,0.4949976205825805,0.4709077477455139,261,2026-03-16 03:00:52
5,difficulty,SegRNN,ETTh1,336,2023,mixed,1.0,1.0,medium,all,0.0,none,0,0.5007616877555847,0.475260317325592,319,2026-03-16 03:02:51
5,difficulty,SegRNN,ETTh1,336,2022,mixed,1.0,1.0,hard,all,0.0,none,0,0.4906902909278869,0.4680319428443908,293,2026-03-16 03:02:57
5,difficulty,SegRNN,ETTh1,336,2021,mixed,1.0,1.0,hard,all,0.0,none,0,0.4904575645923614,0.4681421816349029,335,2026-03-16 03:03:24
5,difficulty,SegRNN,ETTh1,336,2023,mixed,1.0,1.0,hard,all,0.0,none,0,0.4927263855934143,0.4699089527130127,332,2026-03-16 03:05:43
5,difficulty,SegRNN,ETTm1,96,2021,mixed,1.0,1.0,uniform,all,0.0,none,0,0.3522990942001343,0.386915385723114,528,2026-03-16 03:09:04
5,difficulty,SegRNN,ETTm1,96,2022,mixed,1.0,1.0,easy,all,0.0,none,0,0.3654511868953705,0.3950141966342926,367,2026-03-16 03:09:57
5,difficulty,SegRNN,ETTm1,96,2021,mixed,1.0,1.0,easy,all,0.0,none,0,0.4041869938373565,0.4184334278106689,493,2026-03-16 03:11:36
5,difficulty,SegRNN,ETTm1,96,2023,mixed,1.0,1.0,easy,all,0.0,none,0,0.3640007674694061,0.3940072357654571,356,2026-03-16 03:12:06
5,difficulty,SegRNN,ETTm1,96,2022,mixed,1.0,1.0,uniform,all,0.0,none,0,0.3893510997295379,0.4078541398048401,722,2026-03-16 03:13:20
5,difficulty,SegRNN,ETTm1,96,2023,mixed,1.0,1.0,uniform,all,0.0,none,0,0.3821609020233154,0.4057574570178985,724,2026-03-16 03:15:21
5,difficulty,SegRNN,ETTm1,96,2022,mixed,1.0,1.0,medium,all,0.0,none,0,0.3844831585884094,0.4062357246875763,575,2026-03-16 03:19:59
5,difficulty,SegRNN,ETTm1,96,2021,mixed,1.0,1.0,medium,all,0.0,none,0,0.3644993305206299,0.3954871892929077,721,2026-03-16 03:21:31
5,difficulty,SegRNN,ETTm1,96,2023,mixed,1.0,1.0,medium,all,0.0,none,0,0.3623454570770263,0.3941193521022796,703,2026-03-16 03:23:46
5,difficulty,SegRNN,ETTm1,96,2021,mixed,1.0,1.0,hard,all,0.0,none,0,0.3798494935035705,0.4049278497695923,760,2026-03-16 03:25:13
5,difficulty,SegRNN,ETTm1,96,2022,mixed,1.0,1.0,hard,all,0.0,none,0,0.377456784248352,0.402865320444107,753,2026-03-16 03:26:19
5,difficulty,SegRNN,ETTm1,336,2023,mixed,1.0,1.0,easy,all,0.0,none,0,0.4313861727714538,0.4316506683826446,513,2026-03-16 07:19:10
5,difficulty,SegRNN,ETTm1,96,2023,mixed,1.0,1.0,hard,all,0.0,none,0,0.3786642253398895,0.4041405320167541,745,2026-03-16 07:23:46
5,difficulty,SegRNN,ETTm1,336,2021,mixed,1.0,1.0,medium,all,0.0,none,0,0.4184368848800659,0.4244285523891449,894,2026-03-16 07:25:30
5,difficulty,SegRNN,ETTm1,336,2021,mixed,1.0,1.0,uniform,all,0.0,none,0,0.418844997882843,0.4247604310512543,1008,2026-03-16 07:27:25
5,difficulty,SegRNN,ETTm1,336,2021,mixed,1.0,1.0,easy,all,0.0,none,0,0.4394222497940063,0.4353730976581573,1189,2026-03-16 07:30:26
5,difficulty,SegRNN,ETTm1,336,2022,mixed,1.0,1.0,easy,all,0.0,none,0,0.4285306930541992,0.4295671284198761,1190,2026-03-16 07:30:26
5,difficulty,SegRNN,ETTm1,336,2023,mixed,1.0,1.0,uniform,all,0.0,none,0,0.4413656890392303,0.4371421933174133,1194,2026-03-16 07:30:31
5,difficulty,SegRNN,ETTm1,336,2022,mixed,1.0,1.0,uniform,all,0.0,none,0,0.4397227168083191,0.4358711242675781,1217,2026-03-16 07:30:54
5,difficulty,SegRNN,ETTm1,336,2022,mixed,1.0,1.0,medium,all,0.0,none,0,0.4397227168083191,0.4358711242675781,1266,2026-03-16 07:31:42
5,difficulty,SegRNN,ETTm1,336,2023,mixed,1.0,1.0,medium,all,0.0,none,0,0.4413656890392303,0.4371421933174133,1272,2026-03-16 07:31:49
5,difficulty,SegRNN,ETTm1,336,2021,mixed,1.0,1.0,hard,all,0.0,none,0,0.4394222497940063,0.4353730976581573,1305,2026-03-16 07:32:21
5,difficulty,SegRNN,ETTm1,336,2022,mixed,1.0,1.0,hard,all,0.0,none,0,0.4397227168083191,0.4358711242675781,1340,2026-03-16 07:32:57
5,difficulty,SegRNN,ETTm1,336,2023,mixed,1.0,1.0,hard,all,0.0,none,0,0.4413656890392303,0.4371421933174133,1352,2026-03-16 07:33:09
5,difficulty,SegRNN,Weather,96,2021,mixed,1.0,1.0,uniform,all,0.0,none,0,0.1804930716753006,0.2520308494567871,1999,2026-03-16 07:43:56
5,difficulty,SegRNN,Weather,96,2022,mixed,1.0,1.0,uniform,all,0.0,none,0,0.169576033949852,0.2309985905885696,2045,2026-03-16 07:44:41
5,difficulty,SegRNN,Weather,96,2023,mixed,1.0,1.0,uniform,all,0.0,none,0,0.1768027544021606,0.2404317706823349,2138,2026-03-16 07:55:15
5,difficulty,SegRNN,Weather,96,2022,mixed,1.0,1.0,easy,all,0.0,none,0,0.1737290471792221,0.2362239509820938,1999,2026-03-16 07:59:15
5,difficulty,SegRNN,Weather,96,2021,mixed,1.0,1.0,easy,all,0.0,none,0,0.1694288700819015,0.2307074069976806,2068,2026-03-16 07:59:15
5,difficulty,SegRNN,Weather,96,2021,mixed,1.0,1.0,hard,all,0.0,none,0,0.1741598844528198,0.2368717044591903,1754,2026-03-16 08:00:35
5,difficulty,SegRNN,Weather,96,2023,mixed,1.0,1.0,easy,all,0.0,none,0,0.1769018322229385,0.2407088577747345,1981,2026-03-16 08:00:53
5,difficulty,SegRNN,Weather,96,2021,mixed,1.0,1.0,medium,all,0.0,none,0,0.1742658913135528,0.2369579076766967,1970,2026-03-16 08:03:42
5,difficulty,SegRNN,Weather,96,2022,mixed,1.0,1.0,medium,all,0.0,none,0,0.1737290471792221,0.2362239509820938,2091,2026-03-16 08:05:44
5,difficulty,SegRNN,Weather,96,2023,mixed,1.0,1.0,medium,all,0.0,none,0,0.1739751547574997,0.2372751981019973,2104,2026-03-16 08:06:02
5,difficulty,SegRNN,Weather,96,2023,mixed,1.0,1.0,hard,all,0.0,none,0,0.1739751547574997,0.2372751981019973,2081,2026-03-16 08:06:56
5,difficulty,SegRNN,Weather,96,2022,mixed,1.0,1.0,hard,all,0.0,none,0,0.1737290471792221,0.2362239509820938,2101,2026-03-16 08:07:09
5,difficulty,SegRNN,Weather,336,2021,mixed,1.0,1.0,uniform,all,0.0,none,0,0.2803946733474731,0.3256446123123169,3325,2026-03-16 08:28:13
5,difficulty,SegRNN,Weather,336,2022,mixed,1.0,1.0,uniform,all,0.0,none,0,0.2762850522994995,0.3216103613376617,3573,2026-03-16 08:32:56
5,difficulty,SegRNN,Weather,336,2023,mixed,1.0,1.0,uniform,all,0.0,none,0,0.2799694836139679,0.3243921101093292,3861,2026-03-16 08:37:57
5,difficulty,SegRNN,Weather,336,2022,mixed,1.0,1.0,easy,all,0.0,none,0,0.2735815644264221,0.3180985748767853,3398,2026-03-16 08:41:46
5,difficulty,SegRNN,Weather,336,2022,mixed,1.0,1.0,hard,all,0.0,none,0,0.2735815644264221,0.3180985748767853,2343,2026-03-16 08:43:13
5,difficulty,SegRNN,Weather,336,2021,mixed,1.0,1.0,easy,all,0.0,none,0,0.2766433656215668,0.322369635105133,3689,2026-03-16 08:45:53
5,difficulty,SegRNN,Weather,336,2023,mixed,1.0,1.0,easy,all,0.0,none,0,0.2765879929065704,0.321806788444519,3495,2026-03-16 08:53:57
5,difficulty,SegRNN,Weather,336,2021,mixed,1.0,1.0,hard,all,0.0,none,0,0.2766433656215668,0.322369635105133,3289,2026-03-16 08:56:10
5,difficulty,SegRNN,Weather,336,2021,mixed,1.0,1.0,medium,all,0.0,none,0,0.276546448469162,0.3221867978572845,3750,2026-03-16 09:02:12
5,difficulty,SegRNN,Weather,336,2022,mixed,1.0,1.0,medium,all,0.0,none,0,0.2762582302093506,0.3219005167484283,3757,2026-03-16 09:03:00
5,difficulty,SegRNN,Weather,336,2023,mixed,1.0,1.0,medium,all,0.0,none,0,0.2796428203582763,0.3256804943084717,3737,2026-03-16 09:03:19
5,difficulty,SegRNN,Weather,336,2023,mixed,1.0,1.0,hard,all,0.0,none,0,0.2796428203582763,0.3256804943084717,3913,2026-03-16 09:11:24
5,difficulty,TimesNet,ETTh1,96,2021,mixed,1.0,1.0,uniform,all,0.0,none,0,0.4416842460632324,0.4415574669837951,747,2026-03-16 12:09:29
5,difficulty,TimesNet,ETTh1,96,2023,mixed,1.0,1.0,uniform,all,0.0,none,0,0.4396941363811493,0.4420137107372284,674,2026-03-16 12:15:46
5,difficulty,TimesNet,ETTh1,96,2022,mixed,1.0,1.0,uniform,all,0.0,none,0,0.4140024483203888,0.4225703775882721,738,2026-03-16 12:15:51
5,difficulty,TimesNet,ETTh1,96,2022,mixed,1.0,1.0,easy,all,0.0,none,0,0.4126368463039398,0.4245426952838897,698,2026-03-16 12:21:34
5,difficulty,TimesNet,ETTh1,96,2023,mixed,1.0,1.0,easy,all,0.0,none,0,0.4293288886547088,0.436431884765625,664,2026-03-16 12:23:36
5,difficulty,TimesNet,ETTh1,96,2021,mixed,1.0,1.0,medium,all,0.0,none,0,0.4324581027030945,0.4370082318782806,731,2026-03-16 12:28:24
5,difficulty,TimesNet,ETTh1,96,2022,mixed,1.0,1.0,medium,all,0.0,none,0,0.4112152457237243,0.4239408373832702,727,2026-03-16 12:28:25
5,difficulty,TimesNet,ETTh1,96,2023,mixed,1.0,1.0,medium,all,0.0,none,0,0.4739935398101806,0.4638855159282684,678,2026-03-16 12:33:19
5,difficulty,TimesNet,ETTh1,96,2021,mixed,1.0,1.0,hard,all,0.0,none,0,0.4140348434448242,0.4237679839134216,864,2026-03-16 12:38:27
5,difficulty,TimesNet,ETTh1,96,2023,mixed,1.0,1.0,hard,all,0.0,none,0,0.4513647556304931,0.4478490650653839,603,2026-03-16 12:38:55
5,difficulty,TimesNet,ETTh1,96,2022,mixed,1.0,1.0,hard,all,0.0,none,0,0.4306375086307525,0.4354999661445617,713,2026-03-16 12:40:44
5,difficulty,TimesNet,ETTh1,336,2021,mixed,1.0,1.0,uniform,all,0.0,none,0,0.5369539856910706,0.4917722344398498,829,2026-03-16 12:44:22
5,difficulty,TimesNet,ETTh1,336,2021,mixed,1.0,1.0,easy,all,0.0,none,0,0.536151647567749,0.4970650374889374,894,2026-03-16 12:54:15
5,difficulty,TimesNet,ETTh1,336,2022,mixed,1.0,1.0,easy,all,0.0,none,0,0.5001721978187561,0.4730479717254638,864,2026-03-16 12:55:35
5,difficulty,TimesNet,ETTh1,336,2023,mixed,1.0,1.0,uniform,all,0.0,none,0,0.4970454573631286,0.4786552488803863,1032,2026-03-16 12:56:06
5,difficulty,TimesNet,ETTh1,336,2023,mixed,1.0,1.0,easy,all,0.0,none,0,0.4970454573631286,0.4786552488803863,731,2026-03-16 12:57:00
5,difficulty,TimesNet,ETTh1,336,2022,mixed,1.0,1.0,uniform,all,0.0,none,0,0.6361180543899536,0.5502278208732605,1602,2026-03-16 13:00:28
5,difficulty,TimesNet,ETTh1,336,2021,mixed,1.0,1.0,medium,all,0.0,none,0,0.5102153420448303,0.4774244725704193,1107,2026-03-16 13:13:09
5,difficulty,TimesNet,ETTh1,336,2023,mixed,1.0,1.0,medium,all,0.0,none,0,0.4862819612026214,0.4675261676311493,1118,2026-03-16 13:15:10
5,difficulty,TimesNet,ETTh1,336,2021,mixed,1.0,1.0,hard,all,0.0,none,0,0.5086781978607178,0.4770444929599762,1186,2026-03-16 13:17:13
5,difficulty,TimesNet,ETTh1,336,2022,mixed,1.0,1.0,medium,all,0.0,none,0,0.5004546642303467,0.4738203287124634,1484,2026-03-16 13:20:46
5,difficulty,TimesNet,ETTh1,336,2022,mixed,1.0,1.0,hard,all,0.0,none,0,0.5022546648979187,0.4745475947856903,1618,2026-03-16 13:27:53
5,difficulty,TimesNet,ETTh1,336,2023,mixed,1.0,1.0,hard,all,0.0,none,0,0.4954229593276977,0.4681372344493866,981,2026-03-16 13:30:04
5,difficulty,TimesNet,ETTm1,96,2021,mixed,1.0,1.0,uniform,all,0.0,none,0,0.3335127532482147,0.3711244463920593,1456,2026-03-16 13:39:53
5,difficulty,TimesNet,ETTm1,96,2021,mixed,1.0,1.0,easy,all,0.0,none,0,0.3335127532482147,0.3711244463920593,1137,2026-03-16 13:47:18
5,difficulty,TimesNet,ETTm1,96,2022,mixed,1.0,1.0,easy,all,0.0,none,0,0.3263688087463379,0.3673449456691742,1478,2026-03-16 13:55:09
5,difficulty,TimesNet,ETTm1,96,2022,mixed,1.0,1.0,uniform,all,0.0,none,0,0.3263688087463379,0.3673449456691742,2340,2026-03-16 13:56:40
5,difficulty,TimesNet,ETTm1,96,2023,mixed,1.0,1.0,easy,all,0.0,none,0,0.3331834375858307,0.375060498714447,1779,2026-03-16 14:09:59
5,difficulty,TimesNet,ETTm1,96,2021,mixed,1.0,1.0,medium,all,0.0,none,0,0.3455415070056915,0.3805943131446838,1424,2026-03-16 14:11:29
5,difficulty,TimesNet,ETTm1,96,2023,mixed,1.0,1.0,uniform,all,0.0,none,0,0.3400757312774658,0.3776182234287262,3363,2026-03-16 14:17:16
5,difficulty,TimesNet,ETTm1,96,2023,mixed,1.0,1.0,medium,all,0.0,none,0,0.3344515860080719,0.372433453798294,1847,2026-03-16 14:27:56
5,difficulty,TimesNet,ETTm1,96,2023,mixed,1.0,1.0,hard,all,0.0,none,0,0.3344515860080719,0.372433453798294,1851,2026-03-16 14:40:01
5,difficulty,TimesNet,ETTm1,336,2021,mixed,1.0,1.0,uniform,all,0.0,none,0,0.4152121841907501,0.4165646135807037,2237,2026-03-16 14:47:43
5,difficulty,TimesNet,ETTm1,96,2022,mixed,1.0,1.0,medium,all,0.0,none,0,0.3483838737010956,0.3832781910896301,3238,2026-03-16 14:49:33
5,difficulty,TimesNet,ETTm1,96,2021,mixed,1.0,1.0,hard,all,0.0,none,0,0.3353611528873443,0.3748808801174164,2908,2026-03-16 14:56:09
5,difficulty,TimesNet,ETTm1,336,2021,mixed,1.0,1.0,easy,all,0.0,none,0,0.4519002437591553,0.4442081749439239,1948,2026-03-16 15:00:51
5,difficulty,TimesNet,ETTm1,336,2022,mixed,1.0,1.0,uniform,all,0.0,none,0,0.4394662082195282,0.4371820986270904,3094,2026-03-16 15:03:30
5,difficulty,TimesNet,ETTm1,96,2022,mixed,1.0,1.0,hard,all,0.0,none,0,0.3483838737010956,0.3832781910896301,3453,2026-03-16 15:06:13
5,difficulty,TimesNet,ETTm1,336,2022,mixed,1.0,1.0,easy,all,0.0,none,0,0.4375413954257965,0.4267982244491577,2205,2026-03-16 15:11:27
5,difficulty,TimesNet,ETTm1,336,2021,mixed,1.0,1.0,medium,all,0.0,none,0,0.4158300757408142,0.4184206426143646,2174,2026-03-16 15:16:42
5,difficulty,TimesNet,ETTm1,336,2023,mixed,1.0,1.0,uniform,all,0.0,none,0,0.4249030351638794,0.4197472631931305,3824,2026-03-16 15:21:27
5,difficulty,TimesNet,Weather,96,2022,mixed,1.0,1.0,easy,all,0.0,none,0,0.1655809432268142,0.2155458778142929,1542,2026-03-16 15:32:22
5,difficulty,TimesNet,ETTm1,336,2021,mixed,1.0,1.0,hard,all,0.0,none,0,0.4158300757408142,0.4184206426143646,2871,2026-03-16 15:35:33
5,difficulty,TimesNet,ETTm1,336,2023,mixed,1.0,1.0,easy,all,0.0,none,0,0.4223974347114563,0.4190178215503692,3482,2026-03-16 15:37:45
5,difficulty,TimesNet,Weather,96,2021,mixed,1.0,1.0,easy,all,0.0,none,0,0.1639954298734665,0.2140022218227386,2138,2026-03-16 15:39:35
5,difficulty,TimesNet,Weather,96,2021,mixed,1.0,1.0,uniform,all,0.0,none,0,0.1639954298734665,0.2140022218227386,2751,2026-03-16 15:41:34
5,difficulty,TimesNet,Weather,96,2023,mixed,1.0,1.0,uniform,all,0.0,none,0,0.166662722826004,0.2154572308063507,2465,2026-03-16 15:42:23
5,difficulty,TimesNet,ETTm1,336,2022,mixed,1.0,1.0,medium,all,0.0,none,0,0.4275899529457092,0.4215547740459442,3614,2026-03-16 15:43:56
5,difficulty,TimesNet,ETTm1,336,2022,mixed,1.0,1.0,hard,all,0.0,none,0,0.4275899529457092,0.4215547740459442,3428,2026-03-16 15:45:19
5,difficulty,TimesNet,Weather,96,2022,mixed,1.0,1.0,uniform,all,0.0,none,0,0.1805454194545745,0.2317279428243637,3014,2026-03-16 15:46:51
5,difficulty,TimesNet,Weather,96,2021,mixed,1.0,1.0,medium,all,0.0,none,0,0.1668388545513153,0.2174268513917923,2225,2026-03-16 15:54:15
5,difficulty,TimesNet,Weather,96,2023,mixed,1.0,1.0,easy,all,0.0,none,0,0.1724529564380645,0.2229316979646682,2571,2026-03-16 15:54:45
5,difficulty,TimesNet,ETTm1,336,2023,mixed,1.0,1.0,hard,all,0.0,none,0,0.4263322651386261,0.4202063083648681,4260,2026-03-16 16:01:01
5,difficulty,TimesNet,ETTm1,336,2023,mixed,1.0,1.0,medium,all,0.0,none,0,0.4263322651386261,0.4202063083648681,4779,2026-03-16 16:04:51
5,difficulty,TimesNet,Weather,96,2022,mixed,1.0,1.0,medium,all,0.0,none,0,0.1669838279485702,0.2169086188077926,2990,2026-03-16 16:11:44
5,difficulty,TimesNet,Weather,96,2023,mixed,1.0,1.0,medium,all,0.0,none,0,0.1684164851903915,0.218630313873291,2558,2026-03-16 16:15:27
5,difficulty,TimesNet,Weather,336,2021,mixed,1.0,1.0,easy,all,0.0,none,0,0.2795755565166473,0.3041605055332184,2131,2026-03-16 16:21:17
5,difficulty,TimesNet,Weather,336,2022,mixed,1.0,1.0,uniform,all,0.0,none,0,0.2844343483448028,0.3065962195396423,2688,2026-03-16 16:27:39
5,difficulty,TimesNet,Weather,96,2021,mixed,1.0,1.0,hard,all,0.0,none,0,0.1646522134542465,0.2147264927625656,3151,2026-03-16 16:28:31
5,difficulty,TimesNet,Weather,96,2022,mixed,1.0,1.0,hard,all,0.0,none,0,0.166612908244133,0.2163286656141281,3031,2026-03-16 16:28:43
5,difficulty,TimesNet,Weather,336,2022,mixed,1.0,1.0,easy,all,0.0,none,0,0.2844343483448028,0.3065962195396423,2728,2026-03-16 16:32:46
5,difficulty,TimesNet,Weather,96,2023,mixed,1.0,1.0,hard,all,0.0,none,0,0.1681049913167953,0.2181242108345031,3175,2026-03-16 16:32:57
5,difficulty,TimesNet,Weather,336,2021,mixed,1.0,1.0,uniform,all,0.0,none,0,0.2787681221961975,0.3030672371387481,3233,2026-03-16 16:35:54
5,difficulty,TimesNet,Weather,336,2023,mixed,1.0,1.0,easy,all,0.0,none,0,0.2753079235553741,0.2991377711296081,2734,2026-03-16 16:40:16
5,difficulty,TimesNet,Weather,336,2022,mixed,1.0,1.0,medium,all,0.0,none,0,0.277111679315567,0.3019362390041351,2771,2026-03-16 16:47:39
5,difficulty,TimesNet,Weather,336,2021,mixed,1.0,1.0,medium,all,0.0,none,0,0.275186538696289,0.2997816801071167,3379,2026-03-16 16:51:31
5,difficulty,TimesNet,Weather,336,2023,mixed,1.0,1.0,uniform,all,0.0,none,0,0.275250107049942,0.2988816499710083,4527,2026-03-16 16:59:50
5,difficulty,TimesNet,Weather,336,2022,mixed,1.0,1.0,hard,all,0.0,none,0,0.277111679315567,0.3019362390041351,2736,2026-03-16 17:01:30
5,difficulty,TimesNet,Weather,336,2021,mixed,1.0,1.0,hard,all,0.0,none,0,0.275186538696289,0.2997816801071167,3426,2026-03-16 17:09:18
5,difficulty,TimesNet,Weather,336,2023,mixed,1.0,1.0,medium,all,0.0,none,0,0.2760474383831024,0.2995639443397522,4058,2026-03-16 17:12:56
5,difficulty,TimesNet,Weather,336,2023,mixed,1.0,1.0,hard,all,0.0,none,0,0.2776441276073456,0.3007326424121856,5220,2026-03-16 17:48:44
5,difficulty,iTransformer,ETTh1,96,2021,mixed,1.0,1.0,uniform,all,0.0,none,0,0.392267644405365,0.4063997566699981,201,2026-03-16 20:05:55
5,difficulty,iTransformer,ETTh1,96,2022,mixed,1.0,1.0,uniform,all,0.0,none,0,0.3948160111904144,0.4072200655937195,205,2026-03-16 20:09:46
5,difficulty,iTransformer,ETTh1,96,2021,mixed,1.0,1.0,easy,all,0.0,none,0,0.3949122130870819,0.4103992879390716,131,2026-03-16 20:12:44
5,difficulty,iTransformer,ETTh1,96,2023,mixed,1.0,1.0,uniform,all,0.0,none,0,0.39567631483078,0.4071063995361328,197,2026-03-16 20:13:30
5,difficulty,iTransformer,ETTh1,96,2022,mixed,1.0,1.0,easy,all,0.0,none,0,0.4035329520702362,0.4131168127059936,115,2026-03-16 20:15:05
5,difficulty,iTransformer,ETTh1,96,2023,mixed,1.0,1.0,easy,all,0.0,none,0,0.3982706665992737,0.4115392565727234,115,2026-03-16 20:15:51
5,difficulty,iTransformer,ETTh1,96,2021,mixed,1.0,1.0,medium,all,0.0,none,0,0.3925255835056305,0.4066246151924133,187,2026-03-16 20:17:10
5,difficulty,iTransformer,ETTh1,96,2022,mixed,1.0,1.0,medium,all,0.0,none,0,0.3960694670677185,0.4085544049739837,204,2026-03-16 20:18:56
5,difficulty,iTransformer,ETTh1,96,2023,mixed,1.0,1.0,medium,all,0.0,none,0,0.3934789001941681,0.4071594178676605,207,2026-03-16 20:19:44
5,difficulty,iTransformer,ETTh1,96,2021,mixed,1.0,1.0,hard,all,0.0,none,0,0.394677996635437,0.4069512486457824,197,2026-03-16 20:20:53
5,difficulty,iTransformer,ETTh1,96,2022,mixed,1.0,1.0,hard,all,0.0,none,0,0.3940857350826263,0.407448261976242,216,2026-03-16 20:22:59
5,difficulty,iTransformer,ETTh1,96,2023,mixed,1.0,1.0,hard,all,0.0,none,0,0.3924751281738281,0.4063103795051574,214,2026-03-16 20:23:44
5,difficulty,iTransformer,ETTh1,336,2021,mixed,1.0,1.0,uniform,all,0.0,none,0,0.4873869717121124,0.4576729536056518,343,2026-03-16 20:27:04
5,difficulty,iTransformer,ETTh1,336,2022,mixed,1.0,1.0,uniform,all,0.0,none,0,0.4901917576789856,0.4600197672843933,298,2026-03-16 20:28:23
5,difficulty,iTransformer,ETTh1,336,2023,mixed,1.0,1.0,uniform,all,0.0,none,0,0.4904655814170837,0.4586643278598785,322,2026-03-16 20:29:32
5,difficulty,iTransformer,ETTh1,336,2021,mixed,1.0,1.0,easy,all,0.0,none,0,0.4875026643276214,0.4604318141937256,203,2026-03-16 20:30:53
5,difficulty,iTransformer,ETTh1,336,2022,mixed,1.0,1.0,easy,all,0.0,none,0,0.4910101294517517,0.4626099169254303,264,2026-03-16 20:33:13
5,difficulty,iTransformer,ETTh1,336,2023,mixed,1.0,1.0,easy,all,0.0,none,0,0.4894432127475738,0.4600917398929596,227,2026-03-16 20:33:45
5,difficulty,iTransformer,ETTh1,336,2021,mixed,1.0,1.0,medium,all,0.0,none,0,0.4872143566608429,0.4579744935035705,326,2026-03-16 20:36:45
5,difficulty,iTransformer,ETTh1,336,2022,mixed,1.0,1.0,medium,all,0.0,none,0,0.4899181127548218,0.4591692984104156,323,2026-03-16 20:39:02
5,difficulty,iTransformer,ETTh1,336,2023,mixed,1.0,1.0,medium,all,0.0,none,0,0.4860547184944153,0.4562280774116516,332,2026-03-16 20:39:43
5,difficulty,iTransformer,ETTh1,336,2021,mixed,1.0,1.0,hard,all,0.0,none,0,0.4887473583221435,0.4597960412502289,345,2026-03-16 20:42:56
5,difficulty,iTransformer,ETTh1,336,2022,mixed,1.0,1.0,hard,all,0.0,none,0,0.4904875457286834,0.4603105783462524,355,2026-03-16 20:45:24
5,difficulty,iTransformer,ETTh1,336,2023,mixed,1.0,1.0,hard,all,0.0,none,0,0.4871581792831421,0.4580518007278442,338,2026-03-16 20:45:47
5,difficulty,iTransformer,ETTm1,96,2021,mixed,1.0,1.0,uniform,all,0.0,none,0,0.3468407392501831,0.3804763853549957,553,2026-03-16 20:52:35
5,difficulty,iTransformer,ETTm1,96,2023,mixed,1.0,1.0,uniform,all,0.0,none,0,0.3339090943336487,0.3698298335075378,453,2026-03-16 20:53:46
5,difficulty,iTransformer,ETTm1,96,2022,mixed,1.0,1.0,uniform,all,0.0,none,0,0.3368039429187774,0.3723442256450653,605,2026-03-16 20:55:55
5,difficulty,iTransformer,ETTm1,96,2021,mixed,1.0,1.0,easy,all,0.0,none,0,0.3347238898277282,0.3696554005146026,509,2026-03-16 20:58:04
5,difficulty,iTransformer,ETTm1,96,2023,mixed,1.0,1.0,easy,all,0.0,none,0,0.3379665613174438,0.3738783001899719,319,2026-03-16 20:59:32
5,difficulty,iTransformer,ETTm1,96,2022,mixed,1.0,1.0,easy,all,0.0,none,0,0.3269997537136078,0.3650515079498291,391,2026-03-16 20:59:32
5,difficulty,iTransformer,ETTm1,96,2021,mixed,1.0,1.0,medium,all,0.0,none,0,0.3399990797042846,0.3751501739025116,541,2026-03-16 21:05:24
5,difficulty,iTransformer,ETTm1,96,2022,mixed,1.0,1.0,medium,all,0.0,none,0,0.3321389555931091,0.3699752390384674,469,2026-03-16 21:06:20
5,difficulty,iTransformer,ETTm1,96,2023,mixed,1.0,1.0,medium,all,0.0,none,0,0.3391109108924866,0.3759912848472595,399,2026-03-16 21:06:38
5,difficulty,iTransformer,ETTm1,96,2021,mixed,1.0,1.0,hard,all,0.0,none,0,0.3351841866970062,0.3715323209762573,765,2026-03-16 21:12:44
5,difficulty,iTransformer,ETTm1,96,2022,mixed,1.0,1.0,hard,all,0.0,none,0,0.3363288640975952,0.3731932640075683,641,2026-03-16 21:16:31
5,difficulty,iTransformer,ETTm1,96,2023,mixed,1.0,1.0,hard,all,0.0,none,0,0.3365467190742492,0.3713089525699615,775,2026-03-16 21:19:42
5,difficulty,iTransformer,ETTm1,336,2022,mixed,1.0,1.0,uniform,all,0.0,none,0,0.4250974357128143,0.4232384264469147,935,2026-03-16 21:28:45
5,difficulty,iTransformer,ETTm1,336,2021,mixed,1.0,1.0,uniform,all,0.0,none,0,0.4332111477851867,0.4234179854393005,1311,2026-03-16 21:28:55
5,difficulty,iTransformer,ETTm1,336,2023,mixed,1.0,1.0,uniform,all,0.0,none,0,0.4219383299350738,0.4211753308773041,790,2026-03-16 21:30:07
5,difficulty,iTransformer,ETTm1,336,2021,mixed,1.0,1.0,easy,all,0.0,none,0,0.4332111477851867,0.4234179854393005,775,2026-03-16 21:33:03
5,difficulty,iTransformer,ETTm1,336,2023,mixed,1.0,1.0,easy,all,0.0,none,0,0.4374808669090271,0.4261628091335296,737,2026-03-16 21:41:39
5,difficulty,iTransformer,ETTm1,336,2022,mixed,1.0,1.0,easy,all,0.0,none,0,0.4352278113365173,0.4272255897521972,863,2026-03-16 21:43:35
5,difficulty,iTransformer,ETTm1,336,2021,mixed,1.0,1.0,medium,all,0.0,none,0,0.4234927296638489,0.4206493496894836,805,2026-03-16 21:43:59
5,difficulty,iTransformer,ETTm1,336,2022,mixed,1.0,1.0,medium,all,0.0,none,0,0.4295174777507782,0.4264427721500397,1283,2026-03-16 21:54:54
5,difficulty,iTransformer,ETTm1,336,2022,mixed,1.0,1.0,hard,all,0.0,none,0,0.4295174777507782,0.4264427721500397,920,2026-03-16 21:59:46
5,difficulty,iTransformer,ETTm1,336,2021,mixed,1.0,1.0,hard,all,0.0,none,0,0.4315411150455475,0.4265385866165161,1154,2026-03-16 22:03:15
5,difficulty,iTransformer,ETTm1,336,2023,mixed,1.0,1.0,medium,all,0.0,none,0,0.4263723790645599,0.42596635222435,1303,2026-03-16 22:03:49
5,difficulty,iTransformer,ETTm1,336,2023,mixed,1.0,1.0,hard,all,0.0,none,0,0.4366050362586975,0.4310863316059112,1384,2026-03-16 22:18:25
5,difficulty,iTransformer,Weather,96,2022,mixed,1.0,1.0,uniform,all,0.0,none,0,0.1720314174890518,0.2140814214944839,1259,2026-03-16 22:24:40
5,difficulty,iTransformer,Weather,96,2023,mixed,1.0,1.0,uniform,all,0.0,none,0,0.1729218959808349,0.2151080965995788,1265,2026-03-16 22:25:20
5,difficulty,iTransformer,Weather,96,2021,mixed,1.0,1.0,uniform,all,0.0,none,0,0.1724077761173248,0.2131386250257492,1857,2026-03-16 22:31:10
5,difficulty,iTransformer,Weather,96,2021,mixed,1.0,1.0,easy,all,0.0,none,0,0.1794042885303497,0.2223264425992965,1256,2026-03-16 22:39:48
5,difficulty,iTransformer,Weather,96,2022,mixed,1.0,1.0,easy,all,0.0,none,0,0.1869676411151886,0.2341907620429992,974,2026-03-16 22:41:21
5,difficulty,iTransformer,Weather,96,2023,mixed,1.0,1.0,easy,all,0.0,none,0,0.1776947528123855,0.218994453549385,1435,2026-03-16 22:49:43
5,difficulty,iTransformer,Weather,96,2023,mixed,1.0,1.0,medium,all,0.0,none,0,0.175487607717514,0.216676577925682,1293,2026-03-16 22:51:50
5,difficulty,iTransformer,Weather,96,2022,mixed,1.0,1.0,medium,all,0.0,none,0,0.1724866330623626,0.2131800949573516,1660,2026-03-16 22:57:57
5,difficulty,iTransformer,Weather,96,2021,mixed,1.0,1.0,medium,all,0.0,none,0,0.1729222983121872,0.2129916101694107,1887,2026-03-16 23:00:43
5,difficulty,iTransformer,Weather,96,2022,mixed,1.0,1.0,hard,all,0.0,none,0,0.1724866330623626,0.2131800949573516,1567,2026-03-16 23:00:56
5,difficulty,iTransformer,Weather,96,2021,mixed,1.0,1.0,hard,all,0.0,none,0,0.1729222983121872,0.2129916101694107,2007,2026-03-16 23:05:04
5,difficulty,iTransformer,Weather,96,2023,mixed,1.0,1.0,hard,all,0.0,none,0,0.1719536036252975,0.21291084587574,2152,2026-03-16 23:10:41
5,difficulty,iTransformer,Weather,336,2021,mixed,1.0,1.0,easy,all,0.0,none,0,0.2837740480899811,0.3016417920589447,2190,2026-03-16 23:18:48
5,difficulty,iTransformer,Weather,336,2022,mixed,1.0,1.0,easy,all,0.0,none,0,0.2830691635608673,0.3007680177688598,1798,2026-03-16 23:19:17
5,difficulty,iTransformer,Weather,336,2023,mixed,1.0,1.0,easy,all,0.0,none,0,0.2790840566158294,0.2971638143062591,1919,2026-03-16 23:22:09
5,difficulty,iTransformer,Weather,336,2022,mixed,1.0,1.0,uniform,all,0.0,none,0,0.28252112865448,0.2998828589916229,2661,2026-03-16 23:24:36
5,difficulty,iTransformer,Weather,336,2023,mixed,1.0,1.0,uniform,all,0.0,none,0,0.2769051492214203,0.2971648871898651,2671,2026-03-16 23:26:19
5,difficulty,iTransformer,Weather,336,2021,mixed,1.0,1.0,uniform,all,0.0,none,0,0.2813751995563507,0.2993137836456299,3064,2026-03-16 23:28:52
5,difficulty,iTransformer,Weather,336,2021,mixed,1.0,1.0,medium,all,0.0,none,0,0.2813751995563507,0.2993137836456299,2210,2026-03-16 23:29:07
5,difficulty,iTransformer,Weather,336,2022,mixed,1.0,1.0,medium,all,0.0,none,0,0.28252112865448,0.2998828589916229,2218,2026-03-16 23:30:18
5,difficulty,iTransformer,Weather,336,2023,mixed,1.0,1.0,hard,all,0.0,none,0,0.2769051492214203,0.2971648871898651,2396,2026-03-16 23:41:47
5,difficulty,iTransformer,Weather,336,2023,mixed,1.0,1.0,medium,all,0.0,none,0,0.2769051492214203,0.2971648871898651,2638,2026-03-16 23:42:22
5,difficulty,iTransformer,Weather,336,2021,mixed,1.0,1.0,hard,all,0.0,none,0,0.2803254425525665,0.298346996307373,3071,2026-03-16 23:52:21
5,difficulty,iTransformer,Weather,336,2022,mixed,1.0,1.0,hard,all,0.0,none,0,0.2807615101337433,0.2987776696681976,3170,2026-03-16 23:54:22
5,difficulty,PatchTST,ETTh1,96,2022,mixed,1.0,1.0,uniform,all,0.0,none,0,0.445125550031662,0.4435035288333893,156,2026-03-17 02:46:08
5,difficulty,PatchTST,ETTh1,96,2021,mixed,1.0,1.0,uniform,all,0.0,none,0,0.4368502199649811,0.4374639093875885,191,2026-03-17 02:46:14
5,difficulty,PatchTST,ETTh1,96,2021,mixed,1.0,1.0,easy,all,0.0,none,0,0.4033640325069427,0.4136414527893066,177,2026-03-17 02:49:37
5,difficulty,PatchTST,ETTh1,96,2023,mixed,1.0,1.0,uniform,all,0.0,none,0,0.4441258311271667,0.443878173828125,203,2026-03-17 02:49:57
5,difficulty,PatchTST,ETTh1,96,2022,mixed,1.0,1.0,easy,all,0.0,none,0,0.4048539996147156,0.4133805632591247,142,2026-03-17 02:52:26
5,difficulty,PatchTST,ETTh1,96,2023,mixed,1.0,1.0,easy,all,0.0,none,0,0.4055382013320923,0.4122373759746551,196,2026-03-17 02:53:40
5,difficulty,PatchTST,ETTh1,96,2021,mixed,1.0,1.0,medium,all,0.0,none,0,0.4291975796222687,0.4325499236583709,186,2026-03-17 02:55:59
5,difficulty,PatchTST,ETTh1,96,2022,mixed,1.0,1.0,medium,all,0.0,none,0,0.4317842125892639,0.4343491792678833,199,2026-03-17 02:56:51
5,difficulty,PatchTST,ETTh1,96,2023,mixed,1.0,1.0,medium,all,0.0,none,0,0.4344647526741028,0.4362271726131439,200,2026-03-17 02:57:26
5,difficulty,PatchTST,ETTh1,96,2021,mixed,1.0,1.0,hard,all,0.0,none,0,0.4677924215793609,0.459383875131607,190,2026-03-17 02:58:42
5,difficulty,PatchTST,ETTh1,96,2022,mixed,1.0,1.0,hard,all,0.0,none,0,0.4724938869476318,0.461944431066513,216,2026-03-17 03:00:02
5,difficulty,PatchTST,ETTh1,96,2023,mixed,1.0,1.0,hard,all,0.0,none,0,0.4761866331100464,0.4643645286560058,210,2026-03-17 03:00:48
5,difficulty,PatchTST,ETTh1,336,2021,mixed,1.0,1.0,uniform,all,0.0,none,0,0.5046043395996094,0.4690147936344147,292,2026-03-17 03:02:44
5,difficulty,PatchTST,ETTh1,336,2022,mixed,1.0,1.0,uniform,all,0.0,none,0,0.4936505854129791,0.4650335609912872,330,2026-03-17 03:04:39
5,difficulty,PatchTST,ETTh1,336,2023,mixed,1.0,1.0,uniform,all,0.0,none,0,0.5181111097335815,0.4853952825069427,323,2026-03-17 03:05:51
5,difficulty,PatchTST,ETTh1,336,2021,mixed,1.0,1.0,easy,all,0.0,none,0,0.4813637137413025,0.4601152837276459,313,2026-03-17 03:06:28
5,difficulty,PatchTST,ETTh1,336,2022,mixed,1.0,1.0,easy,all,0.0,none,0,0.5479958653450012,0.5004662871360779,300,2026-03-17 03:08:10
5,difficulty,PatchTST,ETTh1,336,2023,mixed,1.0,1.0,easy,all,0.0,none,0,0.4858464002609253,0.4617635011672973,256,2026-03-17 03:09:22
5,difficulty,PatchTST,ETTh1,336,2022,mixed,1.0,1.0,medium,all,0.0,none,0,0.5112500786781311,0.4784304201602936,297,2026-03-17 03:11:52
5,difficulty,PatchTST,ETTh1,336,2021,mixed,1.0,1.0,medium,all,0.0,none,0,0.5548052191734314,0.5106245875358582,358,2026-03-17 03:12:16
5,difficulty,PatchTST,ETTh1,336,2023,mixed,1.0,1.0,medium,all,0.0,none,0,0.5748370289802551,0.5165444612503052,318,2026-03-17 03:13:54
5,difficulty,PatchTST,ETTh1,336,2021,mixed,1.0,1.0,hard,all,0.0,none,0,0.5378092527389526,0.5004512667655945,338,2026-03-17 03:15:26
5,difficulty,PatchTST,ETTh1,336,2022,mixed,1.0,1.0,hard,all,0.0,none,0,0.5461257100105286,0.5049782395362854,337,2026-03-17 03:17:56
5,difficulty,PatchTST,ETTh1,336,2023,mixed,1.0,1.0,hard,all,0.0,none,0,0.5453803539276123,0.5052658319473267,335,2026-03-17 03:18:18
5,difficulty,PatchTST,ETTm1,96,2021,mixed,1.0,1.0,uniform,all,0.0,none,0,0.3853600621223449,0.4036683142185211,675,2026-03-17 03:25:36
5,difficulty,PatchTST,ETTm1,96,2022,mixed,1.0,1.0,medium,all,0.0,none,0,0.4039329886436462,0.4154956638813019,452,2026-03-17 16:54:43
5,difficulty,PatchTST,ETTm1,96,2023,mixed,1.0,1.0,medium,all,0.0,none,0,0.4149394631385803,0.4237581491470337,534,2026-03-17 16:56:05
5,difficulty,PatchTST,ETTm1,96,2021,mixed,1.0,1.0,easy,all,0.0,none,0,0.383002370595932,0.4021608233451843,590,2026-03-17 16:57:01
5,difficulty,PatchTST,ETTm1,96,2023,mixed,1.0,1.0,uniform,all,0.0,none,0,0.3576486706733703,0.3857148587703705,591,2026-03-17 16:57:05
5,difficulty,PatchTST,ETTm1,96,2021,mixed,1.0,1.0,medium,all,0.0,none,0,0.4087460041046142,0.4195826947689056,701,2026-03-17 16:58:51
5,difficulty,PatchTST,ETTm1,96,2022,mixed,1.0,1.0,easy,all,0.0,none,0,0.4039808213710785,0.4151049852371216,701,2026-03-17 16:58:52
5,difficulty,PatchTST,ETTm1,96,2023,mixed,1.0,1.0,easy,all,0.0,none,0,0.4090306162834167,0.4173001050949096,706,2026-03-17 16:58:57
5,difficulty,PatchTST,ETTm1,96,2022,mixed,1.0,1.0,uniform,all,0.0,none,0,0.4039808213710785,0.4151049852371216,734,2026-03-17 16:59:25
5,difficulty,PatchTST,ETTm1,96,2022,mixed,1.0,1.0,hard,all,0.0,none,0,0.4039808213710785,0.4151049852371216,742,2026-03-17 16:59:33
5,difficulty,PatchTST,ETTm1,96,2021,mixed,1.0,1.0,hard,all,0.0,none,0,0.4087460041046142,0.4195826947689056,765,2026-03-17 16:59:56
5,difficulty,PatchTST,ETTm1,96,2023,mixed,1.0,1.0,hard,all,0.0,none,0,0.4090306162834167,0.4173001050949096,775,2026-03-17 17:00:06
5,difficulty,PatchTST,ETTm1,336,2021,mixed,1.0,1.0,uniform,all,0.0,none,0,0.4495167732238769,0.4324482381343841,1160,2026-03-17 17:06:31
5,difficulty,PatchTST,ETTm1,336,2022,mixed,1.0,1.0,uniform,all,0.0,none,0,0.434120237827301,0.4312497079372406,1251,2026-03-17 17:08:02
5,difficulty,PatchTST,ETTm1,336,2023,mixed,1.0,1.0,uniform,all,0.0,none,0,0.4607913494110107,0.4405322670936584,1275,2026-03-17 17:08:26
5,difficulty,PatchTST,ETTm1,336,2021,mixed,1.0,1.0,easy,all,0.0,none,0,0.4762641191482544,0.4482808113098144,899,2026-03-17 17:10:09
5,difficulty,PatchTST,ETTm1,336,2023,mixed,1.0,1.0,easy,all,0.0,none,0,0.4766373634338379,0.4512386620044708,878,2026-03-17 17:12:06
5,difficulty,PatchTST,ETTm1,336,2022,mixed,1.0,1.0,easy,all,0.0,none,0,0.4688138365745544,0.447277307510376,1015,2026-03-17 17:13:26
5,difficulty,PatchTST,ETTm1,336,2023,mixed,1.0,1.0,medium,all,0.0,none,0,0.4754067361354828,0.4506880342960357,907,2026-03-17 17:14:26
5,difficulty,PatchTST,ETTm1,336,2022,mixed,1.0,1.0,medium,all,0.0,none,0,0.4688138365745544,0.447277307510376,1019,2026-03-17 17:16:17
5,difficulty,PatchTST,ETTm1,336,2022,mixed,1.0,1.0,hard,all,0.0,none,0,0.4688138365745544,0.447277307510376,1065,2026-03-17 17:17:37
5,difficulty,PatchTST,ETTm1,336,2021,mixed,1.0,1.0,medium,all,0.0,none,0,0.4748455882072449,0.4500245451927185,1302,2026-03-17 17:19:13
5,difficulty,PatchTST,ETTm1,336,2021,mixed,1.0,1.0,hard,all,0.0,none,0,0.4748455882072449,0.4500245451927185,1335,2026-03-17 17:21:39
5,difficulty,PatchTST,ETTm1,336,2023,mixed,1.0,1.0,hard,all,0.0,none,0,0.4733976125717163,0.4492167830467224,1383,2026-03-17 17:23:03
5,difficulty,PatchTST,Weather,96,2022,mixed,1.0,1.0,uniform,all,0.0,none,0,0.188345193862915,0.2369912564754486,2067,2026-03-17 17:35:00
5,difficulty,PatchTST,Weather,96,2021,mixed,1.0,1.0,uniform,all,0.0,none,0,0.1881279647350311,0.2374216318130493,2113,2026-03-17 17:35:36
5,difficulty,PatchTST,Weather,96,2022,mixed,1.0,1.0,easy,all,0.0,none,0,0.188103437423706,0.2362339347600937,1865,2026-03-17 17:39:58
5,difficulty,PatchTST,Weather,96,2021,mixed,1.0,1.0,easy,all,0.0,none,0,0.1813815534114837,0.227181538939476,1936,2026-03-17 17:40:45
5,difficulty,PatchTST,Weather,96,2023,mixed,1.0,1.0,uniform,all,0.0,none,0,0.1864622235298156,0.235325202345848,2086,2026-03-17 17:41:44
5,difficulty,PatchTST,Weather,96,2023,mixed,1.0,1.0,easy,all,0.0,none,0,0.1876390129327774,0.2357974052429199,2014,2026-03-17 17:44:10
5,difficulty,PatchTST,Weather,96,2021,mixed,1.0,1.0,medium,all,0.0,none,0,0.1875502169132232,0.2364966720342636,2059,2026-03-17 17:46:53
5,difficulty,PatchTST,Weather,96,2022,mixed,1.0,1.0,hard,all,0.0,none,0,0.1880626678466797,0.2361952662467956,1767,2026-03-17 17:47:31
5,difficulty,PatchTST,Weather,96,2022,mixed,1.0,1.0,medium,all,0.0,none,0,0.1880626678466797,0.2361952662467956,2031,2026-03-17 17:47:44
5,difficulty,PatchTST,Weather,96,2023,mixed,1.0,1.0,hard,all,0.0,none,0,0.1876390129327774,0.2357974052429199,1780,2026-03-17 17:49:20
5,difficulty,PatchTST,Weather,96,2023,mixed,1.0,1.0,medium,all,0.0,none,0,0.1876390129327774,0.2357974052429199,2104,2026-03-17 17:49:57
5,difficulty,PatchTST,Weather,96,2021,mixed,1.0,1.0,hard,all,0.0,none,0,0.1873098760843277,0.2363883405923843,2072,2026-03-17 17:51:15
5,difficulty,PatchTST,Weather,336,2021,mixed,1.0,1.0,uniform,all,0.0,none,0,0.2909715473651886,0.3117789328098297,3170,2026-03-17 18:14:56
5,difficulty,PatchTST,Weather,336,2022,mixed,1.0,1.0,uniform,all,0.0,none,0,0.2917453050613403,0.3119613230228424,3358,2026-03-17 18:19:28
5,difficulty,PatchTST,Weather,336,2021,mixed,1.0,1.0,easy,all,0.0,none,0,0.2909715473651886,0.3117789328098297,2855,2026-03-17 18:23:37
5,difficulty,PatchTST,Weather,336,2021,mixed,1.0,1.0,hard,all,0.0,none,0,0.2909715473651886,0.3117789328098297,2317,2026-03-17 18:26:35
5,difficulty,PatchTST,Weather,336,2023,mixed,1.0,1.0,uniform,all,0.0,none,0,0.2866474092006683,0.3065758049488067,3132,2026-03-17 18:27:38
5,difficulty,PatchTST,Weather,336,2021,mixed,1.0,1.0,medium,all,0.0,none,0,0.2909715473651886,0.3117789328098297,3040,2026-03-17 18:32:51
5,difficulty,PatchTST,Weather,336,2022,mixed,1.0,1.0,easy,all,0.0,none,0,0.2915137112140655,0.3140603899955749,3492,2026-03-17 18:38:37
5,difficulty,PatchTST,Weather,336,2023,mixed,1.0,1.0,easy,all,0.0,none,0,0.2913528978824615,0.3121313154697418,3540,2026-03-17 18:40:12
5,difficulty,PatchTST,Weather,336,2023,mixed,1.0,1.0,medium,all,0.0,none,0,0.2913528978824615,0.3121313154697418,3502,2026-03-17 18:45:41
5,difficulty,PatchTST,Weather,336,2022,mixed,1.0,1.0,medium,all,0.0,none,0,0.2915137112140655,0.3140603899955749,3784,2026-03-17 18:47:40
5,difficulty,PatchTST,Weather,336,2022,mixed,1.0,1.0,hard,all,0.0,none,0,0.2915137112140655,0.3140603899955749,3932,2026-03-17 18:53:42
5,difficulty,PatchTST,Weather,336,2023,mixed,1.0,1.0,hard,all,0.0,none,0,0.2913528978824615,0.3121313154697418,4015,2026-03-17 18:56:41
5,difficulty,PatchTST,Electricity,96,2022,mixed,1.0,1.0,medium,all,0.0,none,0,0.2470081746578216,0.3370810747146606,10448,2026-03-17 21:27:26
5,difficulty,TimesNet,ETTh1,96,2021,mixed,1.0,1.0,easy,all,0.0,none,0,0.4216438233852386,0.428914874792099,726,2026-03-22 22:03:46
5,difficulty,DLinear,Electricity,96,2023,mixed,1.0,1.0,uniform,all,0.0,none,0,0.2510415017604828,0.3453828990459442,13488,2026-04-06 18:19:24
5,difficulty,DLinear,Electricity,96,2021,mixed,1.0,1.0,easy,all,0.0,none,0,0.2534681260585785,0.3476148545742035,11546,2026-04-06 19:23:10
5,difficulty,DLinear,Electricity,96,2022,mixed,1.0,1.0,easy,all,0.0,none,0,0.2484130710363388,0.3420358300209045,13258,2026-04-06 21:11:46
5,difficulty,DLinear,Electricity,96,2021,mixed,1.0,1.0,medium,all,0.0,none,0,0.2483601421117782,0.3421632349491119,14953,2026-04-06 22:29:14
5,difficulty,DLinear,Electricity,96,2021,mixed,1.0,1.0,hard,all,0.0,none,0,0.2483601421117782,0.3421632349491119,11818,2026-04-06 22:43:46
5,difficulty,DLinear,Electricity,96,2023,mixed,1.0,1.0,hard,all,0.0,none,0,0.2502147257328033,0.3442418575286865,11833,2026-04-06 22:44:09
5,difficulty,DLinear,Electricity,96,2023,mixed,1.0,1.0,medium,all,0.0,none,0,0.2486303746700287,0.342485100030899,12419,2026-04-06 22:53:43
5,difficulty,DLinear,Electricity,96,2022,mixed,1.0,1.0,medium,all,0.0,none,0,0.2483702898025512,0.3422324657440185,14501,2026-04-06 23:28:19
5,difficulty,DLinear,Electricity,336,2022,mixed,1.0,1.0,easy,all,0.0,none,0,0.27158984541893,0.3685522973537445,15204,2026-04-06 23:44:51
5,difficulty,DLinear,Electricity,336,2022,mixed,1.0,1.0,uniform,all,0.0,none,0,0.2616568803787231,0.3602492213249206,18571,2026-04-07 00:36:52
5,difficulty,DLinear,Electricity,336,2021,mixed,1.0,1.0,easy,all,0.0,none,0,0.2609349489212036,0.3594494163990021,19341,2026-04-07 00:53:48
5,difficulty,DLinear,Electricity,336,2023,mixed,1.0,1.0,uniform,all,0.0,none,0,0.2579940557479858,0.3560455739498138,20565,2026-04-07 01:14:13
5,difficulty,DLinear,Electricity,336,2023,mixed,1.0,1.0,easy,all,0.0,none,0,0.3112086653709411,0.4001127481460571,15054,2026-04-07 02:55:15
5,difficulty,DLinear,Electricity,336,2023,mixed,1.0,1.0,medium,all,0.0,none,0,0.2730883061885834,0.3754028677940368,18651,2026-04-07 04:10:15
5,difficulty,DLinear,Electricity,336,2022,mixed,1.0,1.0,medium,all,0.0,none,0,0.2729846537113189,0.3754442632198334,20937,2026-04-07 04:43:09
5,difficulty,DLinear,Electricity,336,2021,mixed,1.0,1.0,hard,all,0.0,none,0,0.2593168914318084,0.3579156696796417,20229,2026-04-07 04:53:46
5,difficulty,DLinear,Electricity,336,2022,mixed,1.0,1.0,hard,all,0.0,none,0,0.2729846537113189,0.3754442632198334,19974,2026-04-07 05:02:02
5,difficulty,SegRNN,Electricity,96,2023,mixed,1.0,1.0,easy,all,0.0,none,0,0.2213367521762848,0.3096520602703094,12502,2026-04-07 10:40:59
5,difficulty,SegRNN,Electricity,96,2023,mixed,1.0,1.0,hard,all,0.0,none,0,0.2210756838321685,0.3093887567520141,13615,2026-04-07 10:59:39
5,difficulty,SegRNN,Electricity,96,2022,mixed,1.0,1.0,easy,all,0.0,none,0,0.207605555653572,0.2966314554214477,13661,2026-04-07 11:00:14
5,difficulty,SegRNN,Electricity,96,2021,mixed,1.0,1.0,easy,all,0.0,none,0,0.2215465754270553,0.3097734153270721,13902,2026-04-07 11:04:14
5,difficulty,SegRNN,Electricity,96,2022,mixed,1.0,1.0,medium,all,0.0,none,0,0.207605555653572,0.2966314554214477,14250,2026-04-07 11:10:08
5,difficulty,SegRNN,Electricity,96,2023,mixed,1.0,1.0,medium,all,0.0,none,0,0.2193385958671569,0.3078615069389343,14715,2026-04-07 11:17:53
5,difficulty,SegRNN,Electricity,96,2022,mixed,1.0,1.0,uniform,all,0.0,none,0,0.207605555653572,0.2966314554214477,14801,2026-04-07 11:19:02
5,difficulty,DLinear,Electricity,336,2021,mixed,1.0,1.0,uniform,all,0.0,none,0,0.2559920251369476,0.3540879786014557,6497,2026-04-08 23:52:07
5,difficulty,SegRNN,Electricity,96,2021,mixed,1.0,1.0,uniform,all,0.0,none,0,0.2252810448408126,0.3146466314792633,6928,2026-04-09 00:09:21
5,difficulty,DLinear,Electricity,336,2023,mixed,1.0,1.0,hard,all,0.0,none,0,0.2747209966182709,0.3770866990089416,7514,2026-04-09 00:18:08
5,difficulty,SegRNN,Electricity,96,2023,mixed,1.0,1.0,uniform,all,0.0,none,0,0.2251923084259033,0.3148073554039001,7150,2026-04-09 00:18:54
5,difficulty,DLinear,Electricity,336,2021,mixed,1.0,1.0,medium,all,0.0,none,0,0.2559920251369476,0.3540879786014557,7911,2026-04-09 00:21:58
5,difficulty,SegRNN,Electricity,96,2021,mixed,1.0,1.0,medium,all,0.0,none,0,0.2211806327104568,0.3114109635353088,6988,2026-04-09 00:35:27
5,difficulty,SegRNN,Electricity,96,2021,mixed,1.0,1.0,hard,all,0.0,none,0,0.2211806327104568,0.3114109635353088,7139,2026-04-09 00:38:30
5,difficulty,SegRNN,Electricity,96,2022,mixed,1.0,1.0,hard,all,0.0,none,0,0.2318025678396225,0.3215137422084808,6986,2026-04-09 01:07:08
5,difficulty,SegRNN,Electricity,336,2021,mixed,1.0,1.0,uniform,all,0.0,none,0,0.2452520430088043,0.3322165310382843,9188,2026-04-09 02:25:17
5,difficulty,SegRNN,Electricity,336,2022,mixed,1.0,1.0,uniform,all,0.0,none,0,0.2481296807527542,0.3353827893733978,9913,2026-04-09 02:54:35
5,difficulty,SegRNN,Electricity,336,2023,mixed,1.0,1.0,uniform,all,0.0,none,0,0.2353073507547378,0.3225047886371612,9748,2026-04-09 03:00:38
5,difficulty,SegRNN,Electricity,336,2021,mixed,1.0,1.0,easy,all,0.0,none,0,0.2446712702512741,0.3317366540431976,9841,2026-04-09 03:02:55
5,difficulty,SegRNN,Electricity,336,2022,mixed,1.0,1.0,easy,all,0.0,none,0,0.2349652349948883,0.3223475813865661,9759,2026-04-09 03:04:37
5,difficulty,SegRNN,Electricity,336,2023,mixed,1.0,1.0,easy,all,0.0,none,0,0.2504933774471283,0.3391724824905395,9880,2026-04-09 03:20:08
5,difficulty,SegRNN,Electricity,336,2021,mixed,1.0,1.0,medium,all,0.0,none,0,0.2446114867925644,0.3316327929496765,9892,2026-04-09 03:23:22
5,difficulty,SegRNN,Electricity,336,2022,mixed,1.0,1.0,medium,all,0.0,none,0,0.2445013374090194,0.3317668735980987,10288,2026-04-09 03:58:37
5,difficulty,SegRNN,Electricity,336,2021,mixed,1.0,1.0,hard,all,0.0,none,0,0.2518228888511657,0.338950514793396,7455,2026-04-09 04:58:52
5,difficulty,SegRNN,Electricity,336,2023,mixed,1.0,1.0,hard,all,0.0,none,0,0.2452233433723449,0.3319414258003235,7766,2026-04-09 05:12:21
5,difficulty,SegRNN,Electricity,336,2023,mixed,1.0,1.0,medium,all,0.0,none,0,0.2452233433723449,0.3319414258003235,10398,2026-04-09 05:18:35
5,difficulty,SegRNN,Electricity,336,2022,mixed,1.0,1.0,hard,all,0.0,none,0,0.2504531145095825,0.3387099504470825,10512,2026-04-09 05:55:50
5,difficulty,TimesNet,Electricity,96,2021,mixed,1.0,1.0,uniform,all,0.0,none,0,0.2438206821680069,0.335367202758789,13803,2026-04-09 06:55:02
5,difficulty,TimesNet,Electricity,96,2023,mixed,1.0,1.0,uniform,all,0.0,none,0,0.2386094778776168,0.3340827524662018,12715,2026-04-09 06:55:17
5,difficulty,TimesNet,Electricity,96,2022,mixed,1.0,1.0,uniform,all,0.0,none,0,0.2224107533693313,0.3224787712097168,13311,2026-04-09 07:02:00
5,difficulty,TimesNet,Electricity,96,2021,mixed,1.0,1.0,easy,all,0.0,none,0,0.1919520795345306,0.2975533902645111,17380,2026-04-09 08:48:18
5,difficulty,TimesNet,Electricity,96,2023,mixed,1.0,1.0,easy,all,0.0,none,0,0.2207103967666626,0.3213360905647278,14820,2026-04-09 09:19:22
5,difficulty,TimesNet,Electricity,96,2021,mixed,1.0,1.0,medium,all,0.0,none,0,0.21560999751091,0.3167054057121277,15982,2026-04-09 09:44:58
5,difficulty,TimesNet,Electricity,96,2023,mixed,1.0,1.0,medium,all,0.0,none,0,0.261295735836029,0.3463273644447326,11894,2026-04-09 10:13:16
5,difficulty,TimesNet,Electricity,96,2022,mixed,1.0,1.0,hard,all,0.0,none,0,0.2545365393161773,0.3414986431598663,12823,2026-04-09 10:35:43
5,difficulty,TimesNet,Electricity,96,2022,mixed,1.0,1.0,easy,all,0.0,none,0,0.2516234517097473,0.3368881046772003,20605,2026-04-09 10:42:18
5,difficulty,TimesNet,Electricity,96,2021,mixed,1.0,1.0,hard,all,0.0,none,0,0.2611691653728485,0.3445460200309753,14046,2026-04-09 10:49:24
5,difficulty,TimesNet,Electricity,96,2022,mixed,1.0,1.0,medium,all,0.0,none,0,0.2513892650604248,0.336794912815094,20911,2026-04-09 11:44:22
5,difficulty,TimesNet,Electricity,96,2023,mixed,1.0,1.0,hard,all,0.0,none,0,0.2544469535350799,0.3427461385726928,10895,2026-04-09 11:49:53
5,difficulty,TimesNet,Electricity,336,2022,mixed,1.0,1.0,uniform,all,0.0,none,0,0.2643261849880218,0.3480286300182342,10251,2026-04-09 12:35:51
5,difficulty,TimesNet,Electricity,336,2021,mixed,1.0,1.0,uniform,all,0.0,none,0,0.2685098946094513,0.3522727787494659,13853,2026-04-09 13:10:16
5,difficulty,TimesNet,Electricity,336,2023,mixed,1.0,1.0,uniform,all,0.0,none,0,0.2704178094863891,0.3535029292106628,14069,2026-04-09 14:07:46
5,difficulty,TimesNet,Electricity,336,2021,mixed,1.0,1.0,medium,all,0.0,none,0,0.296990156173706,0.3784216046333313,9217,2026-04-09 14:18:00
5,difficulty,TimesNet,Electricity,336,2021,mixed,1.0,1.0,easy,all,0.0,none,0,0.2806618511676788,0.3636050224304199,14217,2026-04-09 14:32:42
5,difficulty,TimesNet,Electricity,336,2023,mixed,1.0,1.0,easy,all,0.0,none,0,0.2669775187969208,0.3514087200164795,13889,2026-04-09 14:40:54
5,difficulty,TimesNet,Electricity,336,2022,mixed,1.0,1.0,easy,all,0.0,none,0,0.2784459888935089,0.3619690835475921,16243,2026-04-09 15:13:01
5,difficulty,TimesNet,Electricity,336,2022,mixed,1.0,1.0,medium,all,0.0,none,0,0.2744961380958557,0.3579324781894684,15232,2026-04-09 16:03:45
5,difficulty,TimesNet,Electricity,336,2023,mixed,1.0,1.0,medium,all,0.0,none,0,0.2639622092247009,0.3496046364307403,13608,2026-04-09 16:22:41
5,difficulty,iTransformer,Electricity,96,2021,mixed,1.0,1.0,uniform,all,0.0,none,0,0.174659326672554,0.26557657122612,7931,2026-04-09 16:45:13
5,difficulty,TimesNet,Electricity,336,2021,mixed,1.0,1.0,hard,all,0.0,none,0,0.2741813063621521,0.3571203052997589,13226,2026-04-09 16:50:43
5,difficulty,iTransformer,Electricity,96,2022,mixed,1.0,1.0,uniform,all,0.0,none,0,0.1849940568208694,0.2736665606498718,7923,2026-04-09 16:52:58
5,difficulty,iTransformer,Electricity,96,2023,mixed,1.0,1.0,uniform,all,0.0,none,0,0.1739731580018997,0.2663240432739258,7828,2026-04-09 17:23:30
5,difficulty,TimesNet,Electricity,336,2022,mixed,1.0,1.0,hard,all,0.0,none,0,0.2735015451908111,0.3570494055747986,13167,2026-04-09 17:47:14
5,difficulty,TimesNet,Electricity,336,2023,mixed,1.0,1.0,hard,all,0.0,none,0,0.2736600339412689,0.3566419184207916,13231,2026-04-09 17:58:32
5,difficulty,iTransformer,Electricity,96,2021,mixed,1.0,1.0,easy,all,0.0,none,0,0.1664478927850723,0.258150577545166,7835,2026-04-09 18:14:20
5,difficulty,iTransformer,Electricity,96,2022,mixed,1.0,1.0,easy,all,0.0,none,0,0.1737715601921081,0.2653794288635254,8005,2026-04-09 18:36:07
5,difficulty,iTransformer,Electricity,96,2023,mixed,1.0,1.0,easy,all,0.0,none,0,0.1889831572771072,0.279455691576004,7778,2026-04-09 18:54:51
5,difficulty,iTransformer,Electricity,96,2021,mixed,1.0,1.0,medium,all,0.0,none,0,0.1819092184305191,0.2737026810646057,7734,2026-04-09 18:59:38
5,difficulty,iTransformer,Electricity,96,2022,mixed,1.0,1.0,medium,all,0.0,none,0,0.1815238893032074,0.2730855345726013,7736,2026-04-09 19:01:54
5,difficulty,iTransformer,Electricity,96,2023,mixed,1.0,1.0,medium,all,0.0,none,0,0.1734311878681183,0.265001505613327,7702,2026-04-09 19:31:53
5,difficulty,iTransformer,Electricity,96,2021,mixed,1.0,1.0,hard,all,0.0,none,0,0.1800598353147506,0.2717888355255127,7851,2026-04-09 19:58:06
5,difficulty,iTransformer,Electricity,96,2022,mixed,1.0,1.0,hard,all,0.0,none,0,0.1795647889375686,0.2714820206165313,7787,2026-04-09 20:08:20
5,difficulty,iTransformer,Electricity,96,2023,mixed,1.0,1.0,hard,all,0.0,none,0,0.1803244948387146,0.2716625332832336,7631,2026-04-09 20:21:32
5,difficulty,iTransformer,Electricity,336,2021,mixed,1.0,1.0,uniform,all,0.0,none,0,0.2057380527257919,0.2948400974273681,10367,2026-04-09 21:28:55
5,difficulty,iTransformer,Electricity,336,2022,mixed,1.0,1.0,uniform,all,0.0,none,0,0.1956628113985061,0.2849823236465454,10262,2026-04-09 21:45:54
5,difficulty,iTransformer,Electricity,336,2023,mixed,1.0,1.0,uniform,all,0.0,none,0,0.2038464993238449,0.2928899228572845,10089,2026-04-09 21:47:48
5,difficulty,iTransformer,Electricity,336,2021,mixed,1.0,1.0,easy,all,0.0,none,0,0.2032465040683746,0.2924422323703766,10125,2026-04-09 21:50:40
5,difficulty,iTransformer,Electricity,336,2022,mixed,1.0,1.0,easy,all,0.0,none,0,0.221072569489479,0.3091684281826019,10257,2026-04-09 22:22:51
5,difficulty,iTransformer,Electricity,336,2023,mixed,1.0,1.0,easy,all,0.0,none,0,0.196131944656372,0.2851605415344238,10232,2026-04-09 22:48:38
5,difficulty,iTransformer,Electricity,336,2021,mixed,1.0,1.0,medium,all,0.0,none,0,0.2101980894804,0.2991652488708496,10202,2026-04-09 22:58:23
5,difficulty,iTransformer,Electricity,336,2022,mixed,1.0,1.0,medium,all,0.0,none,0,0.2070115357637405,0.2963900566101074,10219,2026-04-09 23:11:52
5,difficulty,iTransformer,Electricity,336,2023,mixed,1.0,1.0,medium,all,0.0,none,0,0.2013301402330398,0.2905631959438324,10525,2026-04-10 00:24:20
5,difficulty,iTransformer,Electricity,336,2021,mixed,1.0,1.0,hard,all,0.0,none,0,0.2061056494712829,0.2951206862926483,10364,2026-04-10 00:38:39
5,difficulty,iTransformer,Electricity,336,2022,mixed,1.0,1.0,hard,all,0.0,none,0,0.2056671530008316,0.2951265275478363,10265,2026-04-10 00:38:54
5,difficulty,PatchTST,Electricity,96,2021,mixed,1.0,1.0,uniform,all,0.0,none,0,0.2231318205595016,0.3207709193229675,8347,2026-04-10 00:42:31
5,difficulty,iTransformer,Electricity,336,2023,mixed,1.0,1.0,hard,all,0.0,none,0,0.2058043479919433,0.2952572107315063,10408,2026-04-10 00:44:08
5,difficulty,PatchTST,Electricity,96,2022,mixed,1.0,1.0,uniform,all,0.0,none,0,0.2349609285593032,0.3322556614875793,8106,2026-04-10 01:03:45
5,difficulty,PatchTST,Electricity,96,2023,mixed,1.0,1.0,uniform,all,0.0,none,0,0.2631270885467529,0.3536341190338135,8014,2026-04-10 01:11:58
5,difficulty,PatchTST,Electricity,96,2021,mixed,1.0,1.0,easy,all,0.0,none,0,0.239998385310173,0.3327697813510895,8130,2026-04-10 01:27:23
5,difficulty,PatchTST,Electricity,96,2022,mixed,1.0,1.0,easy,all,0.0,none,0,0.2481523007154464,0.3378221094608307,8104,2026-04-10 02:39:25
5,difficulty,PatchTST,Electricity,96,2021,mixed,1.0,1.0,medium,all,0.0,none,0,0.2456194758415222,0.3352268934249878,7941,2026-04-10 02:51:16
5,difficulty,PatchTST,Electricity,96,2023,mixed,1.0,1.0,easy,all,0.0,none,0,0.2219546735286712,0.3194738626480102,7966,2026-04-10 02:51:25
5,difficulty,PatchTST,Electricity,96,2023,mixed,1.0,1.0,medium,all,0.0,none,0,0.2219546735286712,0.3194738626480102,7839,2026-04-10 02:53:12
5,difficulty,PatchTST,Electricity,96,2021,mixed,1.0,1.0,hard,all,0.0,none,0,0.2456194758415222,0.3352268934249878,7794,2026-04-10 02:54:02
5,difficulty,PatchTST,Electricity,96,2022,mixed,1.0,1.0,hard,all,0.0,none,0,0.2468254715204239,0.3362421095371246,7710,2026-04-10 03:12:15
5,difficulty,PatchTST,Electricity,96,2023,mixed,1.0,1.0,hard,all,0.0,none,0,0.2467688769102096,0.3363500535488128,7735,2026-04-10 03:20:54
5,difficulty,PatchTST,Electricity,336,2021,mixed,1.0,1.0,uniform,all,0.0,none,0,0.2643937468528747,0.3552182018756866,10186,2026-04-10 04:17:09
5,difficulty,PatchTST,Electricity,336,2022,mixed,1.0,1.0,uniform,all,0.0,none,0,0.26042440533638,0.3540920913219452,8316,2026-04-10 04:58:02
5,difficulty,PatchTST,Electricity,336,2022,mixed,1.0,1.0,easy,all,0.0,none,0,0.2540346384048462,0.3461102843284607,7990,2026-04-10 05:06:22
5,difficulty,PatchTST,Electricity,336,2021,mixed,1.0,1.0,easy,all,0.0,none,0,0.2420340180397033,0.3385038673877716,9729,2026-04-10 05:33:35
5,difficulty,PatchTST,Electricity,336,2023,mixed,1.0,1.0,uniform,all,0.0,none,0,0.2604312598705292,0.3502872884273529,9896,2026-04-10 05:36:13
5,difficulty,PatchTST,Electricity,336,2023,mixed,1.0,1.0,easy,all,0.0,none,0,0.2604312598705292,0.3502872884273529,9801,2026-04-10 05:37:23
5,difficulty,PatchTST,Electricity,336,2022,mixed,1.0,1.0,medium,all,0.0,none,0,0.2540346384048462,0.3461102843284607,8434,2026-04-10 05:41:28
5,difficulty,PatchTST,Electricity,336,2021,mixed,1.0,1.0,medium,all,0.0,none,0,0.2540314495563507,0.347190111875534,10302,2026-04-10 06:03:58
5,difficulty,PatchTST,Electricity,336,2023,mixed,1.0,1.0,medium,all,0.0,none,0,0.2680373787879944,0.3582415878772735,10546,2026-04-10 07:12:56
5,difficulty,PatchTST,Electricity,336,2021,mixed,1.0,1.0,hard,all,0.0,none,0,0.2627385854721069,0.3531635701656341,10139,2026-04-10 07:47:02
5,difficulty,PatchTST,Electricity,336,2022,mixed,1.0,1.0,hard,all,0.0,none,0,0.2642542123794555,0.3533750772476196,10054,2026-04-10 07:53:57
5,difficulty,PatchTST,Electricity,336,2023,mixed,1.0,1.0,hard,all,0.0,none,0,0.2625564634799957,0.3522641062736511,10213,2026-04-10 08:23:49
6,bundle,DLinear,ETTh1,96,2021,mixed,1.0,1.0,uniform,ST,0.0,none,0,0.4875775575637817,0.4918621182441711,112,2026-03-17 21:48:46
6,bundle,DLinear,ETTh1,96,2022,mixed,1.0,1.0,uniform,ST,0.0,none,0,0.4888388514518738,0.4927305877208709,127,2026-03-17 21:51:00
6,bundle,DLinear,ETTh1,96,2023,mixed,1.0,1.0,uniform,ST,0.0,none,0,0.4880305230617523,0.4918589293956756,125,2026-03-17 21:51:17
6,bundle,DLinear,ETTh1,96,2021,mixed,1.0,1.0,uniform,NR,0.0,none,0,0.5252954363822937,0.5258855223655701,194,2026-03-17 21:54:40
6,bundle,DLinear,ETTh1,96,2022,mixed,1.0,1.0,uniform,NR,0.0,none,0,0.525867760181427,0.5263602137565613,231,2026-03-17 21:55:34
6,bundle,DLinear,ETTh1,96,2021,mixed,1.0,1.0,uniform,LM,0.0,none,0,0.4918520152568817,0.5026949644088745,85,2026-03-17 21:56:31
6,bundle,DLinear,ETTh1,96,2022,mixed,1.0,1.0,uniform,LM,0.0,none,0,0.4970325231552124,0.5059252977371216,67,2026-03-17 21:57:08
6,bundle,DLinear,ETTh1,96,2023,mixed,1.0,1.0,uniform,NR,0.0,none,0,0.4913657009601593,0.5019496083259583,204,2026-03-17 21:58:17
6,bundle,DLinear,ETTh1,96,2023,mixed,1.0,1.0,uniform,LM,0.0,none,0,0.4913657009601593,0.5019496083259583,96,2026-03-17 21:58:33
6,bundle,DLinear,ETTh1,336,2021,mixed,1.0,1.0,uniform,ST,0.0,none,0,0.6025663614273071,0.5577771067619324,92,2026-03-17 22:00:31
6,bundle,DLinear,ETTh1,96,2022,mixed,1.0,1.0,uniform,VE,0.0,none,0,0.5369479060173035,0.484318196773529,227,2026-03-17 22:01:40
6,bundle,DLinear,ETTh1,336,2022,mixed,1.0,1.0,uniform,ST,0.0,none,0,0.6054626703262329,0.5589888095855713,92,2026-03-17 22:02:30
6,bundle,DLinear,ETTh1,96,2021,mixed,1.0,1.0,uniform,VE,0.0,none,0,0.5371894836425781,0.4841744601726532,309,2026-03-17 22:02:43
6,bundle,DLinear,ETTh1,336,2023,mixed,1.0,1.0,uniform,ST,0.0,none,0,0.5978778004646301,0.5536020994186401,104,2026-03-17 22:03:50
6,bundle,DLinear,ETTh1,96,2023,mixed,1.0,1.0,uniform,VE,0.0,none,0,0.5365148186683655,0.4836815595626831,316,2026-03-17 22:03:59
6,bundle,DLinear,ETTh1,336,2021,mixed,1.0,1.0,uniform,LM,0.0,none,0,0.6520397067070007,0.5919173955917358,103,2026-03-17 22:06:09
6,bundle,DLinear,ETTh1,336,2022,mixed,1.0,1.0,uniform,LM,0.0,none,0,0.6439371705055237,0.5879205465316772,101,2026-03-17 22:08:16
6,bundle,DLinear,ETTh1,336,2022,mixed,1.0,1.0,uniform,NR,0.0,none,0,0.6439371705055237,0.5879205465316772,319,2026-03-17 22:08:29
6,bundle,DLinear,ETTh1,336,2021,mixed,1.0,1.0,uniform,NR,0.0,none,0,0.6445392370223999,0.5872729420661926,345,2026-03-17 22:08:41
6,bundle,DLinear,ETTh1,336,2023,mixed,1.0,1.0,uniform,NR,0.0,none,0,0.6451833844184875,0.5880489349365234,303,2026-03-17 22:09:19
6,bundle,DLinear,ETTh1,336,2023,mixed,1.0,1.0,uniform,LM,0.0,none,0,0.6429005265235901,0.5875312685966492,98,2026-03-17 22:10:20
6,bundle,DLinear,ETTh1,336,2021,mixed,1.0,1.0,uniform,VE,0.0,none,0,0.5878126621246338,0.517102062702179,377,2026-03-17 22:15:12
6,bundle,DLinear,ETTm1,96,2021,mixed,1.0,1.0,uniform,ST,0.0,none,0,0.3835431635379791,0.4270415008068084,308,2026-03-17 22:15:54
6,bundle,DLinear,ETTh1,336,2022,mixed,1.0,1.0,uniform,VE,0.0,none,0,0.5844519138336182,0.5151543617248535,593,2026-03-17 22:19:01
6,bundle,DLinear,ETTh1,336,2023,mixed,1.0,1.0,uniform,VE,0.0,none,0,0.5863522887229919,0.5161106586456299,582,2026-03-17 22:19:27
6,bundle,DLinear,ETTm1,96,2023,mixed,1.0,1.0,uniform,ST,0.0,none,0,0.383395791053772,0.4261972904205322,304,2026-03-17 22:21:24
6,bundle,DLinear,ETTm1,96,2022,mixed,1.0,1.0,uniform,ST,0.0,none,0,0.383816510438919,0.4269754588603973,346,2026-03-17 22:21:25
6,bundle,DLinear,ETTm1,96,2021,mixed,1.0,1.0,uniform,LM,0.0,none,0,0.5030261278152466,0.4980846643447876,174,2026-03-17 22:24:46
6,bundle,DLinear,ETTm1,96,2021,mixed,1.0,1.0,uniform,NR,0.0,none,0,0.5030261278152466,0.4980846643447876,474,2026-03-17 22:27:23
6,bundle,DLinear,ETTm1,96,2022,mixed,1.0,1.0,uniform,NR,0.0,none,0,0.5033181309700012,0.4977492988109588,503,2026-03-17 22:28:16
6,bundle,DLinear,ETTm1,96,2022,mixed,1.0,1.0,uniform,LM,0.0,none,0,0.5033181309700012,0.4977492988109588,207,2026-03-17 22:28:39
6,bundle,DLinear,ETTm1,96,2023,mixed,1.0,1.0,uniform,NR,0.0,none,0,0.5037953853607178,0.4972430765628814,463,2026-03-17 22:29:34
6,bundle,DLinear,ETTm1,96,2023,mixed,1.0,1.0,uniform,LM,0.0,none,0,0.5037953853607178,0.4972430765628814,174,2026-03-17 22:30:44
6,bundle,DLinear,ETTm1,336,2021,mixed,1.0,1.0,uniform,ST,0.0,none,0,0.455882579088211,0.4622949361801147,290,2026-03-17 22:36:01
6,bundle,DLinear,ETTm1,96,2022,mixed,1.0,1.0,uniform,VE,0.0,none,0,0.5995886921882629,0.5044040083885193,625,2026-03-17 22:39:30
6,bundle,DLinear,ETTm1,96,2021,mixed,1.0,1.0,uniform,VE,0.0,none,0,0.6036266088485718,0.5079778432846069,754,2026-03-17 22:41:17
6,bundle,DLinear,ETTm1,336,2022,mixed,1.0,1.0,uniform,ST,0.0,none,0,0.4557381570339203,0.4625493884086609,290,2026-03-17 22:41:17
6,bundle,DLinear,ETTm1,96,2023,mixed,1.0,1.0,uniform,VE,0.0,none,0,0.6036882400512695,0.5085217356681824,745,2026-03-17 22:42:25
6,bundle,DLinear,ETTm1,336,2023,mixed,1.0,1.0,uniform,ST,0.0,none,0,0.4579057693481445,0.463763028383255,283,2026-03-17 22:44:40
6,bundle,DLinear,ETTm1,336,2021,mixed,1.0,1.0,uniform,LM,0.0,none,0,0.6002529859542847,0.5568956732749939,181,2026-03-17 22:48:08
6,bundle,DLinear,ETTm1,336,2022,mixed,1.0,1.0,uniform,LM,0.0,none,0,0.5660181045532227,0.5386593341827393,218,2026-03-17 22:52:13
6,bundle,DLinear,ETTm1,336,2022,mixed,1.0,1.0,uniform,NR,0.0,none,0,0.5660181045532227,0.5386593341827393,743,2026-03-17 22:54:07
6,bundle,DLinear,ETTm1,336,2021,mixed,1.0,1.0,uniform,NR,0.0,none,0,0.6002529859542847,0.5568956732749939,762,2026-03-17 22:54:25
6,bundle,DLinear,ETTm1,336,2023,mixed,1.0,1.0,uniform,NR,0.0,none,0,0.5691755414009094,0.5402314066886902,755,2026-03-17 22:55:26
6,bundle,DLinear,ETTm1,336,2023,mixed,1.0,1.0,uniform,LM,0.0,none,0,0.5691755414009094,0.5402314066886902,221,2026-03-17 22:56:21
6,bundle,DLinear,Weather,96,2021,mixed,1.0,1.0,uniform,ST,0.0,none,0,0.2927502393722534,0.3683834373950958,484,2026-03-17 23:04:52
6,bundle,DLinear,ETTm1,336,2022,mixed,1.0,1.0,uniform,VE,0.0,none,0,0.6568876504898071,0.5378950834274292,1017,2026-03-17 23:11:48
6,bundle,DLinear,ETTm1,336,2021,mixed,1.0,1.0,uniform,VE,0.0,none,0,0.6579639315605164,0.5380862951278687,1085,2026-03-17 23:12:39
6,bundle,DLinear,ETTm1,336,2023,mixed,1.0,1.0,uniform,VE,0.0,none,0,0.6546862125396729,0.5364129543304443,1045,2026-03-17 23:13:17
6,bundle,DLinear,Weather,96,2022,mixed,1.0,1.0,uniform,ST,0.0,none,0,0.2871386408805847,0.3622539341449737,705,2026-03-17 23:17:04
6,bundle,DLinear,Weather,96,2023,mixed,1.0,1.0,uniform,ST,0.0,none,0,0.3831974267959595,0.4416191577911377,798,2026-03-17 23:25:33
6,bundle,DLinear,Weather,96,2021,mixed,1.0,1.0,uniform,LM,0.0,none,0,0.3528231680393219,0.4190202057361603,798,2026-03-17 23:39:18
6,bundle,DLinear,Weather,96,2022,mixed,1.0,1.0,uniform,LM,0.0,none,0,0.3068965077400207,0.3888446092605591,776,2026-03-17 23:52:41
6,bundle,DLinear,Weather,96,2022,mixed,1.0,1.0,uniform,NR,0.0,none,0,0.3068965077400207,0.3888446092605591,2540,2026-03-17 23:56:03
6,bundle,DLinear,Weather,96,2021,mixed,1.0,1.0,uniform,NR,0.0,none,0,0.350684106349945,0.4173152148723602,2595,2026-03-17 23:56:21
6,bundle,DLinear,Weather,96,2023,mixed,1.0,1.0,uniform,NR,0.0,none,0,0.3076069355010986,0.3894693851470947,2382,2026-03-17 23:57:13
6,bundle,DLinear,Weather,96,2023,mixed,1.0,1.0,uniform,LM,0.0,none,0,0.2076520770788192,0.2839321196079254,795,2026-03-18 00:04:43
6,bundle,DLinear,Weather,336,2021,mixed,1.0,1.0,uniform,ST,0.0,none,0,0.3576588034629822,0.4074278771877289,611,2026-03-18 00:07:00
6,bundle,DLinear,Weather,336,2022,mixed,1.0,1.0,uniform,ST,0.0,none,0,0.3560604453086853,0.4066669940948486,590,2026-03-18 00:07:30
6,bundle,DLinear,Weather,336,2023,mixed,1.0,1.0,uniform,ST,0.0,none,0,0.3610150516033172,0.4111241698265075,615,2026-03-18 00:15:26
6,bundle,DLinear,Weather,96,2022,mixed,1.0,1.0,uniform,VE,0.0,none,0,0.2066572606563568,0.2871828973293304,1889,2026-03-18 00:24:36
6,bundle,DLinear,Weather,336,2021,mixed,1.0,1.0,uniform,LM,0.0,none,0,0.4130758643150329,0.4615868628025055,628,2026-03-18 00:26:57
6,bundle,DLinear,Weather,336,2022,mixed,1.0,1.0,uniform,LM,0.0,none,0,0.4095448851585388,0.459159791469574,527,2026-03-18 00:29:46
6,bundle,DLinear,Weather,336,2023,mixed,1.0,1.0,uniform,LM,0.0,none,0,0.4131225049495697,0.4618716537952423,435,2026-03-18 00:32:18
6,bundle,DLinear,Weather,96,2023,mixed,1.0,1.0,uniform,VE,0.0,none,0,0.2062907814979553,0.2863353192806244,2227,2026-03-18 00:33:37
6,bundle,DLinear,Weather,336,2023,mixed,1.0,1.0,uniform,NR,0.0,none,0,0.3046880662441253,0.3592152297496795,1717,2026-03-18 00:44:30
6,bundle,DLinear,Weather,336,2022,mixed,1.0,1.0,uniform,NR,0.0,none,0,0.303800106048584,0.3605611622333526,2258,2026-03-18 00:45:34
6,bundle,DLinear,Weather,336,2021,mixed,1.0,1.0,uniform,NR,0.0,none,0,0.3046915233135223,0.3604979813098907,2764,2026-03-18 00:53:33
6,bundle,DLinear,Weather,96,2021,mixed,1.0,1.0,uniform,VE,0.0,none,0,0.2060048729181289,0.2859599888324737,3752,2026-03-18 00:55:30
6,bundle,DLinear,Weather,336,2022,mixed,1.0,1.0,uniform,VE,0.0,none,0,0.303800106048584,0.3605611622333526,3109,2026-03-18 01:19:13
6,bundle,DLinear,Electricity,96,2021,mixed,1.0,1.0,uniform,LM,0.0,none,0,0.3447810411453247,0.4135558903217315,3684,2026-03-18 01:43:23
6,bundle,DLinear,Weather,336,2021,mixed,1.0,1.0,uniform,VE,0.0,none,0,0.3046560883522033,0.3610284030437469,4690,2026-03-18 01:43:39
6,bundle,DLinear,Electricity,96,2022,mixed,1.0,1.0,uniform,LM,0.0,none,0,0.3245507776737213,0.4268012940883636,4127,2026-03-18 01:53:44
6,bundle,DLinear,Weather,336,2023,mixed,1.0,1.0,uniform,VE,0.0,none,0,0.3045176565647125,0.3622875511646271,5166,2026-03-18 01:54:35
6,bundle,DLinear,Electricity,96,2023,mixed,1.0,1.0,uniform,LM,0.0,none,0,0.4485662579536438,0.4763112068176269,4122,2026-03-18 01:54:43
6,bundle,DLinear,Electricity,96,2022,mixed,1.0,1.0,uniform,ST,0.0,none,0,0.3245507776737213,0.4268012940883636,5450,2026-03-18 02:00:19
6,bundle,DLinear,Electricity,96,2023,mixed,1.0,1.0,uniform,ST,0.0,none,0,0.4371532797813415,0.4693481624126434,6319,2026-03-18 02:15:32
6,bundle,DLinear,Electricity,96,2021,mixed,1.0,1.0,uniform,ST,0.0,none,0,0.4447759389877319,0.4736061990261078,6482,2026-03-18 02:17:30
6,bundle,DLinear,Electricity,336,2022,mixed,1.0,1.0,uniform,LM,0.0,none,0,0.3937359154224396,0.4464024305343628,5578,2026-03-18 03:50:55
6,bundle,DLinear,Electricity,336,2021,mixed,1.0,1.0,uniform,LM,0.0,none,0,0.3962793946266174,0.4478931128978729,6208,2026-03-18 03:59:28
6,bundle,DLinear,Electricity,336,2021,mixed,1.0,1.0,uniform,ST,0.0,none,0,0.3962793946266174,0.4478931128978729,8173,2026-03-18 04:00:03
6,bundle,DLinear,Electricity,336,2023,mixed,1.0,1.0,uniform,ST,0.0,none,0,0.3968461453914642,0.4480245411396026,7949,2026-03-18 04:06:41
6,bundle,DLinear,Electricity,336,2022,mixed,1.0,1.0,uniform,ST,0.0,none,0,0.3937359154224396,0.4464024305343628,9446,2026-03-18 04:21:32
6,bundle,SegRNN,ETTh1,96,2022,mixed,1.0,1.0,uniform,LM,0.0,none,0,0.4161029458045959,0.42874875664711,51,2026-03-18 07:11:25
6,bundle,SegRNN,ETTh1,96,2021,mixed,1.0,1.0,uniform,LM,0.0,none,0,0.4193584620952606,0.4310050010681152,51,2026-03-18 07:11:26
6,bundle,SegRNN,ETTh1,96,2023,mixed,1.0,1.0,uniform,LM,0.0,none,0,0.4027279317378998,0.4194821715354919,70,2026-03-18 07:11:44
6,bundle,SegRNN,ETTh1,96,2022,mixed,1.0,1.0,uniform,ST,0.0,none,0,0.3988302946090698,0.4175358712673187,69,2026-03-18 07:11:45
6,bundle,SegRNN,ETTh1,96,2021,mixed,1.0,1.0,uniform,ST,0.0,none,0,0.3949832022190094,0.4148126244544983,86,2026-03-18 07:12:02
6,bundle,SegRNN,ETTh1,96,2023,mixed,1.0,1.0,uniform,ST,0.0,none,0,0.3984808921813965,0.4180103540420532,87,2026-03-18 07:12:03
6,bundle,SegRNN,ETTh1,96,2021,mixed,1.0,1.0,uniform,NR,0.0,none,0,0.4769972860813141,0.4638612568378448,164,2026-03-18 07:13:20
6,bundle,SegRNN,ETTh1,96,2023,mixed,1.0,1.0,uniform,NR,0.0,none,0,0.5050212144851685,0.4796976447105407,166,2026-03-18 07:13:21
6,bundle,SegRNN,ETTh1,336,2021,mixed,1.0,1.0,uniform,ST,0.0,none,0,0.4950481057167053,0.4704694449901581,97,2026-03-18 07:13:47
6,bundle,SegRNN,ETTh1,96,2022,mixed,1.0,1.0,uniform,NR,0.0,none,0,0.490958422422409,0.4719378352165222,207,2026-03-18 07:14:01
6,bundle,SegRNN,ETTh1,336,2022,mixed,1.0,1.0,uniform,ST,0.0,none,0,0.4829502999782562,0.4607783854007721,126,2026-03-18 07:14:17
6,bundle,SegRNN,ETTh1,336,2023,mixed,1.0,1.0,uniform,ST,0.0,none,0,0.4981001913547516,0.474965751171112,150,2026-03-18 07:14:58
6,bundle,SegRNN,ETTh1,96,2021,mixed,1.0,1.0,uniform,VE,0.0,none,0,0.4644353985786438,0.4555892050266266,299,2026-03-18 07:15:35
6,bundle,SegRNN,ETTh1,336,2021,mixed,1.0,1.0,uniform,LM,0.0,none,0,0.4710288643836975,0.4566420018672943,109,2026-03-18 07:16:02
6,bundle,SegRNN,ETTh1,336,2022,mixed,1.0,1.0,uniform,LM,0.0,none,0,0.4730798900127411,0.4567594230175018,97,2026-03-18 07:16:04
6,bundle,SegRNN,ETTh1,336,2023,mixed,1.0,1.0,uniform,LM,0.0,none,0,0.4738065302371979,0.4573747515678406,90,2026-03-18 07:16:13
6,bundle,SegRNN,ETTh1,96,2023,mixed,1.0,1.0,uniform,VE,0.0,none,0,0.4671245813369751,0.4558517932891845,311,2026-03-18 07:17:03
6,bundle,SegRNN,ETTh1,96,2022,mixed,1.0,1.0,uniform,VE,0.0,none,0,0.4670222997665405,0.4570118188858032,319,2026-03-18 07:17:10
6,bundle,SegRNN,ETTh1,336,2021,mixed,1.0,1.0,uniform,NR,0.0,none,0,0.5668622851371765,0.5115710496902466,336,2026-03-18 07:18:05
6,bundle,SegRNN,ETTh1,336,2022,mixed,1.0,1.0,uniform,NR,0.0,none,0,0.6351009011268616,0.5602926015853882,313,2026-03-18 07:18:59
6,bundle,SegRNN,ETTh1,336,2023,mixed,1.0,1.0,uniform,NR,0.0,none,0,0.5952521562576294,0.5378819704055786,352,2026-03-18 07:19:39
6,bundle,SegRNN,ETTm1,96,2022,mixed,1.0,1.0,uniform,ST,0.0,none,0,0.3508586585521698,0.384971410036087,231,2026-03-18 07:20:30
6,bundle,SegRNN,ETTm1,96,2023,mixed,1.0,1.0,uniform,ST,0.0,none,0,0.3577126264572143,0.3894987404346466,194,2026-03-18 07:20:44
6,bundle,SegRNN,ETTm1,96,2021,mixed,1.0,1.0,uniform,ST,0.0,none,0,0.3899458050727844,0.4094712734222412,264,2026-03-18 07:20:54
6,bundle,SegRNN,ETTm1,96,2021,mixed,1.0,1.0,uniform,LM,0.0,none,0,0.3618740737438202,0.3960052728652954,237,2026-03-18 07:24:03
6,bundle,SegRNN,ETTm1,96,2023,mixed,1.0,1.0,uniform,LM,0.0,none,0,0.367701768875122,0.4004276990890503,205,2026-03-18 07:24:36
6,bundle,SegRNN,ETTm1,96,2022,mixed,1.0,1.0,uniform,LM,0.0,none,0,0.361626535654068,0.3924432098865509,261,2026-03-18 07:25:17
6,bundle,SegRNN,ETTh1,336,2021,mixed,1.0,1.0,uniform,VE,0.0,none,0,0.5273603796958923,0.4925866425037384,639,2026-03-18 07:26:04
6,bundle,SegRNN,ETTh1,336,2022,mixed,1.0,1.0,uniform,VE,0.0,none,0,0.5327155590057373,0.4961204826831817,629,2026-03-18 07:26:31
6,bundle,SegRNN,ETTm1,96,2021,mixed,1.0,1.0,uniform,NR,0.0,none,0,0.4605706632137298,0.4490149021148681,543,2026-03-18 07:26:39
6,bundle,SegRNN,ETTh1,336,2023,mixed,1.0,1.0,uniform,VE,0.0,none,0,0.5361424088478088,0.4976943135261535,620,2026-03-18 07:26:48
6,bundle,SegRNN,ETTm1,96,2022,mixed,1.0,1.0,uniform,NR,0.0,none,0,0.4672306478023529,0.450338065624237,727,2026-03-18 07:30:39
6,bundle,SegRNN,ETTm1,336,2021,mixed,1.0,1.0,uniform,ST,0.0,none,0,0.449216365814209,0.4415325820446014,312,2026-03-18 07:30:55
6,bundle,SegRNN,ETTm1,336,2023,mixed,1.0,1.0,uniform,ST,0.0,none,0,0.4338858127593994,0.4283388257026672,243,2026-03-18 07:31:01
6,bundle,SegRNN,ETTm1,336,2022,mixed,1.0,1.0,uniform,ST,0.0,none,0,0.4429905414581299,0.441817969083786,396,2026-03-18 07:33:06
6,bundle,SegRNN,ETTm1,96,2023,mixed,1.0,1.0,uniform,NR,0.0,none,0,0.3616187274456024,0.392484962940216,893,2026-03-18 07:34:18
6,bundle,SegRNN,ETTm1,336,2022,mixed,1.0,1.0,uniform,LM,0.0,none,0,0.4290160238742828,0.4325078427791595,256,2026-03-18 07:35:43
6,bundle,SegRNN,ETTm1,336,2021,mixed,1.0,1.0,uniform,LM,0.0,none,0,0.4176072478294372,0.4257781505584717,318,2026-03-18 07:36:39
6,bundle,SegRNN,ETTm1,336,2023,mixed,1.0,1.0,uniform,LM,0.0,none,0,0.4356896579265594,0.4327811002731323,254,2026-03-18 07:37:47
6,bundle,SegRNN,ETTm1,96,2021,mixed,1.0,1.0,uniform,VE,0.0,none,0,0.4197699725627899,0.427212506532669,1207,2026-03-18 07:41:27
6,bundle,SegRNN,ETTm1,96,2022,mixed,1.0,1.0,uniform,VE,0.0,none,0,0.4161564111709595,0.4249434769153595,1240,2026-03-18 07:45:09
6,bundle,SegRNN,ETTm1,96,2023,mixed,1.0,1.0,uniform,VE,0.0,none,0,0.4240223169326782,0.4292269945144653,1274,2026-03-18 07:46:17
6,bundle,SegRNN,ETTm1,336,2021,mixed,1.0,1.0,uniform,NR,0.0,none,0,0.421527624130249,0.4271692335605621,1420,2026-03-18 07:50:45
6,bundle,SegRNN,ETTm1,336,2022,mixed,1.0,1.0,uniform,NR,0.0,none,0,0.5125946402549744,0.4782639443874359,1424,2026-03-18 07:50:58
6,bundle,SegRNN,ETTm1,336,2023,mixed,1.0,1.0,uniform,NR,0.0,none,0,0.5008369088172913,0.4736763536930084,1539,2026-03-18 07:56:45
6,bundle,SegRNN,Weather,96,2021,mixed,1.0,1.0,uniform,ST,0.0,none,0,0.1789548993110656,0.2376839369535446,1150,2026-03-18 07:57:22
6,bundle,SegRNN,Weather,96,2022,mixed,1.0,1.0,uniform,ST,0.0,none,0,0.175353318452835,0.2400655895471573,1166,2026-03-18 08:01:19
6,bundle,SegRNN,Weather,96,2023,mixed,1.0,1.0,uniform,ST,0.0,none,0,0.1745247691869735,0.2342891544103622,1145,2026-03-18 08:04:41
6,bundle,SegRNN,Weather,96,2021,mixed,1.0,1.0,uniform,LM,0.0,none,0,0.1704780757427215,0.2331791073083877,773,2026-03-18 08:10:05
6,bundle,SegRNN,Weather,96,2022,mixed,1.0,1.0,uniform,LM,0.0,none,0,0.1679960638284683,0.2306656837463379,805,2026-03-18 08:11:13
6,bundle,SegRNN,Weather,96,2023,mixed,1.0,1.0,uniform,LM,0.0,none,0,0.1706532537937164,0.2334633022546768,789,2026-03-18 08:14:54
6,bundle,SegRNN,ETTm1,336,2022,mixed,1.0,1.0,uniform,VE,0.0,none,0,0.4812417328357696,0.4605547487735748,2464,2026-03-18 08:17:14
6,bundle,SegRNN,ETTm1,336,2023,mixed,1.0,1.0,uniform,VE,0.0,none,0,0.4884258806705475,0.4655534327030182,2493,2026-03-18 08:18:38
6,bundle,SegRNN,ETTm1,336,2021,mixed,1.0,1.0,uniform,VE,0.0,none,0,0.4942288100719452,0.466891884803772,2733,2026-03-18 08:20:17
6,bundle,SegRNN,Weather,96,2022,mixed,1.0,1.0,uniform,NR,0.0,none,0,0.1846637725830078,0.2461942732334137,1822,2026-03-18 08:21:33
6,bundle,SegRNN,Weather,96,2021,mixed,1.0,1.0,uniform,NR,0.0,none,0,0.180749163031578,0.2475583106279373,2569,2026-03-18 08:30:27
6,bundle,SegRNN,Weather,96,2023,mixed,1.0,1.0,uniform,NR,0.0,none,0,0.1773692518472671,0.2395057082176208,2624,2026-03-18 08:35:08
6,bundle,SegRNN,Weather,336,2022,mixed,1.0,1.0,uniform,ST,0.0,none,0,0.2850221693515777,0.3331657350063324,1055,2026-03-18 08:35:16
6,bundle,SegRNN,Weather,336,2021,mixed,1.0,1.0,uniform,ST,0.0,none,0,0.2825579941272735,0.3319737613201141,1467,2026-03-18 08:39:48
6,bundle,SegRNN,Weather,336,2023,mixed,1.0,1.0,uniform,ST,0.0,none,0,0.2776012122631073,0.3236801028251648,1460,2026-03-18 08:43:24
6,bundle,SegRNN,Weather,336,2022,mixed,1.0,1.0,uniform,LM,0.0,none,0,0.2726855874061584,0.316191017627716,734,2026-03-18 08:47:57
6,bundle,SegRNN,Weather,336,2021,mixed,1.0,1.0,uniform,LM,0.0,none,0,0.2718047499656677,0.3183596134185791,898,2026-03-18 08:50:32
6,bundle,DLinear,Electricity,336,2023,mixed,1.0,1.0,uniform,LM,0.0,none,0,0.3839305639266968,0.4431770443916321,6112,2026-03-18 08:52:26
6,bundle,SegRNN,Weather,336,2023,mixed,1.0,1.0,uniform,LM,0.0,none,0,0.2775115668773651,0.3253211081027984,1034,2026-03-18 08:57:28
6,bundle,SegRNN,Weather,96,2021,mixed,1.0,1.0,uniform,VE,0.0,none,0,0.1754948645830154,0.237171396613121,3254,2026-03-18 08:59:22
6,bundle,SegRNN,Weather,96,2022,mixed,1.0,1.0,uniform,VE,0.0,none,0,0.1743339002132415,0.2355147749185562,3666,2026-03-18 09:11:38
6,bundle,SegRNN,Weather,96,2023,mixed,1.0,1.0,uniform,VE,0.0,none,0,0.1758938282728195,0.2374234795570373,3915,2026-03-18 09:16:55
6,bundle,SegRNN,Weather,336,2022,mixed,1.0,1.0,uniform,NR,0.0,none,0,0.2850317656993866,0.327027827501297,3577,2026-03-18 09:21:37
6,bundle,SegRNN,Weather,336,2021,mixed,1.0,1.0,uniform,NR,0.0,none,0,0.2720195651054382,0.3153514266014099,4446,2026-03-18 09:34:50
6,bundle,SegRNN,Weather,336,2023,mixed,1.0,1.0,uniform,NR,0.0,none,0,0.2823471426963806,0.3249813914299011,4410,2026-03-18 09:44:24
6,bundle,SegRNN,Weather,336,2021,mixed,1.0,1.0,uniform,VE,0.0,none,0,0.2793504297733307,0.3221621513366699,7245,2026-03-18 10:44:35
6,bundle,SegRNN,Weather,336,2023,mixed,1.0,1.0,uniform,VE,0.0,none,0,0.2794379293918609,0.3216835856437683,7181,2026-03-18 10:50:39
6,bundle,SegRNN,Electricity,96,2023,mixed,1.0,1.0,uniform,ST,0.0,none,0,0.2131208032369613,0.3024713397026062,7126,2026-03-18 10:58:35
6,bundle,SegRNN,Electricity,96,2021,mixed,1.0,1.0,uniform,ST,0.0,none,0,0.2145429849624633,0.3035572171211242,7631,2026-03-18 11:00:04
6,bundle,SegRNN,Electricity,96,2021,mixed,1.0,1.0,uniform,LM,0.0,none,0,0.2546122670173645,0.3441196084022522,5256,2026-03-18 11:02:54
6,bundle,SegRNN,Electricity,96,2022,mixed,1.0,1.0,uniform,ST,0.0,none,0,0.2155767083168029,0.3040530979633331,7514,2026-03-18 11:03:08
6,bundle,SegRNN,Weather,336,2022,mixed,1.0,1.0,uniform,VE,0.0,none,0,0.2796447575092315,0.3228269815444946,8385,2026-03-18 11:08:09
6,bundle,SegRNN,Electricity,96,2022,mixed,1.0,1.0,uniform,LM,0.0,none,0,0.2109583169221878,0.300283282995224,5399,2026-03-18 11:14:52
6,bundle,SegRNN,Electricity,96,2023,mixed,1.0,1.0,uniform,LM,0.0,none,0,0.2110816538333892,0.3005202114582062,5283,2026-03-18 11:39:16
6,bundle,SegRNN,Electricity,336,2021,mixed,1.0,1.0,uniform,LM,0.0,none,0,0.2382399588823318,0.3226056694984436,6686,2026-03-18 13:06:45
6,bundle,TimesNet,ETTh1,96,2022,mixed,1.0,1.0,uniform,ST,0.0,none,0,0.4071622490882873,0.4195256531238556,578,2026-03-18 13:21:29
6,bundle,TimesNet,ETTh1,96,2021,mixed,1.0,1.0,uniform,ST,0.0,none,0,0.4076822996139526,0.4196348190307617,719,2026-03-18 13:23:50
6,bundle,SegRNN,Electricity,336,2022,mixed,1.0,1.0,uniform,LM,0.0,none,0,0.2382364720106125,0.3225429654121399,6566,2026-03-18 13:29:09
6,bundle,TimesNet,ETTh1,96,2023,mixed,1.0,1.0,uniform,ST,0.0,none,0,0.4342051446437835,0.4397312104701996,674,2026-03-18 13:33:09
6,bundle,TimesNet,ETTh1,96,2021,mixed,1.0,1.0,uniform,NR,0.0,none,0,0.4081974923610687,0.4225989580154419,765,2026-03-18 13:37:02
6,bundle,SegRNN,Electricity,336,2021,mixed,1.0,1.0,uniform,ST,0.0,none,0,0.233032613992691,0.3204536437988281,10066,2026-03-18 13:38:52
6,bundle,TimesNet,ETTh1,96,2022,mixed,1.0,1.0,uniform,NR,0.0,none,0,0.4234316945075989,0.4331753253936767,722,2026-03-18 13:41:39
6,bundle,TimesNet,ETTh1,96,2023,mixed,1.0,1.0,uniform,NR,0.0,none,0,0.4394508898258209,0.4438637793064117,668,2026-03-18 13:44:44
6,bundle,SegRNN,Electricity,336,2023,mixed,1.0,1.0,uniform,ST,0.0,none,0,0.237817570567131,0.322293758392334,9938,2026-03-18 13:46:20
6,bundle,SegRNN,Electricity,336,2022,mixed,1.0,1.0,uniform,ST,0.0,none,0,0.2332329303026199,0.3207315504550934,9979,2026-03-18 13:46:50
6,bundle,TimesNet,ETTh1,96,2021,mixed,1.0,1.0,uniform,LM,0.0,none,0,0.4869377315044403,0.472052127122879,719,2026-03-18 13:49:29
6,bundle,TimesNet,ETTh1,96,2022,mixed,1.0,1.0,uniform,LM,0.0,none,0,0.4708352088928222,0.4615859985351562,710,2026-03-18 13:51:09
6,bundle,TimesNet,ETTh1,96,2023,mixed,1.0,1.0,uniform,LM,0.0,none,0,0.493836373090744,0.471579909324646,661,2026-03-18 13:53:08
6,bundle,TimesNet,ETTh1,96,2021,mixed,1.0,1.0,uniform,VE,0.0,none,0,0.4682870805263519,0.4573923647403717,762,2026-03-18 13:57:53
6,bundle,TimesNet,ETTh1,96,2022,mixed,1.0,1.0,uniform,VE,0.0,none,0,0.4562588930130005,0.4514752030372619,742,2026-03-18 13:58:15
6,bundle,TimesNet,ETTh1,336,2021,mixed,1.0,1.0,uniform,ST,0.0,none,0,0.5381948351860046,0.4972157180309295,721,2026-03-18 13:59:18
6,bundle,TimesNet,ETTh1,96,2023,mixed,1.0,1.0,uniform,VE,0.0,none,0,0.4902695417404175,0.4704211950302124,773,2026-03-18 13:59:41
6,bundle,TimesNet,ETTh1,336,2021,mixed,1.0,1.0,uniform,NR,0.0,none,0,0.5308067798614502,0.4930272102355957,691,2026-03-18 14:05:05
6,bundle,SegRNN,Electricity,336,2023,mixed,1.0,1.0,uniform,LM,0.0,none,0,0.2387793958187103,0.3218057751655578,6749,2026-03-18 14:05:17
6,bundle,TimesNet,ETTh1,336,2022,mixed,1.0,1.0,uniform,ST,0.0,none,0,0.5190039277076721,0.481092095375061,938,2026-03-18 14:05:34
6,bundle,TimesNet,ETTh1,336,2023,mixed,1.0,1.0,uniform,ST,0.0,none,0,0.4804224073886871,0.4632120132446289,921,2026-03-18 14:06:56
6,bundle,TimesNet,ETTh1,336,2021,mixed,1.0,1.0,uniform,LM,0.0,none,0,0.5957232117652893,0.518848717212677,687,2026-03-18 14:11:11
6,bundle,TimesNet,ETTh1,336,2023,mixed,1.0,1.0,uniform,NR,0.0,none,0,0.5015867948532104,0.4745030403137207,956,2026-03-18 14:14:37
6,bundle,TimesNet,ETTh1,336,2022,mixed,1.0,1.0,uniform,LM,0.0,none,0,0.5262789130210876,0.4848698377609253,895,2026-03-18 14:16:44
6,bundle,TimesNet,ETTh1,336,2022,mixed,1.0,1.0,uniform,NR,0.0,none,0,0.5160381197929382,0.4791432917118072,1240,2026-03-18 14:19:00
6,bundle,TimesNet,ETTh1,336,2023,mixed,1.0,1.0,uniform,LM,0.0,none,0,0.4955040514469147,0.4707410335540771,1019,2026-03-18 14:20:52
6,bundle,TimesNet,ETTh1,336,2023,mixed,1.0,1.0,uniform,VE,0.0,none,0,0.4955040514469147,0.4707410335540771,1044,2026-03-18 14:23:08
6,bundle,TimesNet,ETTh1,336,2021,mixed,1.0,1.0,uniform,VE,0.0,none,0,0.5539255738258362,0.5039380788803101,1176,2026-03-18 14:23:58
6,bundle,TimesNet,ETTm1,96,2021,mixed,1.0,1.0,uniform,ST,0.0,none,0,0.3421315252780914,0.3805306255817413,1185,2026-03-18 14:25:45
6,bundle,TimesNet,ETTm1,96,2022,mixed,1.0,1.0,uniform,ST,0.0,none,0,0.3303144872188568,0.3713549375534057,1199,2026-03-18 14:27:21
6,bundle,TimesNet,ETTm1,96,2021,mixed,1.0,1.0,uniform,NR,0.0,none,0,0.408783495426178,0.4165392220020294,1210,2026-03-18 14:31:48
6,bundle,TimesNet,ETTh1,336,2022,mixed,1.0,1.0,uniform,VE,0.0,none,0,0.5130277276039124,0.4785241484642029,1680,2026-03-18 14:33:32
6,bundle,TimesNet,ETTm1,96,2021,mixed,1.0,1.0,uniform,LM,0.0,none,0,0.3669689297676086,0.3935779631137848,1184,2026-03-18 14:39:11
6,bundle,TimesNet,ETTm1,96,2023,mixed,1.0,1.0,uniform,ST,0.0,none,0,0.3631095290184021,0.3937382698059082,1796,2026-03-18 14:39:18
6,bundle,TimesNet,ETTm1,96,2022,mixed,1.0,1.0,uniform,NR,0.0,none,0,0.3642287254333496,0.3920398950576782,1469,2026-03-18 14:39:33
6,bundle,TimesNet,ETTm1,96,2022,mixed,1.0,1.0,uniform,LM,0.0,none,0,0.3642287254333496,0.3920398950576782,1177,2026-03-18 14:40:56
6,bundle,TimesNet,ETTm1,96,2023,mixed,1.0,1.0,uniform,LM,0.0,none,0,0.3539083898067474,0.3872550129890442,1229,2026-03-18 14:44:05
6,bundle,TimesNet,ETTm1,96,2023,mixed,1.0,1.0,uniform,NR,0.0,none,0,0.3539083898067474,0.3872550129890442,1889,2026-03-18 14:48:40
6,bundle,TimesNet,ETTm1,96,2023,mixed,1.0,1.0,uniform,VE,0.0,none,0,0.3539083898067474,0.3872550129890442,1868,2026-03-18 14:58:56
6,bundle,TimesNet,ETTm1,336,2021,mixed,1.0,1.0,uniform,ST,0.0,none,0,0.415556252002716,0.4205724596977234,1726,2026-03-18 15:01:01
6,bundle,TimesNet,ETTm1,96,2022,mixed,1.0,1.0,uniform,VE,0.0,none,0,0.3398967087268829,0.3743447363376617,2564,2026-03-18 15:08:57
6,bundle,TimesNet,ETTm1,336,2022,mixed,1.0,1.0,uniform,ST,0.0,none,0,0.4199751913547516,0.4224435687065124,2214,2026-03-18 15:10:54
6,bundle,TimesNet,ETTm1,336,2021,mixed,1.0,1.0,uniform,NR,0.0,none,0,0.4596544206142425,0.4486047029495239,1940,2026-03-18 15:12:06
6,bundle,TimesNet,ETTm1,96,2021,mixed,1.0,1.0,uniform,VE,0.0,none,0,0.3406397700309753,0.3792302310466766,2901,2026-03-18 15:12:47
6,bundle,TimesNet,ETTm1,336,2021,mixed,1.0,1.0,uniform,LM,0.0,none,0,0.4596544206142425,0.4486047029495239,1939,2026-03-18 15:16:51
6,bundle,TimesNet,ETTm1,336,2022,mixed,1.0,1.0,uniform,LM,0.0,none,0,0.4199751913547516,0.4224435687065124,1888,2026-03-18 15:20:35
6,bundle,TimesNet,ETTm1,336,2022,mixed,1.0,1.0,uniform,NR,0.0,none,0,0.4199751913547516,0.4224435687065124,2507,2026-03-18 15:21:46
6,bundle,TimesNet,ETTm1,336,2023,mixed,1.0,1.0,uniform,LM,0.0,none,0,0.4133544862270355,0.4210186302661896,1903,2026-03-18 15:31:06
6,bundle,TimesNet,Weather,96,2022,mixed,1.0,1.0,uniform,ST,0.0,none,0,0.1661645621061325,0.2165900468826294,1796,2026-03-18 15:43:10
6,bundle,TimesNet,ETTm1,336,2023,mixed,1.0,1.0,uniform,ST,0.0,none,0,0.4166672825813293,0.4179316163063049,4042,2026-03-18 15:46:59
6,bundle,TimesNet,Weather,96,2021,mixed,1.0,1.0,uniform,ST,0.0,none,0,0.1661110967397689,0.2141737639904022,2098,2026-03-18 15:47:31
6,bundle,TimesNet,Weather,96,2022,mixed,1.0,1.0,uniform,NR,0.0,none,0,0.1661645621061325,0.2165900468826294,1597,2026-03-18 15:47:39
6,bundle,TimesNet,Weather,96,2023,mixed,1.0,1.0,uniform,NR,0.0,none,0,0.171232134103775,0.2185675948858261,1630,2026-03-18 15:49:23
6,bundle,TimesNet,Weather,96,2021,mixed,1.0,1.0,uniform,NR,0.0,none,0,0.1661110967397689,0.2141737639904022,2095,2026-03-18 15:53:19
6,bundle,TimesNet,Weather,96,2023,mixed,1.0,1.0,uniform,ST,0.0,none,0,0.1747764945030212,0.2256232500076294,2187,2026-03-18 15:53:45
6,bundle,TimesNet,ETTm1,336,2023,mixed,1.0,1.0,uniform,NR,0.0,none,0,0.4166672825813293,0.4179316163063049,4518,2026-03-18 15:56:40
6,bundle,TimesNet,Weather,96,2022,mixed,1.0,1.0,uniform,LM,0.0,none,0,0.1838823705911636,0.2346661835908889,1583,2026-03-18 15:57:56
6,bundle,TimesNet,Weather,96,2021,mixed,1.0,1.0,uniform,LM,0.0,none,0,0.1758743673563003,0.2277083247900009,2226,2026-03-18 16:00:30
6,bundle,TimesNet,ETTm1,336,2023,mixed,1.0,1.0,uniform,VE,0.0,none,0,0.4166672825813293,0.4179316163063049,3537,2026-03-18 16:10:18
6,bundle,TimesNet,Weather,336,2021,mixed,1.0,1.0,uniform,ST,0.0,none,0,0.2787079513072967,0.3032086491584778,1943,2026-03-18 16:22:13
6,bundle,TimesNet,ETTm1,336,2021,mixed,1.0,1.0,uniform,VE,0.0,none,0,0.4135010242462158,0.4182641804218292,4846,2026-03-18 16:22:13
6,bundle,TimesNet,Weather,96,2023,mixed,1.0,1.0,uniform,LM,0.0,none,0,0.1699683666229248,0.2204682230949401,2561,2026-03-18 16:26:18
6,bundle,TimesNet,Weather,336,2022,mixed,1.0,1.0,uniform,ST,0.0,none,0,0.2791438996791839,0.3039886951446533,1973,2026-03-18 16:26:40
6,bundle,TimesNet,Weather,336,2023,mixed,1.0,1.0,uniform,ST,0.0,none,0,0.2853231132030487,0.3087829053401947,2000,2026-03-18 16:27:32
6,bundle,TimesNet,ETTm1,336,2022,mixed,1.0,1.0,uniform,VE,0.0,none,0,0.4423687160015106,0.4296258687973022,4786,2026-03-18 16:29:10
6,bundle,TimesNet,Weather,96,2021,mixed,1.0,1.0,uniform,VE,0.0,none,0,0.1673904806375503,0.2172090858221054,2853,2026-03-18 16:34:58
6,bundle,TimesNet,Weather,96,2023,mixed,1.0,1.0,uniform,VE,0.0,none,0,0.1699683666229248,0.2204682230949401,2972,2026-03-18 16:37:38
6,bundle,TimesNet,Weather,336,2023,mixed,1.0,1.0,uniform,NR,0.0,none,0,0.2856673300266266,0.3066938519477844,2624,2026-03-18 16:44:42
6,bundle,TimesNet,Weather,336,2022,mixed,1.0,1.0,uniform,NR,0.0,none,0,0.28953617811203,0.3104470372200012,2782,2026-03-18 16:44:45
6,bundle,TimesNet,Weather,336,2021,mixed,1.0,1.0,uniform,LM,0.0,none,0,0.2868676781654358,0.308228850364685,2216,2026-03-18 16:46:22
6,bundle,TimesNet,Weather,336,2021,mixed,1.0,1.0,uniform,NR,0.0,none,0,0.2795694768428802,0.3014520704746246,3165,2026-03-18 16:49:52
6,bundle,TimesNet,Weather,336,2022,mixed,1.0,1.0,uniform,LM,0.0,none,0,0.28953617811203,0.3104470372200012,2644,2026-03-18 16:54:50
6,bundle,TimesNet,Weather,96,2022,mixed,1.0,1.0,uniform,VE,0.0,none,0,0.1686129719018936,0.2190479040145874,4017,2026-03-18 16:54:55
6,bundle,TimesNet,Weather,336,2023,mixed,1.0,1.0,uniform,LM,0.0,none,0,0.277251124382019,0.302149623632431,2513,2026-03-18 17:04:32
6,bundle,TimesNet,Weather,336,2021,mixed,1.0,1.0,uniform,VE,0.0,none,0,0.2801724672317505,0.3022673428058624,4867,2026-03-18 17:43:47
6,bundle,TimesNet,Weather,336,2022,mixed,1.0,1.0,uniform,VE,0.0,none,0,0.2763720452785492,0.3025181591510772,4943,2026-03-18 17:49:08
6,bundle,TimesNet,Weather,336,2023,mixed,1.0,1.0,uniform,VE,0.0,none,0,0.272207111120224,0.298419326543808,5917,2026-03-18 18:05:44
6,bundle,TimesNet,Electricity,96,2021,mixed,1.0,1.0,uniform,LM,0.0,none,0,0.1867224276065826,0.2923147678375244,5289,2026-03-18 18:14:58
6,bundle,TimesNet,Electricity,96,2022,mixed,1.0,1.0,uniform,LM,0.0,none,0,0.1910354942083358,0.2965104579925537,5378,2026-03-18 18:19:57
6,bundle,TimesNet,Electricity,96,2023,mixed,1.0,1.0,uniform,LM,0.0,none,0,0.1962556391954422,0.302074521780014,5247,2026-03-18 18:22:44
6,bundle,TimesNet,Electricity,96,2021,mixed,1.0,1.0,uniform,ST,0.0,none,0,0.186085358262062,0.2916713356971741,7916,2026-03-18 18:39:55
6,bundle,TimesNet,Electricity,96,2022,mixed,1.0,1.0,uniform,ST,0.0,none,0,0.1883912086486816,0.2937296032905578,8046,2026-03-18 18:43:43
6,bundle,TimesNet,Electricity,96,2023,mixed,1.0,1.0,uniform,ST,0.0,none,0,0.1929614543914795,0.2986654937267303,7922,2026-03-18 18:47:26
6,bundle,TimesNet,Electricity,336,2021,mixed,1.0,1.0,uniform,ST,0.0,none,0,0.2275816798210144,0.3302963376045227,7360,2026-03-18 19:52:15
6,bundle,iTransformer,ETTh1,96,2021,mixed,1.0,1.0,uniform,ST,0.0,none,0,0.3962185680866241,0.412072479724884,106,2026-03-18 19:57:46
6,bundle,iTransformer,ETTh1,96,2022,mixed,1.0,1.0,uniform,ST,0.0,none,0,0.4038717746734619,0.4146777689456939,87,2026-03-18 19:59:39
6,bundle,iTransformer,ETTh1,96,2023,mixed,1.0,1.0,uniform,ST,0.0,none,0,0.4029445052146911,0.415441483259201,108,2026-03-18 20:01:53
6,bundle,iTransformer,ETTh1,96,2021,mixed,1.0,1.0,uniform,NR,0.0,none,0,0.4048486649990082,0.4146968424320221,119,2026-03-18 20:04:19
6,bundle,TimesNet,Electricity,336,2021,mixed,1.0,1.0,uniform,LM,0.0,none,0,0.2275816798210144,0.3302963376045227,4840,2026-03-18 20:04:50
6,bundle,iTransformer,ETTh1,96,2021,mixed,1.0,1.0,uniform,LM,0.0,none,0,0.4023878574371338,0.4159645736217499,88,2026-03-18 20:06:58
6,bundle,iTransformer,ETTh1,96,2022,mixed,1.0,1.0,uniform,NR,0.0,none,0,0.4002121686935425,0.4118460714817047,142,2026-03-18 20:07:07
6,bundle,iTransformer,ETTh1,96,2023,mixed,1.0,1.0,uniform,NR,0.0,none,0,0.4035260081291199,0.4144262969493866,114,2026-03-18 20:07:11
6,bundle,iTransformer,ETTh1,96,2022,mixed,1.0,1.0,uniform,LM,0.0,none,0,0.4036486446857452,0.4155215620994568,72,2026-03-18 20:08:36
6,bundle,iTransformer,ETTh1,96,2023,mixed,1.0,1.0,uniform,LM,0.0,none,0,0.4058237671852112,0.4139599204063415,66,2026-03-18 20:08:40
6,bundle,TimesNet,Electricity,336,2022,mixed,1.0,1.0,uniform,LM,0.0,none,0,0.2641902863979339,0.3467016816139221,4927,2026-03-18 20:10:00
6,bundle,iTransformer,ETTh1,336,2021,mixed,1.0,1.0,uniform,ST,0.0,none,0,0.4887194335460663,0.4615640342235565,97,2026-03-18 20:12:05
6,bundle,iTransformer,ETTh1,96,2021,mixed,1.0,1.0,uniform,VE,0.0,none,0,0.3961477875709533,0.4093657433986664,323,2026-03-18 20:13:00
6,bundle,iTransformer,ETTh1,336,2022,mixed,1.0,1.0,uniform,ST,0.0,none,0,0.511451005935669,0.4763851165771484,109,2026-03-18 20:14:20
6,bundle,iTransformer,ETTh1,96,2022,mixed,1.0,1.0,uniform,VE,0.0,none,0,0.3985266983509063,0.410132884979248,330,2026-03-18 20:14:32
6,bundle,iTransformer,ETTh1,96,2023,mixed,1.0,1.0,uniform,VE,0.0,none,0,0.3966200053691864,0.4102909862995147,350,2026-03-18 20:14:56
6,bundle,iTransformer,ETTh1,336,2023,mixed,1.0,1.0,uniform,ST,0.0,none,0,0.4987547993659973,0.4681005477905273,123,2026-03-18 20:15:30
6,bundle,TimesNet,Electricity,336,2023,mixed,1.0,1.0,uniform,ST,0.0,none,0,0.2448235601186752,0.3362628221511841,7240,2026-03-18 20:16:04
6,bundle,iTransformer,ETTh1,336,2021,mixed,1.0,1.0,uniform,LM,0.0,none,0,0.5092872977256775,0.4759754836559295,84,2026-03-18 20:17:21
6,bundle,iTransformer,ETTh1,336,2022,mixed,1.0,1.0,uniform,LM,0.0,none,0,0.4971844851970672,0.467008888721466,89,2026-03-18 20:18:00
6,bundle,iTransformer,ETTh1,336,2021,mixed,1.0,1.0,uniform,NR,0.0,none,0,0.5092872977256775,0.4759754836559295,248,2026-03-18 20:18:54
6,bundle,iTransformer,ETTh1,336,2023,mixed,1.0,1.0,uniform,LM,0.0,none,0,0.5146502256393433,0.4760283529758453,98,2026-03-18 20:19:25
6,bundle,iTransformer,ETTh1,336,2022,mixed,1.0,1.0,uniform,NR,0.0,none,0,0.4971844851970672,0.467008888721466,252,2026-03-18 20:19:35
6,bundle,iTransformer,ETTh1,336,2023,mixed,1.0,1.0,uniform,NR,0.0,none,0,0.5146502256393433,0.4760283529758453,248,2026-03-18 20:20:05
6,bundle,iTransformer,ETTm1,96,2022,mixed,1.0,1.0,uniform,ST,0.0,none,0,0.3365117907524109,0.3708963096141815,244,2026-03-18 20:24:35
6,bundle,iTransformer,ETTm1,96,2021,mixed,1.0,1.0,uniform,ST,0.0,none,0,0.343093603849411,0.3746607601642608,333,2026-03-18 20:25:34
6,bundle,iTransformer,ETTh1,336,2021,mixed,1.0,1.0,uniform,VE,0.0,none,0,0.4921239912509918,0.4637464880943298,648,2026-03-18 20:29:14
6,bundle,iTransformer,ETTm1,96,2023,mixed,1.0,1.0,uniform,ST,0.0,none,0,0.3427640199661255,0.3740200698375702,292,2026-03-18 20:29:54
6,bundle,iTransformer,ETTh1,336,2022,mixed,1.0,1.0,uniform,VE,0.0,none,0,0.4915906488895416,0.4624635875225067,640,2026-03-18 20:30:01
6,bundle,iTransformer,ETTh1,336,2023,mixed,1.0,1.0,uniform,VE,0.0,none,0,0.4917046427726745,0.4623501598834991,647,2026-03-18 20:30:40
6,bundle,iTransformer,ETTm1,96,2021,mixed,1.0,1.0,uniform,NR,0.0,none,0,0.3438829183578491,0.3758313655853271,524,2026-03-18 20:34:44
6,bundle,iTransformer,ETTm1,96,2022,mixed,1.0,1.0,uniform,LM,0.0,none,0,0.3311091959476471,0.3694565594196319,223,2026-03-18 20:34:49
6,bundle,iTransformer,ETTm1,96,2021,mixed,1.0,1.0,uniform,LM,0.0,none,0,0.3438829183578491,0.3758313655853271,289,2026-03-18 20:35:16
6,bundle,iTransformer,ETTm1,96,2022,mixed,1.0,1.0,uniform,NR,0.0,none,0,0.3311091959476471,0.3694565594196319,468,2026-03-18 20:37:29
6,bundle,iTransformer,ETTm1,96,2023,mixed,1.0,1.0,uniform,LM,0.0,none,0,0.3611036539077759,0.3840619027614593,183,2026-03-18 20:38:14
6,bundle,iTransformer,ETTm1,96,2023,mixed,1.0,1.0,uniform,NR,0.0,none,0,0.3610378503799438,0.3885920643806457,615,2026-03-18 20:40:36
6,bundle,iTransformer,ETTm1,336,2021,mixed,1.0,1.0,uniform,ST,0.0,none,0,0.4375574290752411,0.4265404641628265,357,2026-03-18 20:44:36
6,bundle,iTransformer,ETTm1,336,2022,mixed,1.0,1.0,uniform,ST,0.0,none,0,0.4588395059108734,0.4374886751174927,567,2026-03-18 20:50:29
6,bundle,iTransformer,ETTm1,336,2023,mixed,1.0,1.0,uniform,ST,0.0,none,0,0.442323625087738,0.4272490739822387,349,2026-03-18 20:50:51
6,bundle,iTransformer,ETTm1,96,2021,mixed,1.0,1.0,uniform,VE,0.0,none,0,0.3368802666664123,0.3730702996253967,1001,2026-03-18 20:51:56
6,bundle,iTransformer,ETTm1,96,2022,mixed,1.0,1.0,uniform,VE,0.0,none,0,0.3412091135978699,0.3765574395656585,1262,2026-03-18 20:56:44
6,bundle,iTransformer,ETTm1,336,2021,mixed,1.0,1.0,uniform,LM,0.0,none,0,0.4397556185722351,0.4288261234760284,267,2026-03-18 20:56:50
6,bundle,iTransformer,ETTm1,96,2023,mixed,1.0,1.0,uniform,VE,0.0,none,0,0.3394539654254913,0.3743333220481872,1276,2026-03-18 20:59:12
6,bundle,iTransformer,ETTm1,336,2021,mixed,1.0,1.0,uniform,NR,0.0,none,0,0.4397556185722351,0.4288261234760284,865,2026-03-18 20:59:28
6,bundle,TimesNet,Electricity,336,2022,mixed,1.0,1.0,uniform,ST,0.0,none,0,0.2643159031867981,0.3467899858951568,10407,2026-03-18 20:59:38
6,bundle,iTransformer,ETTm1,336,2022,mixed,1.0,1.0,uniform,LM,0.0,none,0,0.471837431192398,0.4429620206356048,271,2026-03-18 21:01:42
6,bundle,iTransformer,ETTm1,336,2023,mixed,1.0,1.0,uniform,LM,0.0,none,0,0.4482147693634033,0.432766705751419,313,2026-03-18 21:02:29
6,bundle,iTransformer,ETTm1,336,2022,mixed,1.0,1.0,uniform,NR,0.0,none,0,0.471837431192398,0.4429620206356048,732,2026-03-18 21:03:08
6,bundle,iTransformer,ETTm1,336,2023,mixed,1.0,1.0,uniform,NR,0.0,none,0,0.4426587224006653,0.4317428469657898,915,2026-03-18 21:06:33
6,bundle,TimesNet,Electricity,336,2023,mixed,1.0,1.0,uniform,LM,0.0,none,0,0.2277362048625946,0.3272152245044708,5501,2026-03-18 21:10:11
6,bundle,iTransformer,Weather,96,2022,mixed,1.0,1.0,uniform,ST,0.0,none,0,0.1746652573347091,0.2160541266202926,587,2026-03-18 21:12:43
6,bundle,iTransformer,Weather,96,2023,mixed,1.0,1.0,uniform,ST,0.0,none,0,0.1748313903808593,0.2168479859828949,590,2026-03-18 21:13:24
6,bundle,iTransformer,Weather,96,2021,mixed,1.0,1.0,uniform,ST,0.0,none,0,0.1718704402446746,0.2113758474588394,1054,2026-03-18 21:19:42
6,bundle,iTransformer,Weather,96,2021,mixed,1.0,1.0,uniform,LM,0.0,none,0,0.1714806258678436,0.2103725522756576,488,2026-03-18 21:21:59
6,bundle,iTransformer,Weather,96,2022,mixed,1.0,1.0,uniform,LM,0.0,none,0,0.1746183186769485,0.2141482234001159,439,2026-03-18 21:27:27
6,bundle,iTransformer,Weather,96,2023,mixed,1.0,1.0,uniform,LM,0.0,none,0,0.1698354631662368,0.2109252214431762,486,2026-03-18 21:29:07
6,bundle,iTransformer,Weather,96,2021,mixed,1.0,1.0,uniform,NR,0.0,none,0,0.1841079294681549,0.226842999458313,1530,2026-03-18 21:32:30
6,bundle,iTransformer,Weather,96,2022,mixed,1.0,1.0,uniform,NR,0.0,none,0,0.1885977089405059,0.2344935983419418,1316,2026-03-18 21:32:34
6,bundle,iTransformer,Weather,96,2023,mixed,1.0,1.0,uniform,NR,0.0,none,0,0.1877143234014511,0.2300285995006561,1519,2026-03-18 21:38:28
6,bundle,iTransformer,ETTm1,336,2021,mixed,1.0,1.0,uniform,VE,0.0,none,0,0.4215726852416992,0.4230866730213165,2487,2026-03-18 21:41:05
6,bundle,iTransformer,Weather,336,2021,mixed,1.0,1.0,uniform,ST,0.0,none,0,0.2809319198131561,0.2991732358932495,774,2026-03-18 21:42:27
6,bundle,iTransformer,ETTm1,336,2022,mixed,1.0,1.0,uniform,VE,0.0,none,0,0.4275670945644378,0.4270877242088318,2629,2026-03-18 21:43:44
6,bundle,iTransformer,ETTm1,336,2023,mixed,1.0,1.0,uniform,VE,0.0,none,0,0.4211899936199188,0.4228332042694092,2686,2026-03-18 21:44:50
6,bundle,iTransformer,Weather,336,2022,mixed,1.0,1.0,uniform,ST,0.0,none,0,0.2892448008060455,0.3050184547901153,934,2026-03-18 21:48:30
6,bundle,iTransformer,Weather,336,2023,mixed,1.0,1.0,uniform,ST,0.0,none,0,0.2830997109413147,0.3014433979988098,1068,2026-03-18 21:50:48
6,bundle,iTransformer,Weather,336,2021,mixed,1.0,1.0,uniform,LM,0.0,none,0,0.284754991531372,0.3019302785396576,548,2026-03-18 21:52:02
6,bundle,iTransformer,Weather,336,2022,mixed,1.0,1.0,uniform,LM,0.0,none,0,0.2825992703437805,0.2989839315414428,646,2026-03-18 21:54:56
6,bundle,iTransformer,Weather,336,2023,mixed,1.0,1.0,uniform,LM,0.0,none,0,0.2788503766059875,0.2970161736011505,647,2026-03-18 21:56:03
6,bundle,iTransformer,Weather,336,2022,mixed,1.0,1.0,uniform,NR,0.0,none,0,0.289852112531662,0.3080168664455414,2102,2026-03-18 22:16:04
6,bundle,iTransformer,Weather,96,2022,mixed,1.0,1.0,uniform,VE,0.0,none,0,0.1721782684326172,0.2131266146898269,3374,2026-03-18 22:20:16
6,bundle,iTransformer,Weather,96,2021,mixed,1.0,1.0,uniform,VE,0.0,none,0,0.170544296503067,0.2122440785169601,3568,2026-03-18 22:21:54
6,bundle,iTransformer,Weather,336,2021,mixed,1.0,1.0,uniform,NR,0.0,none,0,0.2914294898509979,0.3088800311088562,2694,2026-03-18 22:23:48
6,bundle,iTransformer,Weather,336,2023,mixed,1.0,1.0,uniform,NR,0.0,none,0,0.2891992628574371,0.3066294193267822,2722,2026-03-18 22:26:54
6,bundle,iTransformer,Weather,96,2023,mixed,1.0,1.0,uniform,VE,0.0,none,0,0.1741077303886413,0.2144871801137924,3898,2026-03-18 22:32:51
6,bundle,iTransformer,Weather,336,2023,mixed,1.0,1.0,uniform,VE,0.0,none,0,0.2793610095977783,0.2984816133975982,5306,2026-03-18 23:20:54
6,bundle,iTransformer,Weather,336,2021,mixed,1.0,1.0,uniform,VE,0.0,none,0,0.2794262766838074,0.2983107268810272,6313,2026-03-18 23:34:10
6,bundle,iTransformer,Electricity,96,2021,mixed,1.0,1.0,uniform,LM,0.0,none,0,0.1648743003606796,0.2567564249038696,5185,2026-03-18 23:53:46
6,bundle,iTransformer,Weather,336,2022,mixed,1.0,1.0,uniform,VE,0.0,none,0,0.2773703634738922,0.2968854010105133,7388,2026-03-18 23:54:23
6,bundle,iTransformer,Electricity,96,2022,mixed,1.0,1.0,uniform,LM,0.0,none,0,0.1638503074645996,0.2554868757724762,5314,2026-03-19 00:01:51
6,bundle,iTransformer,Electricity,96,2021,mixed,1.0,1.0,uniform,ST,0.0,none,0,0.1637612730264663,0.2553681135177612,7763,2026-03-19 00:04:46
6,bundle,iTransformer,Electricity,96,2022,mixed,1.0,1.0,uniform,ST,0.0,none,0,0.1638503074645996,0.2554868757724762,7951,2026-03-19 00:09:00
6,bundle,iTransformer,Electricity,96,2023,mixed,1.0,1.0,uniform,LM,0.0,none,0,0.1644626855850219,0.2564022243022918,5301,2026-03-19 00:14:56
6,bundle,iTransformer,Electricity,96,2023,mixed,1.0,1.0,uniform,ST,0.0,none,0,0.1644626855850219,0.2564022243022918,7722,2026-03-19 00:25:13
6,bundle,PatchTST,ETTh1,96,2021,mixed,1.0,1.0,uniform,ST,0.0,none,0,0.4292211532592773,0.4251619577407837,85,2026-03-19 01:55:05
6,bundle,PatchTST,ETTh1,96,2022,mixed,1.0,1.0,uniform,ST,0.0,none,0,0.4288781881332397,0.4270563125610351,75,2026-03-19 01:56:46
6,bundle,PatchTST,ETTh1,96,2023,mixed,1.0,1.0,uniform,ST,0.0,none,0,0.4126505255699157,0.4180036783218384,135,2026-03-19 01:59:28
6,bundle,PatchTST,ETTh1,96,2021,mixed,1.0,1.0,uniform,NR,0.0,none,0,0.399619460105896,0.4089257717132568,237,2026-03-19 02:03:52
6,bundle,PatchTST,ETTh1,96,2022,mixed,1.0,1.0,uniform,NR,0.0,none,0,0.4007562696933746,0.4091894030570984,245,2026-03-19 02:08:23
6,bundle,PatchTST,ETTh1,96,2023,mixed,1.0,1.0,uniform,NR,0.0,none,0,0.4009100198745727,0.4088023006916046,244,2026-03-19 02:12:53
6,bundle,PatchTST,ETTh1,96,2021,mixed,1.0,1.0,uniform,LM,0.0,none,0,0.4018770158290863,0.4118929505348205,101,2026-03-19 02:15:00
6,bundle,iTransformer,Electricity,336,2021,mixed,1.0,1.0,uniform,LM,0.0,none,0,0.1940515786409378,0.2842975854873657,6882,2026-03-19 02:15:44
6,bundle,iTransformer,Electricity,336,2022,mixed,1.0,1.0,uniform,LM,0.0,none,0,0.1882137656211853,0.2791090309619903,6714,2026-03-19 02:17:34
6,bundle,PatchTST,ETTh1,96,2022,mixed,1.0,1.0,uniform,LM,0.0,none,0,0.4049899280071258,0.4123437702655792,86,2026-03-19 02:17:38
6,bundle,PatchTST,ETTh1,96,2023,mixed,1.0,1.0,uniform,LM,0.0,none,0,0.4056497514247894,0.4132948219776153,112,2026-03-19 02:18:57
6,bundle,PatchTST,ETTh1,96,2022,mixed,1.0,1.0,uniform,VE,0.0,none,0,0.540557324886322,0.5002109408378601,262,2026-03-19 02:22:26
6,bundle,PatchTST,ETTh1,96,2021,mixed,1.0,1.0,uniform,VE,0.0,none,0,0.5307764410972595,0.4951512217521667,340,2026-03-19 02:23:41
6,bundle,PatchTST,ETTh1,96,2023,mixed,1.0,1.0,uniform,VE,0.0,none,0,0.5430247187614441,0.5011087656021118,272,2026-03-19 02:23:55
6,bundle,PatchTST,ETTh1,336,2021,mixed,1.0,1.0,uniform,ST,0.0,none,0,0.4839501976966858,0.458949863910675,159,2026-03-19 02:24:51
6,bundle,PatchTST,ETTh1,336,2022,mixed,1.0,1.0,uniform,ST,0.0,none,0,0.4819542467594147,0.4578358232975006,143,2026-03-19 02:25:15
6,bundle,PatchTST,ETTh1,336,2023,mixed,1.0,1.0,uniform,ST,0.0,none,0,0.4862946569919586,0.4585933983325958,130,2026-03-19 02:26:17
6,bundle,PatchTST,ETTh1,336,2021,mixed,1.0,1.0,uniform,LM,0.0,none,0,0.4856865406036377,0.4613471031188965,96,2026-03-19 02:28:19
6,bundle,iTransformer,Electricity,336,2021,mixed,1.0,1.0,uniform,ST,0.0,none,0,0.1940515786409378,0.2842975854873657,10501,2026-03-19 02:29:37
6,bundle,PatchTST,ETTh1,336,2021,mixed,1.0,1.0,uniform,NR,0.0,none,0,0.4774857461452484,0.4542318284511566,381,2026-03-19 02:30:43
6,bundle,PatchTST,ETTh1,336,2022,mixed,1.0,1.0,uniform,LM,0.0,none,0,0.4824434816837311,0.4576976597309112,122,2026-03-19 02:30:47
6,bundle,PatchTST,ETTh1,336,2022,mixed,1.0,1.0,uniform,NR,0.0,none,0,0.4824434816837311,0.4576976597309112,370,2026-03-19 02:31:27
6,bundle,PatchTST,ETTh1,336,2023,mixed,1.0,1.0,uniform,NR,0.0,none,0,0.4863429069519043,0.4595730006694793,373,2026-03-19 02:31:54
6,bundle,PatchTST,ETTh1,336,2023,mixed,1.0,1.0,uniform,LM,0.0,none,0,0.4863429069519043,0.4595730006694793,122,2026-03-19 02:32:05
6,bundle,PatchTST,ETTm1,96,2022,mixed,1.0,1.0,uniform,ST,0.0,none,0,0.360673725605011,0.3813879191875458,207,2026-03-19 02:35:57
6,bundle,PatchTST,ETTm1,96,2021,mixed,1.0,1.0,uniform,ST,0.0,none,0,0.3445677757263183,0.3740483224391937,313,2026-03-19 02:37:34
6,bundle,PatchTST,ETTm1,96,2023,mixed,1.0,1.0,uniform,ST,0.0,none,0,0.3462643623352051,0.3753294050693512,284,2026-03-19 02:41:08
6,bundle,PatchTST,ETTh1,336,2022,mixed,1.0,1.0,uniform,VE,0.0,none,0,0.6033909320831299,0.5388079285621643,658,2026-03-19 02:42:13
6,bundle,PatchTST,ETTh1,336,2023,mixed,1.0,1.0,uniform,VE,0.0,none,0,0.5999825596809387,0.5378760695457458,626,2026-03-19 02:42:19
6,bundle,PatchTST,ETTh1,336,2021,mixed,1.0,1.0,uniform,VE,0.0,none,0,0.5886414647102356,0.5303530693054199,676,2026-03-19 02:42:25
6,bundle,PatchTST,ETTm1,96,2022,mixed,1.0,1.0,uniform,LM,0.0,none,0,0.3658600151538849,0.3879373669624328,195,2026-03-19 02:46:06
6,bundle,PatchTST,ETTm1,96,2021,mixed,1.0,1.0,uniform,LM,0.0,none,0,0.3426653444766998,0.3767149746417999,221,2026-03-19 02:46:27
6,bundle,iTransformer,Electricity,336,2023,mixed,1.0,1.0,uniform,ST,0.0,none,0,0.1929125636816024,0.2830895781517029,10385,2026-03-19 02:47:55
6,bundle,iTransformer,Electricity,336,2022,mixed,1.0,1.0,uniform,ST,0.0,none,0,0.1933469027280807,0.2834207713603973,10437,2026-03-19 02:48:10
6,bundle,PatchTST,ETTm1,96,2021,mixed,1.0,1.0,uniform,NR,0.0,none,0,0.3426653444766998,0.3767149746417999,621,2026-03-19 02:48:22
6,bundle,PatchTST,ETTm1,96,2022,mixed,1.0,1.0,uniform,NR,0.0,none,0,0.3658600151538849,0.3879373669624328,496,2026-03-19 02:49:51
6,bundle,PatchTST,ETTm1,96,2023,mixed,1.0,1.0,uniform,LM,0.0,none,0,0.3638118505477905,0.3923040926456451,254,2026-03-19 02:50:46
6,bundle,PatchTST,ETTm1,96,2023,mixed,1.0,1.0,uniform,NR,0.0,none,0,0.3615977764129638,0.390672355890274,847,2026-03-19 02:56:47
6,bundle,PatchTST,ETTm1,336,2023,mixed,1.0,1.0,uniform,ST,0.0,none,0,0.4215075373649597,0.4159305095672607,396,2026-03-19 02:57:48
6,bundle,PatchTST,ETTm1,336,2021,mixed,1.0,1.0,uniform,ST,0.0,none,0,0.4207878410816192,0.4166530072689056,552,2026-03-19 02:58:00
6,bundle,PatchTST,ETTm1,336,2022,mixed,1.0,1.0,uniform,ST,0.0,none,0,0.4215303063392639,0.4150950014591217,507,2026-03-19 02:58:44
6,bundle,PatchTST,ETTm1,336,2021,mixed,1.0,1.0,uniform,LM,0.0,none,0,0.4295903146266937,0.423235684633255,426,2026-03-19 03:06:16
6,bundle,PatchTST,ETTm1,96,2021,mixed,1.0,1.0,uniform,VE,0.0,none,0,0.4820495247840881,0.457604706287384,1292,2026-03-19 03:08:25
6,bundle,PatchTST,ETTm1,336,2022,mixed,1.0,1.0,uniform,LM,0.0,none,0,0.4286053776741028,0.4251578152179718,383,2026-03-19 03:09:07
6,bundle,PatchTST,ETTm1,96,2022,mixed,1.0,1.0,uniform,VE,0.0,none,0,0.4688353240489959,0.4498800337314605,1271,2026-03-19 03:09:33
6,bundle,PatchTST,ETTm1,96,2023,mixed,1.0,1.0,uniform,VE,0.0,none,0,0.4769423902034759,0.4552181661128998,1260,2026-03-19 03:09:37
6,bundle,PatchTST,ETTm1,336,2023,mixed,1.0,1.0,uniform,LM,0.0,none,0,0.4174977838993072,0.4174590706825256,340,2026-03-19 03:11:25
6,bundle,PatchTST,ETTm1,336,2021,mixed,1.0,1.0,uniform,NR,0.0,none,0,0.6542444229125977,0.5405693054199219,1062,2026-03-19 03:14:55
6,bundle,PatchTST,ETTm1,336,2023,mixed,1.0,1.0,uniform,NR,0.0,none,0,0.6577171683311462,0.5424028635025024,1032,2026-03-19 03:15:38
6,bundle,iTransformer,Electricity,336,2023,mixed,1.0,1.0,uniform,LM,0.0,none,0,0.1895036101341247,0.2801601588726043,6875,2026-03-19 03:15:44
6,bundle,PatchTST,ETTm1,336,2022,mixed,1.0,1.0,uniform,NR,0.0,none,0,0.6383929252624512,0.5296244025230408,1323,2026-03-19 03:20:18
6,bundle,PatchTST,Weather,96,2022,mixed,1.0,1.0,uniform,ST,0.0,none,0,0.1926444917917251,0.2330672591924667,1117,2026-03-19 03:28:41
6,bundle,PatchTST,Weather,96,2021,mixed,1.0,1.0,uniform,ST,0.0,none,0,0.1930067241191864,0.2327483147382736,1130,2026-03-19 03:28:49
6,bundle,PatchTST,Weather,96,2023,mixed,1.0,1.0,uniform,ST,0.0,none,0,0.1936491727828979,0.2340203523635864,1160,2026-03-19 03:31:12
6,bundle,PatchTST,ETTm1,336,2021,mixed,1.0,1.0,uniform,VE,0.0,none,0,0.5325344800949097,0.4839727878570556,2503,2026-03-19 03:48:25
6,bundle,PatchTST,ETTm1,336,2022,mixed,1.0,1.0,uniform,VE,0.0,none,0,0.5547937154769897,0.491581529378891,2530,2026-03-19 03:51:01
6,bundle,PatchTST,ETTm1,336,2023,mixed,1.0,1.0,uniform,VE,0.0,none,0,0.5367074608802795,0.4861109852790832,2588,2026-03-19 03:52:42
6,bundle,PatchTST,Weather,96,2021,mixed,1.0,1.0,uniform,NR,0.0,none,0,0.1751551330089569,0.2182614505290985,2539,2026-03-19 03:57:40
6,bundle,PatchTST,Weather,96,2022,mixed,1.0,1.0,uniform,LM,0.0,none,0,0.1984070986509323,0.2525979578495025,494,2026-03-19 07:19:09
6,bundle,PatchTST,Weather,96,2021,mixed,1.0,1.0,uniform,LM,0.0,none,0,0.1989672631025314,0.2546354532241821,625,2026-03-19 07:21:20
6,bundle,PatchTST,Weather,96,2023,mixed,1.0,1.0,uniform,LM,0.0,none,0,0.1939068287611007,0.2461749911308288,788,2026-03-19 07:24:01
6,bundle,PatchTST,Weather,336,2021,mixed,1.0,1.0,uniform,ST,0.0,none,0,0.2806499600410461,0.2991621494293213,1167,2026-03-19 07:30:22
6,bundle,PatchTST,Weather,336,2021,mixed,1.0,1.0,uniform,LM,0.0,none,0,0.2806499600410461,0.2991621494293213,812,2026-03-19 07:33:08
6,bundle,PatchTST,Weather,336,2022,mixed,1.0,1.0,uniform,ST,0.0,none,0,0.2830798327922821,0.2999887466430664,1467,2026-03-19 07:35:22
6,bundle,PatchTST,Weather,336,2023,mixed,1.0,1.0,uniform,ST,0.0,none,0,0.2936672866344452,0.3087717890739441,1499,2026-03-19 07:35:54
6,bundle,PatchTST,Weather,336,2022,mixed,1.0,1.0,uniform,LM,0.0,none,0,0.2830798327922821,0.2999887466430664,1021,2026-03-19 07:38:48
6,bundle,PatchTST,Weather,336,2023,mixed,1.0,1.0,uniform,LM,0.0,none,0,0.2821152806282043,0.2998419404029846,1032,2026-03-19 07:41:40
6,bundle,PatchTST,Weather,96,2023,mixed,1.0,1.0,uniform,NR,0.0,none,0,0.1911745071411132,0.240964874625206,2494,2026-03-19 07:52:29
6,bundle,PatchTST,Weather,96,2022,mixed,1.0,1.0,uniform,NR,0.0,none,0,0.1751680970191955,0.2193820029497146,2514,2026-03-19 07:52:46
6,bundle,PatchTST,Weather,336,2021,mixed,1.0,1.0,uniform,NR,0.0,none,0,0.2929359674453735,0.3174044489860534,3714,2026-03-19 08:12:47
6,bundle,PatchTST,Weather,96,2021,mixed,1.0,1.0,uniform,VE,0.0,none,0,0.1908576935529709,0.2415652275085449,3715,2026-03-19 08:12:49
6,bundle,PatchTST,Weather,96,2023,mixed,1.0,1.0,uniform,VE,0.0,none,0,0.1909731924533844,0.240783542394638,3734,2026-03-19 08:13:08
6,bundle,PatchTST,Weather,96,2022,mixed,1.0,1.0,uniform,VE,0.0,none,0,0.1897829324007034,0.2389862537384033,3738,2026-03-19 08:13:13
6,bundle,PatchTST,Weather,336,2023,mixed,1.0,1.0,uniform,NR,0.0,none,0,0.2815726995468139,0.2994596064090729,4374,2026-03-19 08:23:49
6,bundle,PatchTST,Weather,336,2022,mixed,1.0,1.0,uniform,NR,0.0,none,0,0.2916503250598907,0.3155513405799866,4578,2026-03-19 08:27:13
6,bundle,PatchTST,Weather,336,2023,mixed,1.0,1.0,uniform,VE,0.0,none,0,0.291346400976181,0.3142980933189392,5471,2026-03-19 09:07:01
6,bundle,PatchTST,Weather,336,2021,mixed,1.0,1.0,uniform,VE,0.0,none,0,0.2906122505664825,0.3141343891620636,7485,2026-03-19 09:35:34
6,bundle,PatchTST,Electricity,96,2022,mixed,1.0,1.0,uniform,LM,0.0,none,0,0.2272413820028305,0.3253277242183685,5108,2026-03-19 09:38:43
6,bundle,PatchTST,Electricity,96,2023,mixed,1.0,1.0,uniform,LM,0.0,none,0,0.2141450494527816,0.314290702342987,5306,2026-03-19 09:42:06
6,bundle,PatchTST,Weather,336,2022,mixed,1.0,1.0,uniform,VE,0.0,none,0,0.2904998362064361,0.3135496377944946,7745,2026-03-19 09:42:40
6,bundle,PatchTST,Electricity,96,2021,mixed,1.0,1.0,uniform,LM,0.0,none,0,0.2268767803907394,0.3241757750511169,5371,2026-03-19 09:42:48
6,bundle,PatchTST,Electricity,96,2021,mixed,1.0,1.0,uniform,ST,0.0,none,0,0.2268300503492355,0.3242348432540893,7951,2026-03-19 09:48:52
6,bundle,PatchTST,Electricity,96,2022,mixed,1.0,1.0,uniform,ST,0.0,none,0,0.2272413820028305,0.3253277242183685,7807,2026-03-19 09:49:22
6,bundle,PatchTST,Electricity,96,2023,mixed,1.0,1.0,uniform,ST,0.0,none,0,0.2267534285783767,0.3244898617267608,7723,2026-03-19 09:50:50
6,bundle,PatchTST,Electricity,336,2022,mixed,1.0,1.0,uniform,LM,0.0,none,0,0.2423507869243621,0.3364693820476532,6002,2026-03-19 11:31:19
6,bundle,PatchTST,Electricity,336,2021,mixed,1.0,1.0,uniform,LM,0.0,none,0,0.2357146739959716,0.3342804908752441,7116,2026-03-19 11:48:25
6,bundle,PatchTST,Electricity,336,2022,mixed,1.0,1.0,uniform,ST,0.0,none,0,0.2423507869243621,0.3364693820476532,9505,2026-03-19 12:17:35
6,bundle,PatchTST,Electricity,336,2021,mixed,1.0,1.0,uniform,ST,0.0,none,0,0.2948300540447235,0.3781660795211792,9964,2026-03-19 12:22:08
6,bundle,PatchTST,Electricity,336,2023,mixed,1.0,1.0,uniform,ST,0.0,none,0,0.2348461747169494,0.3336707651615143,10364,2026-03-19 12:35:18
6,bundle,PatchTST,Electricity,336,2023,mixed,1.0,1.0,uniform,LM,0.0,none,0,0.2348461747169494,0.3336707651615143,6895,2026-03-19 12:48:23
6,bundle,iTransformer,Electricity,96,2021,mixed,1.0,1.0,uniform,NR,0.0,none,0,0.1704386323690414,0.2618674039840698,17502,2026-04-01 20:22:51
6,bundle,iTransformer,Electricity,96,2022,mixed,1.0,1.0,uniform,NR,0.0,none,0,0.1588152199983596,0.2508360743522644,17511,2026-04-01 20:23:00
6,bundle,iTransformer,Electricity,96,2023,mixed,1.0,1.0,uniform,NR,0.0,none,0,0.1588485538959503,0.2509666383266449,18563,2026-04-01 20:40:33
6,bundle,DLinear,Electricity,96,2022,mixed,1.0,1.0,uniform,NR,0.0,none,0,0.4301143288612366,0.4652416408061981,5101,2026-04-10 07:02:24
6,bundle,DLinear,Electricity,96,2021,mixed,1.0,1.0,uniform,NR,0.0,none,0,0.3228724598884582,0.4257737100124359,5762,2026-04-10 07:12:46
6,bundle,DLinear,Electricity,96,2023,mixed,1.0,1.0,uniform,NR,0.0,none,0,0.4304066598415375,0.465247243642807,5690,2026-04-10 07:16:18
6,bundle,DLinear,Electricity,96,2021,mixed,1.0,1.0,uniform,VE,0.0,none,0,0.3225583136081695,0.4253741800785064,5707,2026-04-10 07:39:08
6,bundle,DLinear,Electricity,96,2023,mixed,1.0,1.0,uniform,VE,0.0,none,0,0.3230176866054535,0.4260165691375732,4496,2026-04-10 08:27:42
6,bundle,DLinear,Electricity,96,2022,mixed,1.0,1.0,uniform,VE,0.0,none,0,0.3252085745334625,0.4279186725616455,5254,2026-04-10 08:29:58
6,bundle,DLinear,Electricity,336,2022,mixed,1.0,1.0,uniform,NR,0.0,none,0,0.3365858197212219,0.4385416209697723,7984,2026-04-10 09:29:23
6,bundle,DLinear,Electricity,336,2021,mixed,1.0,1.0,uniform,NR,0.0,none,0,0.3337230682373047,0.4360606074333191,8611,2026-04-10 09:36:29
6,bundle,DLinear,Electricity,336,2021,mixed,1.0,1.0,uniform,VE,0.0,none,0,0.3337230682373047,0.4360606074333191,7242,2026-04-10 09:47:48
6,bundle,DLinear,Electricity,336,2022,mixed,1.0,1.0,uniform,VE,0.0,none,0,0.3365858197212219,0.4385416209697723,8112,2026-04-10 10:09:09
6,bundle,DLinear,Electricity,336,2023,mixed,1.0,1.0,uniform,NR,0.0,none,0,0.335323303937912,0.4371770322322845,9009,2026-04-10 10:09:17
6,bundle,DLinear,Electricity,336,2023,mixed,1.0,1.0,uniform,VE,0.0,none,0,0.335323303937912,0.4371770322322845,7590,2026-04-10 10:30:19
6,bundle,SegRNN,Electricity,96,2021,mixed,1.0,1.0,uniform,NR,0.0,none,0,0.2368258684873581,0.3289620876312256,7839,2026-04-10 10:38:45
6,bundle,SegRNN,Electricity,96,2022,mixed,1.0,1.0,uniform,NR,0.0,none,0,0.2457654625177383,0.3348190486431122,7940,2026-04-10 10:42:18
6,bundle,SegRNN,Electricity,96,2023,mixed,1.0,1.0,uniform,NR,0.0,none,0,0.2339490503072738,0.324161946773529,6776,2026-04-10 11:22:19
6,bundle,SegRNN,Electricity,96,2021,mixed,1.0,1.0,uniform,VE,0.0,none,0,0.2334254682064056,0.3242040574550628,7741,2026-04-10 11:45:32
6,bundle,SegRNN,Electricity,96,2022,mixed,1.0,1.0,uniform,VE,0.0,none,0,0.2331741005182266,0.3242226541042328,7501,2026-04-10 11:52:49
6,bundle,SegRNN,Electricity,96,2023,mixed,1.0,1.0,uniform,VE,0.0,none,0,0.2324418723583221,0.3234643042087555,6817,2026-04-10 12:02:46
6,bundle,SegRNN,Electricity,336,2021,mixed,1.0,1.0,uniform,NR,0.0,none,0,0.2584846019744873,0.3463802337646484,10114,2026-04-10 12:57:53
6,bundle,SegRNN,Electricity,336,2022,mixed,1.0,1.0,uniform,NR,0.0,none,0,0.2352215349674224,0.319678783416748,10731,2026-04-10 13:29:11
6,bundle,SegRNN,Electricity,336,2023,mixed,1.0,1.0,uniform,NR,0.0,none,0,0.2617445886135101,0.3479872941970825,10620,2026-04-10 13:35:45
6,bundle,SegRNN,Electricity,336,2021,mixed,1.0,1.0,uniform,VE,0.0,none,0,0.2585219442844391,0.3459506928920746,11233,2026-04-10 13:49:32
6,bundle,SegRNN,Electricity,336,2022,mixed,1.0,1.0,uniform,VE,0.0,none,0,0.2352215349674224,0.319678783416748,9666,2026-04-10 14:03:25
6,bundle,SegRNN,Electricity,336,2023,mixed,1.0,1.0,uniform,VE,0.0,none,0,0.2587355077266693,0.346503347158432,11732,2026-04-10 15:01:06
6,bundle,TimesNet,Electricity,96,2021,mixed,1.0,1.0,uniform,NR,0.0,none,0,0.2702064514160156,0.3529052138328552,15041,2026-04-10 16:03:47
6,bundle,TimesNet,Electricity,96,2022,mixed,1.0,1.0,uniform,NR,0.0,none,0,0.2661651968955993,0.3496339917182922,14776,2026-04-10 16:09:04
6,bundle,TimesNet,Electricity,96,2023,mixed,1.0,1.0,uniform,VE,0.0,none,0,0.1936686038970947,0.2998577952384949,12292,2026-04-10 17:14:24
6,bundle,TimesNet,Electricity,96,2023,mixed,1.0,1.0,uniform,NR,0.0,none,0,0.1936686038970947,0.2998577952384949,16202,2026-04-10 17:27:57
6,bundle,TimesNet,Electricity,96,2022,mixed,1.0,1.0,uniform,VE,0.0,none,0,0.2657652795314789,0.349247395992279,14453,2026-04-10 17:36:38
6,bundle,TimesNet,Electricity,96,2021,mixed,1.0,1.0,uniform,VE,0.0,none,0,0.2696206271648407,0.3523936867713928,15862,2026-04-10 17:53:35
6,bundle,TimesNet,Electricity,336,2021,mixed,1.0,1.0,uniform,NR,0.0,none,0,0.280854195356369,0.3634683489799499,17459,2026-04-10 18:54:26
6,bundle,TimesNet,Electricity,336,2023,mixed,1.0,1.0,uniform,NR,0.0,none,0,0.2835493683815002,0.3664530217647552,12567,2026-04-10 19:33:14
6,bundle,TimesNet,Electricity,336,2022,mixed,1.0,1.0,uniform,NR,0.0,none,0,0.2806083559989929,0.363236129283905,16780,2026-04-10 19:40:46
6,bundle,iTransformer,Electricity,96,2021,mixed,1.0,1.0,uniform,VE,0.0,none,0,0.1839350312948227,0.2761857509613037,8398,2026-04-10 19:56:57
6,bundle,TimesNet,Electricity,336,2021,mixed,1.0,1.0,uniform,VE,0.0,none,0,0.2805554568767547,0.3631742894649505,14388,2026-04-10 20:08:53
6,bundle,iTransformer,Electricity,96,2022,mixed,1.0,1.0,uniform,VE,0.0,none,0,0.1845556199550628,0.2769020497798919,8399,2026-04-10 20:13:34
6,bundle,TimesNet,Electricity,336,2022,mixed,1.0,1.0,uniform,VE,0.0,none,0,0.2802184820175171,0.362848550081253,12779,2026-04-10 20:47:24
6,bundle,iTransformer,Electricity,96,2023,mixed,1.0,1.0,uniform,VE,0.0,none,0,0.1846159547567367,0.2765313684940338,7810,2026-04-10 21:04:36
6,bundle,TimesNet,Electricity,336,2023,mixed,1.0,1.0,uniform,VE,0.0,none,0,0.2803274095058441,0.3635003268718719,14243,2026-04-10 21:25:20
6,bundle,iTransformer,Electricity,336,2021,mixed,1.0,1.0,uniform,NR,0.0,none,0,0.207648366689682,0.2976300418376922,10287,2026-04-10 22:24:42
6,bundle,iTransformer,Electricity,336,2022,mixed,1.0,1.0,uniform,NR,0.0,none,0,0.2058772444725036,0.2965180873870849,10300,2026-04-10 22:32:27
6,bundle,iTransformer,Electricity,336,2023,mixed,1.0,1.0,uniform,NR,0.0,none,0,0.1915711909532547,0.282489001750946,10400,2026-04-10 22:50:17
6,bundle,iTransformer,Electricity,336,2021,mixed,1.0,1.0,uniform,VE,0.0,none,0,0.2074444591999054,0.2975555062294006,11263,2026-04-10 23:16:37
6,bundle,iTransformer,Electricity,336,2022,mixed,1.0,1.0,uniform,VE,0.0,none,0,0.2060325145721435,0.2966403663158417,11509,2026-04-10 23:25:23
6,bundle,PatchTST,Electricity,96,2021,mixed,1.0,1.0,uniform,NR,0.0,none,0,0.2605632543563843,0.3446946144104004,8530,2026-04-10 23:27:04
6,bundle,PatchTST,Electricity,96,2022,mixed,1.0,1.0,uniform,NR,0.0,none,0,0.2573769688606262,0.3403316438198089,8365,2026-04-10 23:44:45
6,bundle,iTransformer,Electricity,336,2023,mixed,1.0,1.0,uniform,VE,0.0,none,0,0.2069131582975387,0.2970636188983917,11100,2026-04-10 23:52:24
6,bundle,PatchTST,Electricity,96,2023,mixed,1.0,1.0,uniform,NR,0.0,none,0,0.21925950050354,0.3167287111282348,8023,2026-04-11 00:38:26
6,bundle,PatchTST,Electricity,96,2021,mixed,1.0,1.0,uniform,VE,0.0,none,0,0.2554840743541717,0.3411974012851715,8221,2026-04-11 00:49:29
6,bundle,PatchTST,Electricity,96,2022,mixed,1.0,1.0,uniform,VE,0.0,none,0,0.2519071698188782,0.33793506026268,8023,2026-04-11 01:04:01
6,bundle,PatchTST,Electricity,96,2023,mixed,1.0,1.0,uniform,VE,0.0,none,0,0.2534860968589782,0.3394309878349304,8110,2026-04-11 01:31:48
6,bundle,PatchTST,Electricity,336,2021,mixed,1.0,1.0,uniform,NR,0.0,none,0,0.2716503143310547,0.3581429719924927,10374,2026-04-11 02:18:20
6,bundle,PatchTST,Electricity,336,2022,mixed,1.0,1.0,uniform,NR,0.0,none,0,0.23963662981987,0.3359681367874145,10378,2026-04-11 02:20:03
6,bundle,PatchTST,Electricity,336,2023,mixed,1.0,1.0,uniform,NR,0.0,none,0,0.2770310044288635,0.3640924990177154,10582,2026-04-11 02:41:08
6,bundle,PatchTST,Electricity,336,2021,mixed,1.0,1.0,uniform,VE,0.0,none,0,0.2704177796840668,0.3564288318157196,11008,2026-04-11 02:55:54
6,bundle,PatchTST,Electricity,336,2022,mixed,1.0,1.0,uniform,VE,0.0,none,0,0.2714403569698334,0.3576430678367615,11123,2026-04-11 03:43:49
6,bundle,PatchTST,Electricity,336,2023,mixed,1.0,1.0,uniform,VE,0.0,none,0,0.2688534259796142,0.354921281337738,11153,2026-04-11 03:55:22
7,curriculum,DLinear,ETTh1,96,2021,anneal,1.0,1.0,uniform,all,0.0,hard,5,0.5435509085655212,0.4973118901252746,136,2026-03-19 11:30:43
7,curriculum,DLinear,ETTh1,96,2022,anneal,1.0,1.0,uniform,all,0.0,hard,5,0.5439757704734802,0.4957360923290252,130,2026-03-19 11:33:20
7,curriculum,DLinear,ETTh1,96,2023,anneal,1.0,1.0,uniform,all,0.0,hard,5,0.5456883311271667,0.4981332719326019,140,2026-03-19 11:34:06
7,curriculum,DLinear,ETTh1,96,2021,anneal,1.0,1.0,uniform,all,0.0,gradual,5,0.4529538452625274,0.4526020884513855,166,2026-03-19 11:36:33
7,curriculum,DLinear,ETTh1,96,2022,anneal,1.0,1.0,uniform,all,0.0,gradual,5,0.4559519588947296,0.4548301100730896,150,2026-03-19 11:37:02
7,curriculum,DLinear,ETTh1,96,2021,anneali,1.0,1.0,uniform,all,0.0,hard,5,0.4022569954395294,0.4192651510238647,118,2026-03-19 11:39:26
7,curriculum,DLinear,ETTh1,96,2023,anneal,1.0,1.0,uniform,all,0.0,gradual,5,0.4519840180873871,0.4518609642982483,186,2026-03-19 11:40:05
7,curriculum,DLinear,ETTh1,96,2022,anneali,1.0,1.0,uniform,all,0.0,hard,5,0.405620813369751,0.4210272133350372,131,2026-03-19 11:42:02
7,curriculum,DLinear,ETTh1,96,2023,anneali,1.0,1.0,uniform,all,0.0,hard,5,0.4020131826400757,0.4190530478954315,113,2026-03-19 11:42:24
7,curriculum,DLinear,ETTh1,96,2021,anneali,1.0,1.0,uniform,all,0.0,gradual,5,0.4011104702949524,0.4160751700401306,53,2026-03-19 11:43:21
7,curriculum,DLinear,ETTh1,96,2022,anneali,1.0,1.0,uniform,all,0.0,gradual,5,0.4011566936969757,0.4163964092731476,51,2026-03-19 11:43:41
7,curriculum,DLinear,ETTh1,96,2023,anneali,1.0,1.0,uniform,all,0.0,gradual,5,0.3996228873729706,0.4148948788642883,57,2026-03-19 11:44:44
7,curriculum,DLinear,ETTh1,336,2021,anneal,1.0,1.0,uniform,all,0.0,hard,5,0.5976613759994507,0.5314778089523315,213,2026-03-19 11:47:39
7,curriculum,DLinear,ETTh1,336,2022,anneal,1.0,1.0,uniform,all,0.0,hard,5,0.5964130163192749,0.5304379463195801,214,2026-03-19 11:48:44
7,curriculum,DLinear,ETTh1,336,2023,anneal,1.0,1.0,uniform,all,0.0,hard,5,0.5987620949745178,0.5321384072303772,219,2026-03-19 11:51:45
7,curriculum,DLinear,ETTh1,336,2022,anneal,1.0,1.0,uniform,all,0.0,gradual,5,0.528886616230011,0.4959361553192138,262,2026-03-19 11:53:32
7,curriculum,DLinear,ETTh1,336,2021,anneal,1.0,1.0,uniform,all,0.0,gradual,5,0.528387188911438,0.4958725869655609,292,2026-03-19 11:53:45
7,curriculum,DLinear,ETTh1,336,2022,anneali,1.0,1.0,uniform,all,0.0,hard,5,0.4882356524467468,0.4661979377269745,114,2026-03-19 11:56:06
7,curriculum,DLinear,ETTh1,336,2023,anneal,1.0,1.0,uniform,all,0.0,gradual,5,0.5288696885108948,0.4954645335674286,240,2026-03-19 11:56:11
7,curriculum,DLinear,ETTh1,336,2021,anneali,1.0,1.0,uniform,all,0.0,hard,5,0.4874104261398315,0.4654037654399872,145,2026-03-19 11:56:23
7,curriculum,DLinear,ETTh1,336,2021,anneali,1.0,1.0,uniform,all,0.0,gradual,5,0.4882924556732178,0.4665763974189758,56,2026-03-19 11:57:37
7,curriculum,DLinear,ETTh1,336,2022,anneali,1.0,1.0,uniform,all,0.0,gradual,5,0.4901013076305389,0.4683428406715393,55,2026-03-19 11:57:44
7,curriculum,DLinear,ETTh1,336,2023,anneali,1.0,1.0,uniform,all,0.0,hard,5,0.4915140271186828,0.4697572886943817,138,2026-03-19 11:58:50
7,curriculum,DLinear,ETTh1,336,2023,anneali,1.0,1.0,uniform,all,0.0,gradual,5,0.4915140271186828,0.4697572886943817,53,2026-03-19 11:58:57
7,curriculum,DLinear,ETTm1,96,2021,anneal,1.0,1.0,uniform,all,0.0,hard,5,0.5039446949958801,0.4645052254199981,171,2026-03-19 12:01:01
7,curriculum,DLinear,ETTm1,96,2022,anneal,1.0,1.0,uniform,all,0.0,hard,5,0.501378059387207,0.4633745551109314,182,2026-03-19 12:02:19
7,curriculum,DLinear,ETTm1,96,2023,anneal,1.0,1.0,uniform,all,0.0,hard,5,0.5056647062301636,0.4655724465847015,174,2026-03-19 12:03:09
7,curriculum,DLinear,ETTm1,96,2021,anneali,1.0,1.0,uniform,all,0.0,hard,5,0.3459462523460388,0.3737089335918426,94,2026-03-19 12:09:34
7,curriculum,DLinear,ETTm1,96,2021,anneal,1.0,1.0,uniform,all,0.0,gradual,5,0.3459462523460388,0.3737089335918426,557,2026-03-19 12:10:43
7,curriculum,DLinear,ETTm1,96,2023,anneal,1.0,1.0,uniform,all,0.0,gradual,5,0.4868139922618866,0.4652283787727356,442,2026-03-19 12:10:58
7,curriculum,DLinear,ETTm1,96,2022,anneal,1.0,1.0,uniform,all,0.0,gradual,5,0.3467980027198791,0.3723046779632568,500,2026-03-19 12:11:05
7,curriculum,DLinear,ETTm1,96,2022,anneali,1.0,1.0,uniform,all,0.0,hard,5,0.3456372320652008,0.3720248639583587,131,2026-03-19 12:12:12
7,curriculum,DLinear,ETTm1,96,2021,anneali,1.0,1.0,uniform,all,0.0,gradual,5,0.3560554683208465,0.3792380392551422,75,2026-03-19 12:12:40
7,curriculum,DLinear,ETTm1,96,2022,anneali,1.0,1.0,uniform,all,0.0,gradual,5,0.3550279438495636,0.3787143230438232,77,2026-03-19 12:12:49
7,curriculum,DLinear,ETTm1,96,2023,anneali,1.0,1.0,uniform,all,0.0,hard,5,0.345430850982666,0.3719607293605804,127,2026-03-19 12:13:17
7,curriculum,DLinear,ETTm1,96,2023,anneali,1.0,1.0,uniform,all,0.0,gradual,5,0.3561400473117828,0.3798334300518036,76,2026-03-19 12:13:54
7,curriculum,DLinear,ETTm1,336,2021,anneal,1.0,1.0,uniform,all,0.0,hard,5,0.5556774139404297,0.4969063997268677,259,2026-03-19 12:17:25
7,curriculum,DLinear,ETTm1,336,2022,anneal,1.0,1.0,uniform,all,0.0,hard,5,0.5563141703605652,0.4971099495887756,262,2026-03-19 12:17:37
7,curriculum,DLinear,ETTm1,336,2023,anneal,1.0,1.0,uniform,all,0.0,hard,5,0.5563210248947144,0.4971340894699096,253,2026-03-19 12:17:56
7,curriculum,DLinear,ETTm1,336,2021,anneali,1.0,1.0,uniform,all,0.0,hard,5,0.4152669012546539,0.4150264263153076,74,2026-03-19 12:19:18
7,curriculum,DLinear,ETTm1,336,2022,anneali,1.0,1.0,uniform,all,0.0,hard,5,0.4133463203907013,0.4130905270576477,114,2026-03-19 12:20:16
7,curriculum,DLinear,ETTm1,336,2023,anneali,1.0,1.0,uniform,all,0.0,hard,5,0.5465418696403503,0.4993795454502105,110,2026-03-19 12:21:34
7,curriculum,DLinear,ETTm1,336,2021,anneali,1.0,1.0,uniform,all,0.0,gradual,5,0.4195170700550079,0.4158928692340851,97,2026-03-19 12:22:19
7,curriculum,DLinear,ETTm1,336,2022,anneali,1.0,1.0,uniform,all,0.0,gradual,5,0.4198194146156311,0.4175428450107574,100,2026-03-19 12:23:41
7,curriculum,DLinear,ETTm1,336,2023,anneali,1.0,1.0,uniform,all,0.0,gradual,5,0.4199199974536896,0.4170350134372711,101,2026-03-19 12:24:16
7,curriculum,DLinear,ETTm1,336,2021,anneal,1.0,1.0,uniform,all,0.0,gradual,5,0.4195170700550079,0.4158928692340851,635,2026-03-19 12:24:56
7,curriculum,DLinear,ETTm1,336,2023,anneal,1.0,1.0,uniform,all,0.0,gradual,5,0.4199199974536896,0.4170350134372711,555,2026-03-19 12:27:17
7,curriculum,DLinear,Weather,96,2021,anneal,1.0,1.0,uniform,all,0.0,hard,5,0.2295768707990646,0.3126643598079681,321,2026-03-19 12:28:06
7,curriculum,DLinear,Weather,96,2022,anneal,1.0,1.0,uniform,all,0.0,hard,5,0.2050291746854782,0.2888550758361816,367,2026-03-19 12:30:15
7,curriculum,DLinear,Weather,96,2023,anneal,1.0,1.0,uniform,all,0.0,hard,5,0.2060119062662124,0.2909565269947052,358,2026-03-19 12:30:40
7,curriculum,DLinear,ETTm1,336,2022,anneal,1.0,1.0,uniform,all,0.0,gradual,5,0.5385503172874451,0.4950424134731293,925,2026-03-19 12:33:16
7,curriculum,DLinear,Weather,96,2022,anneali,1.0,1.0,uniform,all,0.0,hard,5,0.196770429611206,0.2592284381389618,134,2026-03-19 12:33:20
7,curriculum,DLinear,Weather,96,2021,anneali,1.0,1.0,uniform,all,0.0,hard,5,0.1962200999259948,0.2561099231243133,193,2026-03-19 12:33:54
7,curriculum,DLinear,Weather,96,2023,anneali,1.0,1.0,uniform,all,0.0,hard,5,0.1964689493179321,0.2589033544063568,71,2026-03-19 12:34:54
7,curriculum,DLinear,Weather,96,2021,anneali,1.0,1.0,uniform,all,0.0,gradual,5,0.2027539312839508,0.2816187441349029,130,2026-03-19 12:35:56
7,curriculum,DLinear,Weather,96,2022,anneali,1.0,1.0,uniform,all,0.0,gradual,5,0.1961046010255813,0.2563124895095825,124,2026-03-19 12:36:25
7,curriculum,DLinear,Weather,96,2023,anneali,1.0,1.0,uniform,all,0.0,gradual,5,0.196995124220848,0.2575280666351318,126,2026-03-19 12:37:26
7,curriculum,DLinear,Weather,336,2023,anneal,1.0,1.0,uniform,all,0.0,hard,5,0.3018486797809601,0.3607484400272369,477,2026-03-19 12:44:49
7,curriculum,DLinear,Weather,96,2021,anneal,1.0,1.0,uniform,all,0.0,gradual,5,0.2027539312839508,0.2816187441349029,1203,2026-03-19 12:45:26
7,curriculum,DLinear,Weather,336,2021,anneal,1.0,1.0,uniform,all,0.0,hard,5,0.3003924787044525,0.3657407164573669,615,2026-03-19 12:46:01
7,curriculum,DLinear,Weather,336,2022,anneal,1.0,1.0,uniform,all,0.0,hard,5,0.3008598387241363,0.3583182096481323,583,2026-03-19 12:46:05
7,curriculum,DLinear,Weather,96,2023,anneal,1.0,1.0,uniform,all,0.0,gradual,5,0.2028465121984481,0.2819314002990722,1129,2026-03-19 12:47:21
7,curriculum,DLinear,Weather,336,2021,anneali,1.0,1.0,uniform,all,0.0,hard,5,0.2817659378051758,0.3307311534881592,195,2026-03-19 12:48:30
7,curriculum,DLinear,Weather,336,2021,anneali,1.0,1.0,uniform,all,0.0,gradual,5,0.2817659378051758,0.3307311534881592,182,2026-03-19 12:49:33
7,curriculum,DLinear,Weather,96,2022,anneal,1.0,1.0,uniform,all,0.0,gradual,5,0.2015100419521331,0.2795340120792389,1311,2026-03-19 12:49:34
7,curriculum,DLinear,Weather,336,2023,anneali,1.0,1.0,uniform,all,0.0,hard,5,0.2810416519641876,0.3301320970058441,188,2026-03-19 12:49:36
7,curriculum,DLinear,Weather,336,2022,anneali,1.0,1.0,uniform,all,0.0,gradual,5,0.2820494771003723,0.3319349288940429,178,2026-03-19 12:50:45
7,curriculum,DLinear,Weather,336,2023,anneali,1.0,1.0,uniform,all,0.0,gradual,5,0.2841778993606567,0.3345290720462799,185,2026-03-19 12:51:55
7,curriculum,DLinear,Weather,336,2022,anneali,1.0,1.0,uniform,all,0.0,hard,5,0.2911404371261596,0.352037638425827,409,2026-03-19 12:52:42
7,curriculum,DLinear,Weather,336,2022,anneal,1.0,1.0,uniform,all,0.0,gradual,5,0.2911404371261596,0.352037638425827,1444,2026-03-19 13:07:35
7,curriculum,DLinear,Weather,336,2023,anneal,1.0,1.0,uniform,all,0.0,gradual,5,0.2934610843658447,0.3558674156665802,1451,2026-03-19 13:08:12
7,curriculum,DLinear,Weather,336,2021,anneal,1.0,1.0,uniform,all,0.0,gradual,5,0.2920340895652771,0.3534675240516662,2185,2026-03-19 13:14:17
7,curriculum,DLinear,Electricity,96,2021,anneali,1.0,1.0,uniform,all,0.0,hard,5,0.2206295132637024,0.3093184232711792,2240,2026-03-19 13:29:41
7,curriculum,DLinear,Electricity,96,2022,anneali,1.0,1.0,uniform,all,0.0,hard,5,0.2207538783550262,0.3097859025001526,2469,2026-03-19 13:34:18
7,curriculum,DLinear,Electricity,96,2021,anneali,1.0,1.0,uniform,all,0.0,gradual,5,0.2206295132637024,0.3093184232711792,1603,2026-03-19 13:35:22
7,curriculum,DLinear,Electricity,96,2021,anneal,1.0,1.0,uniform,all,0.0,hard,5,0.2206295132637024,0.3093184232711792,2982,2026-03-19 13:38:40
7,curriculum,DLinear,Electricity,96,2022,anneali,1.0,1.0,uniform,all,0.0,gradual,5,0.2204286009073257,0.3093093037605285,1553,2026-03-19 13:40:37
7,curriculum,DLinear,Electricity,96,2023,anneali,1.0,1.0,uniform,all,0.0,hard,5,0.2205906063318252,0.3095864951610565,2571,2026-03-19 13:50:53
7,curriculum,DLinear,Electricity,96,2023,anneali,1.0,1.0,uniform,all,0.0,gradual,5,0.2204080522060394,0.3093045651912689,1577,2026-03-19 13:56:25
7,curriculum,DLinear,Electricity,96,2022,anneal,1.0,1.0,uniform,all,0.0,hard,5,0.2498957514762878,0.343392014503479,4140,2026-03-19 13:59:00
7,curriculum,DLinear,Electricity,96,2023,anneal,1.0,1.0,uniform,all,0.0,hard,5,0.2204080522060394,0.3093045651912689,4192,2026-03-19 13:59:51
7,curriculum,DLinear,Electricity,336,2021,anneali,1.0,1.0,uniform,all,0.0,gradual,5,0.2324168533086776,0.3260585963726043,2731,2026-03-19 15:00:03
7,curriculum,DLinear,Electricity,336,2023,anneali,1.0,1.0,uniform,all,0.0,hard,5,0.2432276159524917,0.3386337757110595,4241,2026-03-19 15:10:59
7,curriculum,DLinear,Electricity,96,2021,anneal,1.0,1.0,uniform,all,0.0,gradual,5,0.2487906664609909,0.3422032296657562,8470,2026-03-19 15:11:10
7,curriculum,DLinear,Electricity,336,2022,anneali,1.0,1.0,uniform,all,0.0,hard,5,0.2324779033660888,0.3263255953788757,4328,2026-03-19 15:11:35
7,curriculum,DLinear,Electricity,336,2022,anneali,1.0,1.0,uniform,all,0.0,gradual,5,0.2324134260416031,0.3262462615966797,2842,2026-03-19 15:12:55
7,curriculum,SegRNN,ETTh1,96,2021,anneal,1.0,1.0,uniform,all,0.0,hard,5,0.5110476613044739,0.4748004376888275,135,2026-03-19 15:13:41
7,curriculum,SegRNN,ETTh1,96,2022,anneal,1.0,1.0,uniform,all,0.0,hard,5,0.5099554061889648,0.4752296805381775,140,2026-03-19 15:13:57
7,curriculum,SegRNN,ETTh1,96,2023,anneal,1.0,1.0,uniform,all,0.0,hard,5,0.510766863822937,0.4753885567188263,136,2026-03-19 15:14:18
7,curriculum,DLinear,Electricity,336,2021,anneali,1.0,1.0,uniform,all,0.0,hard,5,0.2324168533086776,0.3260585963726043,4725,2026-03-19 15:15:39
7,curriculum,SegRNN,ETTh1,96,2021,anneali,1.0,1.0,uniform,all,0.0,hard,5,0.4343500435352325,0.4371049702167511,83,2026-03-19 15:16:07
7,curriculum,SegRNN,ETTh1,96,2021,anneal,1.0,1.0,uniform,all,0.0,gradual,5,0.4333449006080627,0.4366360604763031,188,2026-03-19 15:16:31
7,curriculum,SegRNN,ETTh1,96,2022,anneal,1.0,1.0,uniform,all,0.0,gradual,5,0.3751285672187805,0.3998768925666809,168,2026-03-19 15:16:55
7,curriculum,SegRNN,ETTh1,96,2023,anneal,1.0,1.0,uniform,all,0.0,gradual,5,0.3749196529388428,0.3997296690940857,181,2026-03-19 15:17:24
7,curriculum,SegRNN,ETTh1,96,2022,anneali,1.0,1.0,uniform,all,0.0,hard,5,0.3751285672187805,0.3998768925666809,80,2026-03-19 15:17:26
7,curriculum,SegRNN,ETTh1,96,2021,anneali,1.0,1.0,uniform,all,0.0,gradual,5,0.3800335228443146,0.4033940434455871,49,2026-03-19 15:17:46
7,curriculum,SegRNN,ETTh1,96,2022,anneali,1.0,1.0,uniform,all,0.0,gradual,5,0.380545824766159,0.4033633768558502,51,2026-03-19 15:18:13
7,curriculum,SegRNN,ETTh1,96,2023,anneali,1.0,1.0,uniform,all,0.0,hard,5,0.3749196529388428,0.3997296690940857,100,2026-03-19 15:18:13
7,curriculum,SegRNN,ETTh1,96,2023,anneali,1.0,1.0,uniform,all,0.0,gradual,5,0.379922479391098,0.403215229511261,54,2026-03-19 15:18:45
7,curriculum,SegRNN,ETTh1,336,2021,anneal,1.0,1.0,uniform,all,0.0,hard,5,0.5606163740158081,0.5054931044578552,205,2026-03-19 15:21:17
7,curriculum,SegRNN,ETTh1,336,2022,anneal,1.0,1.0,uniform,all,0.0,hard,5,0.5622910261154175,0.5067223906517029,205,2026-03-19 15:21:37
7,curriculum,SegRNN,ETTh1,336,2023,anneal,1.0,1.0,uniform,all,0.0,hard,5,0.5622522234916687,0.5064001083374023,218,2026-03-19 15:22:17
7,curriculum,SegRNN,ETTh1,336,2021,anneali,1.0,1.0,uniform,all,0.0,hard,5,0.4563104808330536,0.4436960518360138,74,2026-03-19 15:23:19
7,curriculum,SegRNN,ETTh1,336,2021,anneal,1.0,1.0,uniform,all,0.0,gradual,5,0.5028555989265442,0.4750084280967712,295,2026-03-19 15:23:36
7,curriculum,SegRNN,ETTh1,336,2022,anneal,1.0,1.0,uniform,all,0.0,gradual,5,0.5028854608535767,0.4748958647251129,305,2026-03-19 15:24:16
7,curriculum,SegRNN,ETTh1,336,2022,anneali,1.0,1.0,uniform,all,0.0,hard,5,0.5028854608535767,0.4748958647251129,112,2026-03-19 15:24:35
7,curriculum,SegRNN,ETTh1,336,2021,anneali,1.0,1.0,uniform,all,0.0,gradual,5,0.4660918116569519,0.4497213363647461,55,2026-03-19 15:24:57
7,curriculum,SegRNN,ETTh1,336,2022,anneali,1.0,1.0,uniform,all,0.0,gradual,5,0.4624041020870209,0.4476391673088074,57,2026-03-19 15:25:39
7,curriculum,SegRNN,ETTh1,336,2023,anneali,1.0,1.0,uniform,all,0.0,hard,5,0.5030665397644043,0.4745887815952301,139,2026-03-19 15:26:04
7,curriculum,SegRNN,ETTh1,336,2023,anneali,1.0,1.0,uniform,all,0.0,gradual,5,0.5030665397644043,0.4745887815952301,63,2026-03-19 15:26:04
7,curriculum,SegRNN,ETTh1,336,2023,anneal,1.0,1.0,uniform,all,0.0,gradual,5,0.5030665397644043,0.4745887815952301,297,2026-03-19 15:26:41
7,curriculum,SegRNN,ETTm1,96,2021,anneal,1.0,1.0,uniform,all,0.0,hard,5,0.5061450004577637,0.4626333713531494,180,2026-03-19 15:28:23
7,curriculum,SegRNN,ETTm1,96,2022,anneal,1.0,1.0,uniform,all,0.0,hard,5,0.4888031184673309,0.4539397060871124,185,2026-03-19 15:29:10
7,curriculum,SegRNN,ETTm1,96,2023,anneal,1.0,1.0,uniform,all,0.0,hard,5,0.4896320402622223,0.4545148313045501,182,2026-03-19 15:29:32
7,curriculum,SegRNN,ETTm1,96,2022,anneali,1.0,1.0,uniform,all,0.0,hard,5,0.3776968419551849,0.4041135907173157,105,2026-03-19 15:31:44
7,curriculum,SegRNN,ETTm1,96,2021,anneali,1.0,1.0,uniform,all,0.0,hard,5,0.3742952942848205,0.4002846479415893,142,2026-03-19 15:31:58
7,curriculum,SegRNN,ETTm1,96,2021,anneal,1.0,1.0,uniform,all,0.0,gradual,5,0.3425535857677459,0.3805600702762604,467,2026-03-19 15:34:17
7,curriculum,SegRNN,ETTm1,96,2023,anneali,1.0,1.0,uniform,all,0.0,hard,5,0.3777550160884857,0.4033623039722442,149,2026-03-19 15:34:39
7,curriculum,SegRNN,ETTm1,96,2021,anneali,1.0,1.0,uniform,all,0.0,gradual,5,0.3406343460083008,0.3792819082736969,143,2026-03-19 15:34:48
7,curriculum,SegRNN,ETTm1,96,2022,anneal,1.0,1.0,uniform,all,0.0,gradual,5,0.3390356600284576,0.3783812522888183,564,2026-03-19 15:36:32
7,curriculum,SegRNN,ETTm1,96,2022,anneali,1.0,1.0,uniform,all,0.0,gradual,5,0.3390356600284576,0.3783812522888183,125,2026-03-19 15:36:49
7,curriculum,SegRNN,ETTm1,96,2023,anneali,1.0,1.0,uniform,all,0.0,gradual,5,0.375682383775711,0.4029567241668701,120,2026-03-19 15:37:06
7,curriculum,SegRNN,ETTm1,96,2023,anneal,1.0,1.0,uniform,all,0.0,gradual,5,0.3743976652622223,0.4017578363418579,619,2026-03-19 15:39:08
7,curriculum,SegRNN,ETTm1,336,2021,anneal,1.0,1.0,uniform,all,0.0,hard,5,0.5892483592033386,0.5050696730613708,274,2026-03-19 15:39:48
7,curriculum,SegRNN,ETTm1,336,2022,anneal,1.0,1.0,uniform,all,0.0,hard,5,0.577629029750824,0.5005539059638977,267,2026-03-19 15:41:26
7,curriculum,SegRNN,ETTm1,336,2023,anneal,1.0,1.0,uniform,all,0.0,hard,5,0.5922237038612366,0.5076494216918945,254,2026-03-19 15:41:29
7,curriculum,DLinear,Electricity,336,2023,anneali,1.0,1.0,uniform,all,0.0,gradual,5,0.2324235588312149,0.3262088298797607,2648,2026-03-19 15:44:38
7,curriculum,SegRNN,ETTm1,336,2021,anneali,1.0,1.0,uniform,all,0.0,hard,5,0.4395031929016113,0.4342938959598541,185,2026-03-19 15:44:57
7,curriculum,SegRNN,ETTm1,336,2022,anneali,1.0,1.0,uniform,all,0.0,hard,5,0.4492464363574981,0.4420715868473053,196,2026-03-19 15:45:11
7,curriculum,SegRNN,ETTm1,336,2021,anneali,1.0,1.0,uniform,all,0.0,gradual,5,0.4096332788467407,0.4210115671157837,101,2026-03-19 15:47:05
7,curriculum,SegRNN,ETTm1,336,2023,anneali,1.0,1.0,uniform,all,0.0,hard,5,0.4400936961174011,0.4359980821609497,159,2026-03-19 15:47:45
7,curriculum,SegRNN,ETTm1,336,2022,anneali,1.0,1.0,uniform,all,0.0,gradual,5,0.443400114774704,0.4393673539161682,135,2026-03-19 15:47:52
7,curriculum,DLinear,Electricity,336,2021,anneal,1.0,1.0,uniform,all,0.0,hard,5,0.2586809992790222,0.3562449514865875,8104,2026-03-19 15:49:50
7,curriculum,SegRNN,ETTm1,336,2023,anneali,1.0,1.0,uniform,all,0.0,gradual,5,0.40835040807724,0.4168227016925812,139,2026-03-19 15:49:50
7,curriculum,DLinear,Electricity,336,2022,anneal,1.0,1.0,uniform,all,0.0,hard,5,0.3295026421546936,0.4253431558609009,8096,2026-03-19 15:50:46
7,curriculum,SegRNN,Weather,96,2021,anneal,1.0,1.0,uniform,all,0.0,hard,5,0.2231211066246032,0.2975357174873352,248,2026-03-19 15:52:19
7,curriculum,DLinear,Electricity,336,2023,anneal,1.0,1.0,uniform,all,0.0,hard,5,0.2324235588312149,0.3262088298797607,8019,2026-03-19 15:52:46
7,curriculum,SegRNN,Weather,96,2022,anneal,1.0,1.0,uniform,all,0.0,hard,5,0.2190820872783661,0.286752849817276,271,2026-03-19 15:52:49
7,curriculum,SegRNN,ETTm1,336,2021,anneal,1.0,1.0,uniform,all,0.0,gradual,5,0.4359578788280487,0.4341059029102325,933,2026-03-19 15:53:05
7,curriculum,SegRNN,Weather,96,2023,anneal,1.0,1.0,uniform,all,0.0,hard,5,0.1649038195610046,0.2271228581666946,278,2026-03-19 15:54:56
7,curriculum,SegRNN,Weather,96,2021,anneali,1.0,1.0,uniform,all,0.0,hard,5,0.1660626828670501,0.2292659282684326,256,2026-03-19 15:56:20
7,curriculum,SegRNN,ETTm1,336,2022,anneal,1.0,1.0,uniform,all,0.0,gradual,5,0.4362622797489166,0.4338870346546173,1007,2026-03-19 15:56:22
7,curriculum,SegRNN,Weather,96,2022,anneali,1.0,1.0,uniform,all,0.0,hard,5,0.1651610881090164,0.2277358919382095,250,2026-03-19 15:56:55
7,curriculum,SegRNN,Weather,96,2023,anneali,1.0,1.0,uniform,all,0.0,hard,5,0.1653912812471389,0.2274061888456344,255,2026-03-19 15:57:28
7,curriculum,SegRNN,ETTm1,336,2023,anneal,1.0,1.0,uniform,all,0.0,gradual,5,0.4371731579303741,0.4348384439945221,1043,2026-03-19 15:57:38
7,curriculum,SegRNN,Weather,96,2021,anneali,1.0,1.0,uniform,all,0.0,gradual,5,0.1652575433254242,0.2276608347892761,281,2026-03-19 15:57:56
7,curriculum,SegRNN,Weather,96,2022,anneali,1.0,1.0,uniform,all,0.0,gradual,5,0.1645462960004806,0.2263297289609909,279,2026-03-19 15:58:11
7,curriculum,SegRNN,Weather,96,2023,anneali,1.0,1.0,uniform,all,0.0,gradual,5,0.1651278734207153,0.2273725122213363,288,2026-03-19 16:00:11
7,curriculum,SegRNN,Weather,336,2021,anneal,1.0,1.0,uniform,all,0.0,hard,5,0.2731543481349945,0.3189953565597534,462,2026-03-19 16:04:29
7,curriculum,SegRNN,Weather,336,2022,anneal,1.0,1.0,uniform,all,0.0,hard,5,0.2721279561519623,0.3187421560287475,466,2026-03-19 16:04:34
7,curriculum,SegRNN,Weather,336,2023,anneal,1.0,1.0,uniform,all,0.0,hard,5,0.3104309737682342,0.3540864586830139,471,2026-03-19 16:05:11
7,curriculum,SegRNN,Weather,336,2021,anneali,1.0,1.0,uniform,all,0.0,hard,5,0.2886779904365539,0.3348295092582702,427,2026-03-19 16:05:45
7,curriculum,SegRNN,Weather,336,2022,anneali,1.0,1.0,uniform,all,0.0,hard,5,0.2739513516426086,0.3200055658817291,399,2026-03-19 16:07:17
7,curriculum,SegRNN,Weather,336,2023,anneali,1.0,1.0,uniform,all,0.0,hard,5,0.281122475862503,0.3282063603401184,438,2026-03-19 16:12:13
7,curriculum,SegRNN,Weather,336,2021,anneali,1.0,1.0,uniform,all,0.0,gradual,5,0.2693843841552734,0.3150330185890198,476,2026-03-19 16:12:56
7,curriculum,SegRNN,Weather,336,2022,anneali,1.0,1.0,uniform,all,0.0,gradual,5,0.280705064535141,0.3267623782157898,463,2026-03-19 16:13:20
7,curriculum,SegRNN,Weather,336,2023,anneali,1.0,1.0,uniform,all,0.0,gradual,5,0.2692165970802307,0.3146482408046722,470,2026-03-19 16:14:01
7,curriculum,SegRNN,Weather,96,2022,anneal,1.0,1.0,uniform,all,0.0,gradual,5,0.1756892055273056,0.2396877706050872,1757,2026-03-19 16:19:50
7,curriculum,SegRNN,Weather,96,2021,anneal,1.0,1.0,uniform,all,0.0,gradual,5,0.1764751821756363,0.2405859231948852,1777,2026-03-19 16:19:53
7,curriculum,SegRNN,Weather,96,2023,anneal,1.0,1.0,uniform,all,0.0,gradual,5,0.1770267486572265,0.2417683601379394,1740,2026-03-19 16:20:13
7,curriculum,SegRNN,Weather,336,2021,anneal,1.0,1.0,uniform,all,0.0,gradual,5,0.2785277962684631,0.3240711987018585,3092,2026-03-19 16:49:27
7,curriculum,SegRNN,Weather,336,2023,anneal,1.0,1.0,uniform,all,0.0,gradual,5,0.2791575789451599,0.3254859149456024,3191,2026-03-19 16:51:33
7,curriculum,SegRNN,Weather,336,2022,anneal,1.0,1.0,uniform,all,0.0,gradual,5,0.2782934308052063,0.3239805400371551,3232,2026-03-19 16:51:56
7,curriculum,SegRNN,Electricity,96,2021,anneali,1.0,1.0,uniform,all,0.0,hard,5,0.201250359416008,0.2887897491455078,2379,2026-03-19 16:59:59
7,curriculum,SegRNN,Electricity,96,2022,anneali,1.0,1.0,uniform,all,0.0,hard,5,0.2007963210344314,0.2885679006576538,2730,2026-03-19 17:06:10
7,curriculum,SegRNN,Electricity,96,2023,anneali,1.0,1.0,uniform,all,0.0,gradual,5,0.1999152898788452,0.2881287634372711,1395,2026-03-19 17:15:39
7,curriculum,SegRNN,Electricity,96,2021,anneali,1.0,1.0,uniform,all,0.0,gradual,5,0.1995081007480621,0.2875335812568664,1551,2026-03-19 17:15:46
7,curriculum,SegRNN,Electricity,96,2022,anneali,1.0,1.0,uniform,all,0.0,gradual,5,0.2652203142642975,0.3555378019809723,1573,2026-03-19 17:18:18
7,curriculum,SegRNN,Electricity,96,2022,anneal,1.0,1.0,uniform,all,0.0,hard,5,0.2604544758796692,0.3512258529663086,3981,2026-03-19 17:19:01
7,curriculum,SegRNN,Electricity,96,2021,anneal,1.0,1.0,uniform,all,0.0,hard,5,0.2592195868492126,0.3497763574123382,4428,2026-03-19 17:21:33
7,curriculum,SegRNN,Electricity,96,2023,anneal,1.0,1.0,uniform,all,0.0,hard,5,0.2585440278053283,0.3492385745048523,4189,2026-03-19 17:23:12
7,curriculum,SegRNN,Electricity,96,2023,anneali,1.0,1.0,uniform,all,0.0,hard,5,0.2585440278053283,0.3492385745048523,2820,2026-03-19 17:28:35
7,curriculum,SegRNN,Electricity,336,2021,anneali,1.0,1.0,uniform,all,0.0,gradual,5,0.4240787923336029,0.4969860017299652,2854,2026-03-19 18:11:14
7,curriculum,SegRNN,Electricity,336,2022,anneali,1.0,1.0,uniform,all,0.0,gradual,5,0.2289774864912033,0.3142468333244324,2827,2026-03-19 18:16:09
7,curriculum,TimesNet,ETTh1,96,2021,anneal,1.0,1.0,uniform,all,0.0,hard,5,0.6884866952896118,0.5491681098937988,484,2026-03-19 18:24:40
7,curriculum,TimesNet,ETTh1,96,2022,anneal,1.0,1.0,uniform,all,0.0,hard,5,0.6721476316452026,0.5422396063804626,477,2026-03-19 18:33:03
7,curriculum,SegRNN,Electricity,336,2021,anneali,1.0,1.0,uniform,all,0.0,hard,5,0.4218965768814087,0.4937264025211334,4873,2026-03-19 18:39:58
7,curriculum,SegRNN,Electricity,336,2022,anneali,1.0,1.0,uniform,all,0.0,hard,5,0.4217220544815063,0.4942574501037597,4842,2026-03-19 18:40:10
7,curriculum,TimesNet,ETTh1,96,2023,anneal,1.0,1.0,uniform,all,0.0,hard,5,0.6794771552085876,0.5457018613815308,494,2026-03-19 18:41:44
7,curriculum,SegRNN,Electricity,336,2023,anneali,1.0,1.0,uniform,all,0.0,hard,5,0.4244089126586914,0.4989581406116485,5023,2026-03-19 18:45:44
7,curriculum,TimesNet,ETTh1,96,2021,anneali,1.0,1.0,uniform,all,0.0,hard,5,0.4391294717788696,0.4411231875419616,229,2026-03-19 18:50:01
7,curriculum,TimesNet,ETTh1,96,2021,anneal,1.0,1.0,uniform,all,0.0,gradual,5,0.4391294717788696,0.4411231875419616,684,2026-03-19 18:51:49
7,curriculum,TimesNet,ETTh1,96,2022,anneal,1.0,1.0,uniform,all,0.0,gradual,5,0.427567183971405,0.4281531870365143,681,2026-03-19 18:51:58
7,curriculum,TimesNet,ETTh1,96,2023,anneal,1.0,1.0,uniform,all,0.0,gradual,5,0.4569628536701202,0.4529367387294769,697,2026-03-19 18:53:48
7,curriculum,TimesNet,ETTh1,96,2022,anneali,1.0,1.0,uniform,all,0.0,hard,5,0.4057194292545318,0.4212289452552795,220,2026-03-19 18:54:08
7,curriculum,TimesNet,ETTh1,96,2023,anneali,1.0,1.0,uniform,all,0.0,hard,5,0.4290415644645691,0.4315652847290039,219,2026-03-19 18:55:55
7,curriculum,SegRNN,Electricity,336,2023,anneali,1.0,1.0,uniform,all,0.0,gradual,5,0.2285066545009613,0.3138638436794281,2757,2026-03-19 18:57:38
7,curriculum,TimesNet,ETTh1,96,2021,anneali,1.0,1.0,uniform,all,0.0,gradual,5,0.4085631966590881,0.4192135035991668,427,2026-03-19 18:59:31
7,curriculum,TimesNet,ETTh1,96,2023,anneali,1.0,1.0,uniform,all,0.0,gradual,5,0.4102420210838318,0.4201392829418182,383,2026-03-19 19:00:58
7,curriculum,TimesNet,ETTh1,96,2022,anneali,1.0,1.0,uniform,all,0.0,gradual,5,0.4202951490879059,0.4268546998500824,430,2026-03-19 19:01:25
7,curriculum,SegRNN,Electricity,336,2021,anneal,1.0,1.0,uniform,all,0.0,hard,5,0.2855552434921264,0.3716663122177124,7809,2026-03-19 19:03:32
7,curriculum,TimesNet,ETTh1,336,2021,anneal,1.0,1.0,uniform,all,0.0,hard,5,0.6835795640945435,0.5645571947097778,541,2026-03-19 19:05:21
7,curriculum,SegRNN,Electricity,336,2022,anneal,1.0,1.0,uniform,all,0.0,hard,5,0.2857458591461181,0.371900737285614,7895,2026-03-19 19:06:39
7,curriculum,TimesNet,ETTh1,336,2023,anneal,1.0,1.0,uniform,all,0.0,hard,5,0.7243943810462952,0.5760263800621033,419,2026-03-19 19:06:56
7,curriculum,SegRNN,Electricity,336,2023,anneal,1.0,1.0,uniform,all,0.0,hard,5,0.2857680320739746,0.3719342648983001,7863,2026-03-19 19:11:30
7,curriculum,TimesNet,ETTh1,336,2022,anneali,1.0,1.0,uniform,all,0.0,hard,5,0.5271125435829163,0.4884923100471496,331,2026-03-19 19:12:37
7,curriculum,TimesNet,ETTh1,336,2021,anneali,1.0,1.0,uniform,all,0.0,hard,5,0.5284601449966431,0.4872518181800842,442,2026-03-19 19:13:10
7,curriculum,TimesNet,ETTh1,336,2023,anneali,1.0,1.0,uniform,all,0.0,hard,5,0.5022771954536438,0.4716988205909729,376,2026-03-19 19:13:38
7,curriculum,TimesNet,ETTh1,336,2022,anneal,1.0,1.0,uniform,all,0.0,hard,5,0.5271125435829163,0.4884923100471496,950,2026-03-19 19:13:55
7,curriculum,TimesNet,ETTh1,336,2021,anneali,1.0,1.0,uniform,all,0.0,gradual,5,0.524408757686615,0.4842425584793091,332,2026-03-19 19:17:29
7,curriculum,TimesNet,ETTh1,336,2023,anneali,1.0,1.0,uniform,all,0.0,gradual,5,0.4987961053848266,0.4700210392475128,308,2026-03-19 19:18:44
7,curriculum,TimesNet,ETTh1,336,2021,anneal,1.0,1.0,uniform,all,0.0,gradual,5,0.524408757686615,0.4842425584793091,1077,2026-03-19 19:19:22
7,curriculum,TimesNet,ETTh1,336,2023,anneal,1.0,1.0,uniform,all,0.0,gradual,5,0.4997550845146179,0.4705119132995605,1001,2026-03-19 19:20:41
7,curriculum,TimesNet,ETTh1,336,2022,anneali,1.0,1.0,uniform,all,0.0,gradual,5,0.5164862275123596,0.4806719720363617,494,2026-03-19 19:21:17
7,curriculum,TimesNet,ETTh1,336,2022,anneal,1.0,1.0,uniform,all,0.0,gradual,5,0.5164862275123596,0.4806719720363617,1438,2026-03-19 19:25:49
7,curriculum,TimesNet,ETTm1,96,2021,anneali,1.0,1.0,uniform,all,0.0,hard,5,0.3365636467933655,0.3754898309707641,719,2026-03-19 19:31:48
7,curriculum,TimesNet,ETTm1,96,2022,anneal,1.0,1.0,uniform,all,0.0,hard,5,0.4006697535514831,0.4152603149414062,1157,2026-03-19 19:33:29
7,curriculum,TimesNet,ETTm1,96,2023,anneali,1.0,1.0,uniform,all,0.0,hard,5,0.4066110551357269,0.4162317514419555,732,2026-03-19 19:33:55
7,curriculum,TimesNet,ETTm1,96,2021,anneal,1.0,1.0,uniform,all,0.0,hard,5,0.3902590870857239,0.4079001247882843,1194,2026-03-19 19:33:59
7,curriculum,TimesNet,ETTm1,96,2022,anneali,1.0,1.0,uniform,all,0.0,hard,5,0.3394758105278015,0.3776734471321106,823,2026-03-19 19:34:27
7,curriculum,TimesNet,ETTm1,96,2021,anneali,1.0,1.0,uniform,all,0.0,gradual,5,0.3902590870857239,0.4079001247882843,725,2026-03-19 19:34:28
7,curriculum,TimesNet,ETTm1,96,2023,anneal,1.0,1.0,uniform,all,0.0,hard,5,0.4026767611503601,0.4139549434185028,1230,2026-03-19 19:34:51
7,curriculum,TimesNet,ETTm1,96,2022,anneali,1.0,1.0,uniform,all,0.0,gradual,5,0.3351054489612579,0.3737346827983856,883,2026-03-19 19:40:59
7,curriculum,TimesNet,ETTm1,336,2023,anneal,1.0,1.0,uniform,all,0.0,hard,5,0.7224312424659729,0.5621860027313232,529,2026-03-19 19:43:14
7,curriculum,TimesNet,ETTm1,336,2022,anneal,1.0,1.0,uniform,all,0.0,hard,5,0.7243636846542358,0.5656378269195557,581,2026-03-19 19:44:02
7,curriculum,TimesNet,ETTm1,96,2023,anneali,1.0,1.0,uniform,all,0.0,gradual,5,0.3520140349864959,0.3844321668148041,766,2026-03-19 19:45:01
7,curriculum,TimesNet,ETTm1,96,2022,anneal,1.0,1.0,uniform,all,0.0,gradual,5,0.3351054489612579,0.3737346827983856,2007,2026-03-19 19:51:23
7,curriculum,TimesNet,ETTm1,96,2021,anneal,1.0,1.0,uniform,all,0.0,gradual,5,0.3346857130527496,0.3739263713359833,2654,2026-03-19 19:59:28
7,curriculum,TimesNet,ETTm1,336,2021,anneali,1.0,1.0,uniform,all,0.0,hard,5,0.4189949333667755,0.4183048605918884,1087,2026-03-19 19:59:33
7,curriculum,TimesNet,ETTm1,336,2023,anneali,1.0,1.0,uniform,all,0.0,hard,5,0.4180716872215271,0.4181902110576629,1047,2026-03-19 20:01:55
7,curriculum,TimesNet,ETTm1,96,2023,anneal,1.0,1.0,uniform,all,0.0,gradual,5,0.3504709601402282,0.3836142122745514,2713,2026-03-19 20:04:24
7,curriculum,TimesNet,ETTm1,336,2021,anneali,1.0,1.0,uniform,all,0.0,gradual,5,0.4857441782951355,0.4594697654247284,1180,2026-03-19 20:05:08
7,curriculum,TimesNet,ETTm1,336,2021,anneal,1.0,1.0,uniform,all,0.0,hard,5,0.4815160930156708,0.457245796918869,1876,2026-03-19 20:05:11
7,curriculum,TimesNet,Weather,96,2021,anneal,1.0,1.0,uniform,all,0.0,hard,5,0.2165811210870742,0.2727685272693634,339,2026-03-19 20:05:38
7,curriculum,TimesNet,Weather,96,2022,anneal,1.0,1.0,uniform,all,0.0,hard,5,0.2199182659387588,0.2750810384750366,402,2026-03-19 20:09:03
7,curriculum,TimesNet,ETTm1,336,2022,anneali,1.0,1.0,uniform,all,0.0,hard,5,0.4174047410488128,0.4195030927658081,1528,2026-03-19 20:09:08
7,curriculum,TimesNet,ETTm1,336,2022,anneali,1.0,1.0,uniform,all,0.0,gradual,5,0.4174047410488128,0.4195030927658081,1328,2026-03-19 20:13:58
7,curriculum,TimesNet,ETTm1,336,2023,anneali,1.0,1.0,uniform,all,0.0,gradual,5,0.4032817780971527,0.4118266105651855,1130,2026-03-19 20:18:45
7,curriculum,TimesNet,Weather,96,2021,anneali,1.0,1.0,uniform,all,0.0,hard,5,0.1698346883058548,0.2205641269683838,713,2026-03-19 20:19:08
7,curriculum,TimesNet,ETTm1,336,2023,anneal,1.0,1.0,uniform,all,0.0,gradual,5,0.4032817780971527,0.4118266105651855,2777,2026-03-19 20:21:34
7,curriculum,TimesNet,Weather,96,2023,anneali,1.0,1.0,uniform,all,0.0,hard,5,0.1922962814569473,0.2403196841478347,728,2026-03-19 20:21:42
7,curriculum,TimesNet,ETTm1,336,2021,anneal,1.0,1.0,uniform,all,0.0,gradual,5,0.4815160930156708,0.457245796918869,2829,2026-03-19 20:22:02
7,curriculum,TimesNet,ETTm1,336,2022,anneal,1.0,1.0,uniform,all,0.0,gradual,5,0.4174047410488128,0.4195030927658081,2831,2026-03-19 20:22:06
7,curriculum,TimesNet,Weather,96,2022,anneali,1.0,1.0,uniform,all,0.0,hard,5,0.1750183403491974,0.2230241894721985,864,2026-03-19 20:23:53
7,curriculum,TimesNet,Weather,96,2023,anneal,1.0,1.0,uniform,all,0.0,hard,5,0.1918002218008041,0.2399038672447204,1363,2026-03-19 20:27:34
7,curriculum,TimesNet,Weather,336,2022,anneal,1.0,1.0,uniform,all,0.0,hard,5,0.3124402165412903,0.3353302478790283,569,2026-03-19 20:29:03
7,curriculum,TimesNet,Weather,96,2023,anneali,1.0,1.0,uniform,all,0.0,gradual,5,0.1918002218008041,0.2399038672447204,963,2026-03-19 20:32:50
7,curriculum,TimesNet,Weather,96,2022,anneali,1.0,1.0,uniform,all,0.0,gradual,5,0.1702984273433685,0.2170708775520324,1103,2026-03-19 20:35:10
7,curriculum,TimesNet,Weather,96,2022,anneal,1.0,1.0,uniform,all,0.0,gradual,5,0.1702984273433685,0.2170708775520324,1820,2026-03-19 20:35:58
7,curriculum,TimesNet,Weather,96,2021,anneali,1.0,1.0,uniform,all,0.0,gradual,5,0.1641135662794113,0.2128339111804962,1294,2026-03-19 20:35:58
7,curriculum,TimesNet,Weather,336,2021,anneali,1.0,1.0,uniform,all,0.0,hard,5,0.2908239364624023,0.3118119537830353,1402,2026-03-19 20:47:41
7,curriculum,TimesNet,Weather,336,2023,anneali,1.0,1.0,uniform,all,0.0,hard,5,0.2902478277683258,0.3104566633701324,1162,2026-03-19 20:48:51
7,curriculum,TimesNet,Weather,336,2022,anneali,1.0,1.0,uniform,all,0.0,hard,5,0.2835759222507477,0.3079047501087188,1358,2026-03-19 20:50:39
7,curriculum,TimesNet,Weather,96,2021,anneal,1.0,1.0,uniform,all,0.0,gradual,5,0.1652603149414062,0.2164201885461807,2739,2026-03-19 20:51:14
7,curriculum,TimesNet,Weather,96,2023,anneal,1.0,1.0,uniform,all,0.0,gradual,5,0.1685535311698913,0.2193594425916671,2725,2026-03-19 20:51:29
7,curriculum,TimesNet,Weather,336,2021,anneal,1.0,1.0,uniform,all,0.0,hard,5,0.2897952198982239,0.3109540939331054,2080,2026-03-19 20:53:52
7,curriculum,TimesNet,Weather,336,2022,anneali,1.0,1.0,uniform,all,0.0,gradual,5,0.2835759222507477,0.3079047501087188,1159,2026-03-19 20:54:57
7,curriculum,TimesNet,Weather,336,2023,anneali,1.0,1.0,uniform,all,0.0,gradual,5,0.2902478277683258,0.3104566633701324,1240,2026-03-19 20:57:04
7,curriculum,TimesNet,Weather,336,2023,anneal,1.0,1.0,uniform,all,0.0,hard,5,0.2898060381412506,0.3102266490459442,2169,2026-03-19 20:58:09
7,curriculum,TimesNet,Weather,336,2021,anneali,1.0,1.0,uniform,all,0.0,gradual,5,0.2897952198982239,0.3109540939331054,1515,2026-03-19 20:58:31
7,curriculum,TimesNet,Weather,336,2021,anneal,1.0,1.0,uniform,all,0.0,gradual,5,0.2897952198982239,0.3109540939331054,2599,2026-03-19 21:05:28
7,curriculum,TimesNet,Weather,336,2022,anneal,1.0,1.0,uniform,all,0.0,gradual,5,0.2835759222507477,0.3079047501087188,3143,2026-03-19 21:14:51
7,curriculum,TimesNet,Electricity,96,2021,anneali,1.0,1.0,uniform,all,0.0,gradual,5,0.2120594382286071,0.3123643398284912,1680,2026-03-19 21:26:36
7,curriculum,TimesNet,Electricity,96,2022,anneali,1.0,1.0,uniform,all,0.0,gradual,5,0.2315534353256225,0.3253624141216278,1699,2026-03-19 21:27:16
7,curriculum,TimesNet,Weather,336,2023,anneal,1.0,1.0,uniform,all,0.0,gradual,5,0.2803072929382324,0.3048482239246368,4182,2026-03-19 21:32:15
7,curriculum,TimesNet,Electricity,96,2023,anneali,1.0,1.0,uniform,all,0.0,gradual,5,0.2535564601421356,0.3360690772533417,1636,2026-03-19 21:33:10
7,curriculum,TimesNet,Electricity,96,2023,anneal,1.0,1.0,uniform,all,0.0,hard,5,0.2535564601421356,0.3360690772533417,3210,2026-03-19 21:42:48
7,curriculum,TimesNet,Electricity,96,2023,anneali,1.0,1.0,uniform,all,0.0,hard,5,0.2535564601421356,0.3360690772533417,2727,2026-03-19 21:42:58
7,curriculum,TimesNet,Electricity,96,2021,anneal,1.0,1.0,uniform,all,0.0,hard,5,0.281902551651001,0.3659101724624634,4004,2026-03-19 21:43:08
7,curriculum,TimesNet,Electricity,96,2021,anneali,1.0,1.0,uniform,all,0.0,hard,5,0.281902551651001,0.3659101724624634,3024,2026-03-19 21:44:43
7,curriculum,TimesNet,Electricity,96,2022,anneali,1.0,1.0,uniform,all,0.0,hard,5,0.2653153240680694,0.3473968505859375,3102,2026-03-19 21:47:06
7,curriculum,TimesNet,Electricity,96,2022,anneal,1.0,1.0,uniform,all,0.0,hard,5,0.8437483906745911,0.759854793548584,4337,2026-03-19 22:00:25
7,curriculum,TimesNet,Electricity,336,2021,anneali,1.0,1.0,uniform,all,0.0,gradual,5,0.86185222864151,0.765354335308075,2436,2026-03-19 22:28:09
7,curriculum,TimesNet,Electricity,336,2022,anneali,1.0,1.0,uniform,all,0.0,gradual,5,0.2674801051616668,0.3503099679946899,2440,2026-03-19 22:41:31
7,curriculum,iTransformer,ETTh1,96,2021,anneal,1.0,1.0,uniform,all,0.0,hard,5,0.468662828207016,0.4540283381938934,156,2026-03-19 22:44:34
7,curriculum,iTransformer,ETTh1,96,2022,anneal,1.0,1.0,uniform,all,0.0,hard,5,0.4625560939311981,0.4510829448699951,160,2026-03-19 22:47:39
7,curriculum,TimesNet,Electricity,336,2022,anneali,1.0,1.0,uniform,all,0.0,hard,5,0.3048909306526184,0.3860225975513458,3847,2026-03-19 22:47:41
7,curriculum,iTransformer,ETTh1,96,2023,anneal,1.0,1.0,uniform,all,0.0,hard,5,0.4596715569496155,0.4498445093631744,153,2026-03-19 22:50:38
7,curriculum,iTransformer,ETTh1,96,2021,anneal,1.0,1.0,uniform,all,0.0,gradual,5,0.4001422524452209,0.4104950726032257,180,2026-03-19 22:51:08
7,curriculum,iTransformer,ETTh1,96,2022,anneal,1.0,1.0,uniform,all,0.0,gradual,5,0.4020482897758484,0.4095736443996429,190,2026-03-19 22:54:14
7,curriculum,iTransformer,ETTh1,96,2023,anneal,1.0,1.0,uniform,all,0.0,gradual,5,0.4023047387599945,0.4102436900138855,192,2026-03-19 22:54:46
7,curriculum,iTransformer,ETTh1,96,2021,anneali,1.0,1.0,uniform,all,0.0,hard,5,0.3894663453102112,0.4058949053287506,49,2026-03-19 22:55:30
7,curriculum,iTransformer,ETTh1,96,2022,anneali,1.0,1.0,uniform,all,0.0,hard,5,0.4038490653038025,0.4185653328895569,58,2026-03-19 22:56:10
7,curriculum,iTransformer,ETTh1,96,2023,anneali,1.0,1.0,uniform,all,0.0,hard,5,0.3939167857170105,0.4113653600215912,54,2026-03-19 22:56:50
7,curriculum,iTransformer,ETTh1,96,2021,anneali,1.0,1.0,uniform,all,0.0,gradual,5,0.3999973833560943,0.4163629114627838,70,2026-03-19 22:57:46
7,curriculum,iTransformer,ETTh1,96,2022,anneali,1.0,1.0,uniform,all,0.0,gradual,5,0.3965053260326385,0.4123758375644684,85,2026-03-19 22:58:41
7,curriculum,iTransformer,ETTh1,96,2023,anneali,1.0,1.0,uniform,all,0.0,gradual,5,0.3967716693878174,0.4140213429927826,75,2026-03-19 22:59:27
7,curriculum,iTransformer,ETTh1,336,2021,anneal,1.0,1.0,uniform,all,0.0,hard,5,0.5714735388755798,0.5084380507469177,241,2026-03-19 23:03:08
7,curriculum,iTransformer,ETTh1,336,2022,anneal,1.0,1.0,uniform,all,0.0,hard,5,0.5751425623893738,0.510373592376709,230,2026-03-19 23:03:43
7,curriculum,TimesNet,Electricity,336,2021,anneali,1.0,1.0,uniform,all,0.0,hard,5,0.8617479801177979,0.7648087739944458,4865,2026-03-19 23:04:29
7,curriculum,iTransformer,ETTh1,336,2023,anneal,1.0,1.0,uniform,all,0.0,hard,5,0.6255735754966736,0.5346084237098694,211,2026-03-19 23:07:05
7,curriculum,TimesNet,Electricity,336,2023,anneali,1.0,1.0,uniform,all,0.0,hard,5,0.8618805408477783,0.7647798657417297,5027,2026-03-19 23:08:56
7,curriculum,iTransformer,ETTh1,336,2021,anneal,1.0,1.0,uniform,all,0.0,gradual,5,0.4988109469413757,0.4627180695533752,310,2026-03-19 23:09:19
7,curriculum,iTransformer,ETTh1,336,2022,anneal,1.0,1.0,uniform,all,0.0,gradual,5,0.501063346862793,0.4647742807865143,291,2026-03-19 23:09:46
7,curriculum,iTransformer,ETTh1,336,2021,anneali,1.0,1.0,uniform,all,0.0,hard,5,0.4852111935615539,0.4603084027767181,52,2026-03-19 23:10:15
7,curriculum,iTransformer,ETTh1,336,2022,anneali,1.0,1.0,uniform,all,0.0,hard,5,0.4828492701053619,0.456989586353302,50,2026-03-19 23:10:35
7,curriculum,iTransformer,ETTh1,336,2023,anneali,1.0,1.0,uniform,all,0.0,hard,5,0.4986766278743744,0.4632565379142761,57,2026-03-19 23:11:10
7,curriculum,iTransformer,ETTh1,336,2021,anneali,1.0,1.0,uniform,all,0.0,gradual,5,0.4852111935615539,0.4603084027767181,53,2026-03-19 23:11:35
7,curriculum,iTransformer,ETTh1,336,2022,anneali,1.0,1.0,uniform,all,0.0,gradual,5,0.4828492701053619,0.456989586353302,54,2026-03-19 23:11:55
7,curriculum,iTransformer,ETTh1,336,2023,anneal,1.0,1.0,uniform,all,0.0,gradual,5,0.5072982907295227,0.4744362235069275,300,2026-03-19 23:12:30
7,curriculum,iTransformer,ETTh1,336,2023,anneali,1.0,1.0,uniform,all,0.0,gradual,5,0.5072982907295227,0.4744362235069275,55,2026-03-19 23:12:31
7,curriculum,iTransformer,ETTm1,96,2023,anneal,1.0,1.0,uniform,all,0.0,hard,5,0.5860487818717957,0.4921587705612182,151,2026-03-19 23:15:27
7,curriculum,iTransformer,ETTm1,96,2021,anneal,1.0,1.0,uniform,all,0.0,hard,5,0.3549228310585022,0.37745001912117,248,2026-03-19 23:16:09
7,curriculum,iTransformer,ETTm1,96,2022,anneal,1.0,1.0,uniform,all,0.0,hard,5,0.349605530500412,0.3741854429244995,248,2026-03-19 23:16:29
7,curriculum,iTransformer,ETTm1,96,2021,anneali,1.0,1.0,uniform,all,0.0,hard,5,0.3353095352649688,0.3689663708209991,136,2026-03-19 23:19:12
7,curriculum,TimesNet,Electricity,336,2023,anneali,1.0,1.0,uniform,all,0.0,gradual,5,0.2691100239753723,0.3510641455650329,3107,2026-03-19 23:20:23
7,curriculum,iTransformer,ETTm1,96,2021,anneal,1.0,1.0,uniform,all,0.0,gradual,5,0.3353095352649688,0.3689663708209991,517,2026-03-19 23:21:34
7,curriculum,iTransformer,ETTm1,96,2022,anneali,1.0,1.0,uniform,all,0.0,hard,5,0.3338234722614288,0.3703986704349518,139,2026-03-19 23:21:57
7,curriculum,iTransformer,ETTm1,96,2023,anneali,1.0,1.0,uniform,all,0.0,hard,5,0.3424121439456939,0.376886785030365,127,2026-03-19 23:22:58
7,curriculum,iTransformer,ETTm1,96,2021,anneali,1.0,1.0,uniform,all,0.0,gradual,5,0.3466173112392425,0.379941463470459,170,2026-03-19 23:24:50
7,curriculum,iTransformer,ETTm1,96,2022,anneali,1.0,1.0,uniform,all,0.0,gradual,5,0.3475826978683471,0.3777158856391907,191,2026-03-19 23:25:34
7,curriculum,iTransformer,ETTm1,96,2022,anneal,1.0,1.0,uniform,all,0.0,gradual,5,0.3475826978683471,0.3777158856391907,616,2026-03-19 23:26:09
7,curriculum,iTransformer,ETTm1,96,2023,anneali,1.0,1.0,uniform,all,0.0,gradual,5,0.3485763967037201,0.3800630867481231,165,2026-03-19 23:26:09
7,curriculum,iTransformer,ETTm1,96,2023,anneal,1.0,1.0,uniform,all,0.0,gradual,5,0.3351572751998901,0.3697243630886078,638,2026-03-19 23:27:14
7,curriculum,iTransformer,ETTm1,336,2021,anneal,1.0,1.0,uniform,all,0.0,hard,5,0.4290500581264496,0.4200579226016998,313,2026-03-19 23:30:29
7,curriculum,iTransformer,ETTm1,336,2022,anneal,1.0,1.0,uniform,all,0.0,hard,5,0.4269856512546539,0.4194954037666321,336,2026-03-19 23:31:35
7,curriculum,iTransformer,ETTm1,336,2023,anneal,1.0,1.0,uniform,all,0.0,hard,5,0.4300269186496734,0.4211178421974182,329,2026-03-19 23:32:05
7,curriculum,TimesNet,Electricity,336,2021,anneal,1.0,1.0,uniform,all,0.0,hard,5,0.8607555031776428,0.7643754482269287,8264,2026-03-19 23:33:02
7,curriculum,iTransformer,ETTm1,336,2021,anneali,1.0,1.0,uniform,all,0.0,hard,5,0.4173414409160614,0.417840301990509,148,2026-03-19 23:34:29
7,curriculum,iTransformer,ETTm1,336,2022,anneali,1.0,1.0,uniform,all,0.0,hard,5,0.418327122926712,0.418482095003128,146,2026-03-19 23:34:57
7,curriculum,iTransformer,ETTm1,336,2023,anneali,1.0,1.0,uniform,all,0.0,hard,5,0.4224878251552582,0.4226710796356201,182,2026-03-19 23:36:31
7,curriculum,iTransformer,ETTm1,336,2022,anneali,1.0,1.0,uniform,all,0.0,gradual,5,0.4237510561943054,0.4218924641609192,179,2026-03-19 23:38:22
7,curriculum,iTransformer,ETTm1,336,2021,anneali,1.0,1.0,uniform,all,0.0,gradual,5,0.4616361558437347,0.4409108161926269,243,2026-03-19 23:38:58
7,curriculum,iTransformer,ETTm1,336,2023,anneali,1.0,1.0,uniform,all,0.0,gradual,5,0.4526998698711395,0.4376982450485229,239,2026-03-19 23:40:57
7,curriculum,iTransformer,ETTm1,336,2021,anneal,1.0,1.0,uniform,all,0.0,gradual,5,0.4616361558437347,0.4409108161926269,975,2026-03-19 23:42:51
7,curriculum,iTransformer,ETTm1,336,2022,anneal,1.0,1.0,uniform,all,0.0,gradual,5,0.4237510561943054,0.4218924641609192,944,2026-03-19 23:43:25
7,curriculum,iTransformer,Weather,96,2022,anneal,1.0,1.0,uniform,all,0.0,hard,5,0.203700304031372,0.2568419277667999,257,2026-03-19 23:43:41
7,curriculum,iTransformer,Weather,96,2021,anneal,1.0,1.0,uniform,all,0.0,hard,5,0.1872845441102981,0.2306834459304809,436,2026-03-19 23:46:04
7,curriculum,iTransformer,ETTm1,336,2023,anneal,1.0,1.0,uniform,all,0.0,gradual,5,0.4267652928829193,0.4254624247550964,982,2026-03-19 23:47:18
7,curriculum,TimesNet,Electricity,336,2023,anneal,1.0,1.0,uniform,all,0.0,hard,5,0.860363245010376,0.7642065286636353,8448,2026-03-19 23:48:30
7,curriculum,iTransformer,Weather,96,2023,anneal,1.0,1.0,uniform,all,0.0,hard,5,0.187725082039833,0.2299720793962478,438,2026-03-19 23:48:42
7,curriculum,iTransformer,Weather,96,2021,anneali,1.0,1.0,uniform,all,0.0,hard,5,0.1750331819057464,0.2168777734041214,307,2026-03-19 23:51:38
7,curriculum,iTransformer,Weather,96,2022,anneali,1.0,1.0,uniform,all,0.0,hard,5,0.1721269488334655,0.212142527103424,245,2026-03-19 23:51:50
7,curriculum,TimesNet,Electricity,336,2022,anneal,1.0,1.0,uniform,all,0.0,hard,5,0.860833466053009,0.7644567489624023,8691,2026-03-19 23:51:53
7,curriculum,iTransformer,Weather,96,2023,anneali,1.0,1.0,uniform,all,0.0,hard,5,0.1754293739795684,0.2173279672861099,202,2026-03-19 23:52:20
7,curriculum,iTransformer,Weather,96,2021,anneali,1.0,1.0,uniform,all,0.0,gradual,5,0.1708577126264572,0.2101348936557769,266,2026-03-19 23:53:35
7,curriculum,iTransformer,Weather,96,2023,anneali,1.0,1.0,uniform,all,0.0,gradual,5,0.1742929816246032,0.2157971560955047,173,2026-03-19 23:54:57
7,curriculum,iTransformer,Weather,96,2022,anneali,1.0,1.0,uniform,all,0.0,gradual,5,0.1767228841781616,0.2170763909816742,260,2026-03-19 23:56:14
7,curriculum,iTransformer,Weather,336,2021,anneali,1.0,1.0,uniform,all,0.0,hard,5,0.278403490781784,0.2968287169933319,158,2026-03-19 23:58:01
7,curriculum,iTransformer,Weather,336,2022,anneal,1.0,1.0,uniform,all,0.0,hard,5,0.27871835231781,0.298541396856308,454,2026-03-19 23:59:54
7,curriculum,iTransformer,Weather,336,2021,anneal,1.0,1.0,uniform,all,0.0,hard,5,0.2857621908187866,0.3038349747657776,512,2026-03-20 00:00:48
7,curriculum,iTransformer,Weather,336,2022,anneali,1.0,1.0,uniform,all,0.0,hard,5,0.287688672542572,0.3056228458881378,266,2026-03-20 00:01:06
7,curriculum,iTransformer,Weather,336,2023,anneal,1.0,1.0,uniform,all,0.0,hard,5,0.2818190455436706,0.2997058629989624,565,2026-03-20 00:01:47
7,curriculum,iTransformer,Weather,96,2021,anneal,1.0,1.0,uniform,all,0.0,gradual,5,0.172759398818016,0.2151505202054977,1200,2026-03-20 00:03:18
7,curriculum,iTransformer,Weather,96,2023,anneal,1.0,1.0,uniform,all,0.0,gradual,5,0.1732673048973083,0.2155836820602417,1186,2026-03-20 00:03:53
7,curriculum,iTransformer,Weather,336,2021,anneali,1.0,1.0,uniform,all,0.0,gradual,5,0.2797329127788543,0.2978313863277435,247,2026-03-20 00:04:28
7,curriculum,iTransformer,Weather,336,2023,anneali,1.0,1.0,uniform,all,0.0,hard,5,0.2808898687362671,0.2993254661560058,367,2026-03-20 00:04:34
7,curriculum,iTransformer,Weather,96,2022,anneal,1.0,1.0,uniform,all,0.0,gradual,5,0.1767228841781616,0.2170763909816742,1257,2026-03-20 00:04:49
7,curriculum,iTransformer,Weather,336,2022,anneali,1.0,1.0,uniform,all,0.0,gradual,5,0.2804065644741058,0.2984355092048645,297,2026-03-20 00:06:12
7,curriculum,iTransformer,Weather,336,2023,anneali,1.0,1.0,uniform,all,0.0,gradual,5,0.2790518403053283,0.2977305054664612,362,2026-03-20 00:07:35
7,curriculum,iTransformer,Weather,336,2022,anneal,1.0,1.0,uniform,all,0.0,gradual,5,0.2794172763824463,0.2982019484043121,2111,2026-03-20 00:27:57
7,curriculum,iTransformer,Weather,336,2021,anneal,1.0,1.0,uniform,all,0.0,gradual,5,0.2808494567871094,0.2992372214794159,2528,2026-03-20 00:34:30
7,curriculum,iTransformer,Weather,336,2023,anneal,1.0,1.0,uniform,all,0.0,gradual,5,0.2785777151584625,0.2983728647232055,3109,2026-03-20 00:45:51
7,curriculum,iTransformer,Electricity,96,2021,anneali,1.0,1.0,uniform,all,0.0,hard,5,0.1635327488183975,0.2551166713237762,2601,2026-03-20 00:50:00
7,curriculum,iTransformer,Electricity,96,2022,anneali,1.0,1.0,uniform,all,0.0,hard,5,0.1632556319236755,0.2546154260635376,2633,2026-03-20 00:51:55
7,curriculum,iTransformer,Electricity,96,2021,anneali,1.0,1.0,uniform,all,0.0,gradual,5,0.16293665766716,0.2542589902877807,1679,2026-03-20 01:01:24
7,curriculum,iTransformer,Electricity,96,2022,anneali,1.0,1.0,uniform,all,0.0,gradual,5,0.1627831757068634,0.2541614472866058,1622,2026-03-20 01:01:27
7,curriculum,iTransformer,Electricity,96,2023,anneali,1.0,1.0,uniform,all,0.0,gradual,5,0.1768307536840438,0.2674037218093872,1647,2026-03-20 01:02:24
7,curriculum,iTransformer,Electricity,96,2021,anneal,1.0,1.0,uniform,all,0.0,hard,5,0.2135812640190124,0.304646372795105,4050,2026-03-20 01:09:44
7,curriculum,iTransformer,Electricity,96,2023,anneali,1.0,1.0,uniform,all,0.0,hard,5,0.1768307536840438,0.2674037218093872,2687,2026-03-20 01:13:11
7,curriculum,iTransformer,Electricity,96,2022,anneal,1.0,1.0,uniform,all,0.0,hard,5,0.2143918424844741,0.3054922819137573,4401,2026-03-20 01:17:06
7,curriculum,iTransformer,Electricity,96,2023,anneal,1.0,1.0,uniform,all,0.0,hard,5,0.2138861715793609,0.3047970831394195,4389,2026-03-20 01:17:28
7,curriculum,iTransformer,Electricity,336,2022,anneali,1.0,1.0,uniform,all,0.0,gradual,5,0.4912041127681732,0.5321499705314636,2837,2026-03-20 02:05:12
7,curriculum,iTransformer,Electricity,336,2021,anneali,1.0,1.0,uniform,all,0.0,gradual,5,0.1931798607110977,0.2836451828479767,2877,2026-03-20 02:05:31
7,curriculum,PatchTST,ETTh1,96,2021,anneal,1.0,1.0,uniform,all,0.0,hard,5,0.4875112175941467,0.4670882821083069,152,2026-03-20 02:08:30
7,curriculum,PatchTST,ETTh1,96,2022,anneal,1.0,1.0,uniform,all,0.0,hard,5,0.4971611499786377,0.4723814725875854,146,2026-03-20 02:11:22
7,curriculum,PatchTST,ETTh1,96,2023,anneal,1.0,1.0,uniform,all,0.0,hard,5,0.5801935791969299,0.5114667415618896,134,2026-03-20 02:14:04
7,curriculum,PatchTST,ETTh1,96,2021,anneal,1.0,1.0,uniform,all,0.0,gradual,5,0.4472794830799103,0.4456209242343902,193,2026-03-20 02:17:43
7,curriculum,PatchTST,ETTh1,96,2022,anneal,1.0,1.0,uniform,all,0.0,gradual,5,0.4572866261005401,0.4503635764122009,163,2026-03-20 02:22:16
7,curriculum,PatchTST,ETTh1,96,2023,anneal,1.0,1.0,uniform,all,0.0,gradual,5,0.4560515582561493,0.4509446918964386,195,2026-03-20 02:25:58
7,curriculum,iTransformer,Electricity,336,2021,anneali,1.0,1.0,uniform,all,0.0,hard,5,0.1931798607110977,0.2836451828479767,5098,2026-03-20 02:27:50
7,curriculum,PatchTST,ETTh1,96,2021,anneali,1.0,1.0,uniform,all,0.0,hard,5,0.389239102602005,0.4027965366840362,113,2026-03-20 02:28:18
7,curriculum,PatchTST,ETTh1,96,2022,anneali,1.0,1.0,uniform,all,0.0,hard,5,0.3906092643737793,0.4034201800823211,94,2026-03-20 02:29:50
7,curriculum,PatchTST,ETTh1,96,2023,anneali,1.0,1.0,uniform,all,0.0,hard,5,0.3902309834957123,0.4031388461589813,113,2026-03-20 02:30:36
7,curriculum,PatchTST,ETTh1,96,2021,anneali,1.0,1.0,uniform,all,0.0,gradual,5,0.4011515974998474,0.4105690717697143,53,2026-03-20 02:31:09
7,curriculum,PatchTST,ETTh1,96,2022,anneali,1.0,1.0,uniform,all,0.0,gradual,5,0.3972369432449341,0.409370094537735,80,2026-03-20 02:32:22
7,curriculum,PatchTST,ETTh1,96,2023,anneali,1.0,1.0,uniform,all,0.0,gradual,5,0.3991904258728027,0.41065114736557,80,2026-03-20 02:32:55
7,curriculum,iTransformer,Electricity,336,2023,anneali,1.0,1.0,uniform,all,0.0,hard,5,0.1931972950696945,0.2832011580467224,4905,2026-03-20 02:35:23
7,curriculum,PatchTST,ETTh1,336,2021,anneal,1.0,1.0,uniform,all,0.0,hard,5,0.5641453862190247,0.5093544125556946,233,2026-03-20 02:36:41
7,curriculum,iTransformer,Electricity,336,2022,anneali,1.0,1.0,uniform,all,0.0,hard,5,0.4880358278751373,0.5311960577964783,5205,2026-03-20 02:36:56
7,curriculum,PatchTST,ETTh1,336,2022,anneal,1.0,1.0,uniform,all,0.0,hard,5,0.5714298486709595,0.5126459002494812,218,2026-03-20 02:36:59
7,curriculum,PatchTST,ETTh1,336,2023,anneal,1.0,1.0,uniform,all,0.0,hard,5,0.63033527135849,0.5448601841926575,173,2026-03-20 02:38:42
7,curriculum,PatchTST,ETTh1,336,2021,anneal,1.0,1.0,uniform,all,0.0,gradual,5,0.468846321105957,0.4503454267978668,219,2026-03-20 02:40:46
7,curriculum,PatchTST,ETTh1,336,2021,anneali,1.0,1.0,uniform,all,0.0,hard,5,0.468846321105957,0.4503454267978668,161,2026-03-20 02:41:49
7,curriculum,PatchTST,ETTh1,336,2022,anneal,1.0,1.0,uniform,all,0.0,gradual,5,0.4677836000919342,0.4506076872348785,296,2026-03-20 02:42:18
7,curriculum,PatchTST,ETTh1,336,2023,anneal,1.0,1.0,uniform,all,0.0,gradual,5,0.5358954071998596,0.4971852302551269,294,2026-03-20 02:42:19
7,curriculum,PatchTST,ETTh1,336,2022,anneali,1.0,1.0,uniform,all,0.0,hard,5,0.4796268343925476,0.4576326906681061,155,2026-03-20 02:43:49
7,curriculum,PatchTST,ETTh1,336,2021,anneali,1.0,1.0,uniform,all,0.0,gradual,5,0.4797791242599487,0.4573984146118164,76,2026-03-20 02:44:00
7,curriculum,PatchTST,ETTh1,336,2022,anneali,1.0,1.0,uniform,all,0.0,gradual,5,0.4793185293674469,0.4575506448745727,80,2026-03-20 02:44:05
7,curriculum,PatchTST,ETTh1,336,2023,anneali,1.0,1.0,uniform,all,0.0,hard,5,0.5006383061408997,0.4722155034542084,164,2026-03-20 02:44:59
7,curriculum,PatchTST,ETTh1,336,2023,anneali,1.0,1.0,uniform,all,0.0,gradual,5,0.4827180206775665,0.4592347145080566,77,2026-03-20 02:45:32
7,curriculum,PatchTST,ETTm1,96,2023,anneal,1.0,1.0,uniform,all,0.0,hard,5,0.6167250275611877,0.5145450234413147,155,2026-03-20 02:48:00
7,curriculum,PatchTST,ETTm1,96,2021,anneal,1.0,1.0,uniform,all,0.0,hard,5,0.3864707052707672,0.3908566534519195,227,2026-03-20 02:48:13
7,curriculum,PatchTST,ETTm1,96,2022,anneal,1.0,1.0,uniform,all,0.0,hard,5,0.3893773853778839,0.3918703198432922,232,2026-03-20 02:48:22
7,curriculum,PatchTST,ETTm1,96,2021,anneali,1.0,1.0,uniform,all,0.0,hard,5,0.3362404406070709,0.3719919919967651,190,2026-03-20 02:52:00
7,curriculum,iTransformer,Electricity,336,2023,anneali,1.0,1.0,uniform,all,0.0,gradual,5,0.1924776434898376,0.2824564576148987,2904,2026-03-20 02:54:02
7,curriculum,PatchTST,ETTm1,96,2022,anneali,1.0,1.0,uniform,all,0.0,hard,5,0.3389851450920105,0.3746688365936279,125,2026-03-20 02:54:31
7,curriculum,iTransformer,Electricity,336,2023,anneal,1.0,1.0,uniform,all,0.0,hard,5,0.2492614984512329,0.3407509624958038,7480,2026-03-20 02:55:09
7,curriculum,iTransformer,Electricity,336,2021,anneal,1.0,1.0,uniform,all,0.0,hard,5,0.2495420575141906,0.3411113917827606,7891,2026-03-20 02:55:27
7,curriculum,PatchTST,ETTm1,96,2021,anneal,1.0,1.0,uniform,all,0.0,gradual,5,0.3974297642707824,0.4149101972579956,582,2026-03-20 02:55:41
7,curriculum,PatchTST,ETTm1,96,2023,anneali,1.0,1.0,uniform,all,0.0,hard,5,0.348099797964096,0.3786046504974365,167,2026-03-20 02:57:16
7,curriculum,PatchTST,ETTm1,96,2023,anneali,1.0,1.0,uniform,all,0.0,gradual,5,0.348099797964096,0.3786046504974365,112,2026-03-20 02:57:45
7,curriculum,PatchTST,ETTm1,96,2021,anneali,1.0,1.0,uniform,all,0.0,gradual,5,0.3556117117404938,0.3867904245853424,185,2026-03-20 02:58:02
7,curriculum,PatchTST,ETTm1,96,2022,anneal,1.0,1.0,uniform,all,0.0,gradual,5,0.3985853195190429,0.4119862616062164,615,2026-03-20 02:58:41
7,curriculum,PatchTST,ETTm1,96,2023,anneal,1.0,1.0,uniform,all,0.0,gradual,5,0.4011298418045044,0.4151976406574249,614,2026-03-20 02:58:53
7,curriculum,PatchTST,ETTm1,96,2022,anneali,1.0,1.0,uniform,all,0.0,gradual,5,0.3985853195190429,0.4119862616062164,225,2026-03-20 02:59:20
7,curriculum,PatchTST,ETTm1,336,2021,anneal,1.0,1.0,uniform,all,0.0,hard,5,0.4491284489631653,0.4263391196727752,315,2026-03-20 03:01:22
7,curriculum,iTransformer,Electricity,336,2022,anneal,1.0,1.0,uniform,all,0.0,hard,5,0.2486525923013687,0.3402653634548187,8124,2026-03-20 03:01:43
7,curriculum,PatchTST,ETTm1,336,2021,anneali,1.0,1.0,uniform,all,0.0,hard,5,0.5182427167892456,0.4788699150085449,169,2026-03-20 03:02:35
7,curriculum,PatchTST,ETTm1,336,2022,anneal,1.0,1.0,uniform,all,0.0,hard,5,0.4528827965259552,0.4277300536632538,304,2026-03-20 03:02:46
7,curriculum,PatchTST,ETTm1,336,2023,anneal,1.0,1.0,uniform,all,0.0,hard,5,0.4488790035247803,0.4258809685707092,325,2026-03-20 03:03:36
7,curriculum,PatchTST,ETTm1,336,2022,anneali,1.0,1.0,uniform,all,0.0,gradual,5,0.4190586507320404,0.4173551499843597,119,2026-03-20 03:05:11
7,curriculum,PatchTST,ETTm1,336,2022,anneali,1.0,1.0,uniform,all,0.0,hard,5,0.4675065279006958,0.4475571513175964,253,2026-03-20 03:06:01
7,curriculum,PatchTST,ETTm1,336,2023,anneali,1.0,1.0,uniform,all,0.0,hard,5,0.4740658700466156,0.4496806859970093,239,2026-03-20 03:06:09
7,curriculum,PatchTST,ETTm1,336,2021,anneali,1.0,1.0,uniform,all,0.0,gradual,5,0.4279013574123382,0.4281468987464905,198,2026-03-20 03:06:19
7,curriculum,PatchTST,ETTm1,336,2023,anneali,1.0,1.0,uniform,all,0.0,gradual,5,0.4254465401172638,0.4214981198310852,201,2026-03-20 03:07:24
7,curriculum,PatchTST,Weather,96,2023,anneal,1.0,1.0,uniform,all,0.0,hard,5,0.2044025063514709,0.2605698406696319,256,2026-03-20 03:09:54
7,curriculum,PatchTST,Weather,96,2021,anneali,1.0,1.0,uniform,all,0.0,hard,5,0.189655065536499,0.2420913726091385,257,2026-03-20 03:11:02
7,curriculum,PatchTST,Weather,96,2022,anneal,1.0,1.0,uniform,all,0.0,hard,5,0.1910654604434967,0.2315946072340011,429,2026-03-20 03:12:38
7,curriculum,PatchTST,Weather,96,2021,anneal,1.0,1.0,uniform,all,0.0,hard,5,0.1913118511438369,0.2312288731336593,430,2026-03-20 03:12:39
7,curriculum,PatchTST,Weather,96,2022,anneali,1.0,1.0,uniform,all,0.0,hard,5,0.1910654604434967,0.2315946072340011,318,2026-03-20 03:13:08
7,curriculum,PatchTST,Weather,96,2023,anneali,1.0,1.0,uniform,all,0.0,hard,5,0.1958594769239425,0.2374208718538284,256,2026-03-20 03:14:36
7,curriculum,PatchTST,ETTm1,336,2021,anneal,1.0,1.0,uniform,all,0.0,gradual,5,0.4681025445461273,0.4477038979530334,1027,2026-03-20 03:15:35
7,curriculum,PatchTST,Weather,96,2021,anneali,1.0,1.0,uniform,all,0.0,gradual,5,0.1814247816801071,0.227430984377861,311,2026-03-20 03:16:40
7,curriculum,PatchTST,ETTm1,336,2022,anneal,1.0,1.0,uniform,all,0.0,gradual,5,0.4631265699863434,0.4430287182331085,1070,2026-03-20 03:16:57
7,curriculum,PatchTST,ETTm1,336,2023,anneal,1.0,1.0,uniform,all,0.0,gradual,5,0.4708248078823089,0.4496094286441803,1077,2026-03-20 03:17:16
7,curriculum,PatchTST,Weather,96,2022,anneali,1.0,1.0,uniform,all,0.0,gradual,5,0.1885463446378708,0.2394676804542541,278,2026-03-20 03:17:43
7,curriculum,PatchTST,Weather,96,2023,anneali,1.0,1.0,uniform,all,0.0,gradual,5,0.183537408709526,0.2296545356512069,300,2026-03-20 03:18:06
7,curriculum,PatchTST,Weather,336,2021,anneal,1.0,1.0,uniform,all,0.0,hard,5,0.2886029481887817,0.3044584393501282,668,2026-03-20 03:24:43
7,curriculum,PatchTST,Weather,336,2022,anneal,1.0,1.0,uniform,all,0.0,hard,5,0.3066144585609436,0.3309642076492309,591,2026-03-20 03:24:53
7,curriculum,PatchTST,Weather,96,2021,anneal,1.0,1.0,uniform,all,0.0,gradual,5,0.1873408406972885,0.237758383154869,1788,2026-03-20 03:35:47
7,curriculum,PatchTST,Weather,96,2023,anneal,1.0,1.0,uniform,all,0.0,gradual,5,0.1876651644706726,0.2381972968578338,1764,2026-03-20 03:35:59
7,curriculum,PatchTST,Weather,96,2022,anneal,1.0,1.0,uniform,all,0.0,gradual,5,0.1884451359510421,0.2390024811029434,1772,2026-03-20 03:35:59
7,curriculum,PatchTST,Weather,336,2023,anneali,1.0,1.0,uniform,all,0.0,gradual,5,0.3081313669681549,0.3327449262142181,290,2026-03-20 07:15:25
7,curriculum,PatchTST,Weather,336,2022,anneali,1.0,1.0,uniform,all,0.0,hard,5,0.2844538986682892,0.3053732216358185,323,2026-03-20 07:15:58
7,curriculum,PatchTST,Weather,336,2021,anneali,1.0,1.0,uniform,all,0.0,gradual,5,0.2844743430614471,0.3056178390979767,379,2026-03-20 07:16:54
7,curriculum,PatchTST,Weather,336,2023,anneali,1.0,1.0,uniform,all,0.0,hard,5,0.3067657649517059,0.3306397795677185,437,2026-03-20 07:17:52
7,curriculum,PatchTST,Weather,336,2022,anneali,1.0,1.0,uniform,all,0.0,gradual,5,0.2952636480331421,0.3180145025253296,471,2026-03-20 07:18:26
7,curriculum,PatchTST,Weather,336,2021,anneali,1.0,1.0,uniform,all,0.0,hard,5,0.2844743430614471,0.3056178390979767,474,2026-03-20 07:18:28
7,curriculum,PatchTST,Weather,336,2023,anneal,1.0,1.0,uniform,all,0.0,hard,5,0.2889004945755005,0.305022120475769,633,2026-03-20 07:21:08
7,curriculum,PatchTST,Electricity,96,2021,anneali,1.0,1.0,uniform,all,0.0,gradual,5,0.4107266068458557,0.4823390543460846,1594,2026-03-20 07:45:29
7,curriculum,PatchTST,Electricity,96,2022,anneali,1.0,1.0,uniform,all,0.0,gradual,5,0.2216372191905975,0.3209103643894195,1570,2026-03-20 07:47:45
7,curriculum,PatchTST,Weather,336,2022,anneal,1.0,1.0,uniform,all,0.0,gradual,5,0.2931045889854431,0.3154885768890381,3095,2026-03-20 08:02:10
7,curriculum,PatchTST,Weather,336,2023,anneal,1.0,1.0,uniform,all,0.0,gradual,5,0.2922139763832092,0.3149174153804779,3115,2026-03-20 08:02:30
7,curriculum,PatchTST,Electricity,96,2023,anneali,1.0,1.0,uniform,all,0.0,hard,5,0.2209639996290207,0.3194154500961303,2621,2026-03-20 08:02:34
7,curriculum,PatchTST,Weather,336,2021,anneal,1.0,1.0,uniform,all,0.0,gradual,5,0.2919928133487701,0.3150269091129303,3173,2026-03-20 08:03:28
7,curriculum,PatchTST,Electricity,96,2021,anneali,1.0,1.0,uniform,all,0.0,hard,5,0.2565781772136688,0.3448726832866668,2840,2026-03-20 08:04:40
7,curriculum,PatchTST,Electricity,96,2023,anneali,1.0,1.0,uniform,all,0.0,gradual,5,0.2209639996290207,0.3194154500961303,1335,2026-03-20 08:08:11
7,curriculum,PatchTST,Electricity,96,2022,anneali,1.0,1.0,uniform,all,0.0,hard,5,0.252302348613739,0.3376157283782959,3151,2026-03-20 08:10:50
7,curriculum,PatchTST,Electricity,96,2022,anneal,1.0,1.0,uniform,all,0.0,hard,5,0.2509576380252838,0.3394261002540588,4079,2026-03-20 08:18:33
7,curriculum,PatchTST,Electricity,96,2021,anneal,1.0,1.0,uniform,all,0.0,hard,5,0.2486632168292999,0.3363259732723236,4263,2026-03-20 08:21:38
7,curriculum,PatchTST,Electricity,96,2023,anneal,1.0,1.0,uniform,all,0.0,hard,5,0.2532717287540436,0.344356894493103,4451,2026-03-20 08:24:46
7,curriculum,PatchTST,Electricity,336,2022,anneali,1.0,1.0,uniform,all,0.0,gradual,5,0.2413993328809738,0.3399935960769653,1145,2026-03-20 08:44:18
7,curriculum,PatchTST,Electricity,336,2021,anneali,1.0,1.0,uniform,all,0.0,gradual,5,0.4193275570869446,0.4846262335777282,2082,2026-03-20 08:56:46
7,curriculum,PatchTST,Electricity,336,2021,anneali,1.0,1.0,uniform,all,0.0,hard,5,0.2787531912326813,0.367646187543869,4498,2026-03-20 09:23:36
7,curriculum,PatchTST,Electricity,336,2023,anneali,1.0,1.0,uniform,all,0.0,gradual,5,0.410117357969284,0.4758090078830719,2645,2026-03-20 09:28:49
7,curriculum,PatchTST,Electricity,336,2022,anneali,1.0,1.0,uniform,all,0.0,hard,5,0.2785212993621826,0.3683034181594848,5063,2026-03-20 09:35:40
7,curriculum,PatchTST,Electricity,336,2023,anneali,1.0,1.0,uniform,all,0.0,hard,5,0.2695309221744537,0.3588625490665436,5272,2026-03-20 09:46:51
7,curriculum,PatchTST,Electricity,336,2021,anneal,1.0,1.0,uniform,all,0.0,hard,5,0.2708081603050232,0.3604902923107147,7182,2026-03-20 09:47:53
7,curriculum,PatchTST,Electricity,96,2023,anneal,1.0,1.0,uniform,all,0.0,gradual,5,0.245889738202095,0.3347697854042053,10503,2026-03-20 10:11:27
7,curriculum,PatchTST,Electricity,336,2022,anneal,1.0,1.0,uniform,all,0.0,hard,5,0.2699807584285736,0.359315276145935,7943,2026-03-20 10:14:59
7,curriculum,PatchTST,Electricity,336,2023,anneal,1.0,1.0,uniform,all,0.0,hard,5,0.2712146341800689,0.3645233511924743,8511,2026-03-20 10:24:48
7,curriculum,DLinear,Electricity,96,2022,anneal,1.0,1.0,uniform,all,0.0,gradual,5,0.2504134476184845,0.3449638187885284,7062,2026-04-11 03:02:02
7,curriculum,DLinear,Electricity,96,2023,anneal,1.0,1.0,uniform,all,0.0,gradual,5,0.2505067586898803,0.3450691103935241,7247,2026-04-11 03:32:35
7,curriculum,DLinear,Electricity,336,2022,anneal,1.0,1.0,uniform,all,0.0,gradual,5,0.2589337825775146,0.3574441373348236,7957,2026-04-11 04:32:40
7,curriculum,DLinear,Electricity,336,2021,anneal,1.0,1.0,uniform,all,0.0,gradual,5,0.2589704096317291,0.3575426340103149,9038,2026-04-11 04:49:02
7,curriculum,SegRNN,Electricity,96,2021,anneal,1.0,1.0,uniform,all,0.0,gradual,5,0.2306481599807739,0.318509966135025,6888,2026-04-11 04:51:06
7,curriculum,DLinear,Electricity,336,2023,anneal,1.0,1.0,uniform,all,0.0,gradual,5,0.2589918971061706,0.3574281334877014,8158,2026-04-11 04:57:06
7,curriculum,SegRNN,Electricity,96,2022,anneal,1.0,1.0,uniform,all,0.0,gradual,5,0.2301295846700668,0.3186621367931366,7440,2026-04-11 05:06:02
7,curriculum,SegRNN,Electricity,96,2023,anneal,1.0,1.0,uniform,all,0.0,gradual,5,0.2297893762588501,0.3176960349082947,7282,2026-04-11 05:33:58
7,curriculum,SegRNN,Electricity,336,2022,anneal,1.0,1.0,uniform,all,0.0,gradual,5,0.2524324655532837,0.3382531404495239,8497,2026-04-11 06:16:59
7,curriculum,SegRNN,Electricity,336,2021,anneal,1.0,1.0,uniform,all,0.0,gradual,5,0.2513846755027771,0.3377671241760254,10151,2026-04-11 06:33:05
7,curriculum,SegRNN,Electricity,336,2023,anneal,1.0,1.0,uniform,all,0.0,gradual,5,0.2517842352390289,0.3380640745162964,9170,2026-04-11 07:05:31
7,curriculum,TimesNet,Electricity,336,2021,anneal,1.0,1.0,uniform,all,0.0,gradual,5,0.2771835625171661,0.3613070547580719,9346,2026-04-11 07:41:50
7,curriculum,TimesNet,Electricity,96,2021,anneal,1.0,1.0,uniform,all,0.0,gradual,5,0.2587108314037323,0.3434500396251678,10684,2026-04-11 07:47:33
7,curriculum,TimesNet,Electricity,96,2022,anneal,1.0,1.0,uniform,all,0.0,gradual,5,0.2495201379060745,0.3413383364677429,13329,2026-04-11 08:33:15
7,curriculum,iTransformer,Electricity,96,2021,anneal,1.0,1.0,uniform,all,0.0,gradual,5,0.1767461150884628,0.2683706879615783,8177,2026-04-11 08:49:44
7,curriculum,TimesNet,Electricity,336,2022,anneal,1.0,1.0,uniform,all,0.0,gradual,5,0.2772701978683471,0.3602568507194519,13165,2026-04-11 09:13:23
7,curriculum,iTransformer,Electricity,96,2022,anneal,1.0,1.0,uniform,all,0.0,gradual,5,0.1767361611127853,0.2684032320976257,8024,2026-04-11 09:19:16
7,curriculum,TimesNet,Electricity,96,2023,anneal,1.0,1.0,uniform,all,0.0,gradual,5,0.2262603491544723,0.326365053653717,16649,2026-04-11 09:34:36
7,curriculum,TimesNet,Electricity,336,2023,anneal,1.0,1.0,uniform,all,0.0,gradual,5,0.2744428217411041,0.3575413227081299,12445,2026-04-11 09:44:25
7,curriculum,iTransformer,Electricity,96,2023,anneal,1.0,1.0,uniform,all,0.0,gradual,5,0.177778273820877,0.2687487006187439,7792,2026-04-11 09:51:42
7,curriculum,iTransformer,Electricity,336,2021,anneal,1.0,1.0,uniform,all,0.0,gradual,5,0.2029809802770614,0.2930270731449127,10096,2026-04-11 10:35:51
7,curriculum,PatchTST,Electricity,96,2021,anneal,1.0,1.0,uniform,all,0.0,gradual,5,0.2466404289007187,0.3356094360351562,6314,2026-04-11 10:59:02
7,curriculum,PatchTST,Electricity,96,2022,anneal,1.0,1.0,uniform,all,0.0,gradual,5,0.2474063634872436,0.3355940878391266,7152,2026-04-11 11:18:29
7,curriculum,iTransformer,Electricity,336,2022,anneal,1.0,1.0,uniform,all,0.0,gradual,5,0.2040535360574722,0.294246107339859,10419,2026-04-11 11:26:55
7,curriculum,iTransformer,Electricity,336,2023,anneal,1.0,1.0,uniform,all,0.0,gradual,5,0.2037015408277511,0.2937517166137695,10609,2026-04-11 11:46:34
7,curriculum,PatchTST,Electricity,336,2022,anneal,1.0,1.0,uniform,all,0.0,gradual,5,0.2663833796977997,0.3544721603393554,9387,2026-04-11 12:20:53
7,curriculum,PatchTST,Electricity,336,2021,anneal,1.0,1.0,uniform,all,0.0,gradual,5,0.2667248249053955,0.3571160137653351,11201,2026-04-11 12:41:19
7,curriculum,PatchTST,Electricity,336,2023,anneal,1.0,1.0,uniform,all,0.0,gradual,5,0.2672776877880096,0.3567296266555786,11452,2026-04-11 13:02:35
8,latent,DLinear,ETTh1,96,2021,mixed,1.0,1.0,uniform,all,0.0,none,0,0.4455422461032867,0.4486408829689026,186,2026-03-20 09:00:19
8,latent,DLinear,ETTh1,96,2022,mixed,1.0,1.0,uniform,all,0.0,none,0,0.4465624094009399,0.4493256211280823,169,2026-03-20 09:03:34
8,latent,DLinear,ETTh1,96,2023,mixed,1.0,1.0,uniform,all,0.0,none,0,0.447266161441803,0.4510000646114349,165,2026-03-20 09:06:45
8,latent,DLinear,ETTh1,96,2021,mixed,1.0,1.0,uniform,all,0.3,none,0,0.4387812316417694,0.444425880908966,181,2026-03-20 09:10:12
8,latent,DLinear,ETTh1,96,2022,mixed,1.0,1.0,uniform,all,0.3,none,0,0.4398123621940613,0.4454048275947571,167,2026-03-20 09:13:26
8,latent,DLinear,ETTh1,96,2023,mixed,1.0,1.0,uniform,all,0.3,none,0,0.44084033370018,0.4469681084156036,170,2026-03-20 09:18:33
8,latent,DLinear,ETTh1,96,2021,mixed,1.0,1.0,uniform,all,0.5,none,0,0.4341519176959991,0.4416935741901397,183,2026-03-20 09:22:02
8,latent,DLinear,ETTh1,96,2022,mixed,1.0,1.0,uniform,all,0.5,none,0,0.435001403093338,0.4422386586666107,170,2026-03-20 09:25:19
8,latent,DLinear,ETTh1,96,2023,mixed,1.0,1.0,uniform,all,0.5,none,0,0.436215877532959,0.4439469575881958,166,2026-03-20 09:26:48
8,latent,DLinear,ETTh1,96,2021,mixed,1.0,1.0,uniform,all,0.7,none,0,0.428711473941803,0.4378010928630829,177,2026-03-20 09:28:42
8,latent,DLinear,ETTh1,96,2022,mixed,1.0,1.0,uniform,all,0.7,none,0,0.4297120869159698,0.4387679994106293,169,2026-03-20 09:30:03
8,latent,DLinear,ETTh1,96,2023,mixed,1.0,1.0,uniform,all,0.7,none,0,0.4310591220855713,0.4407067596912384,161,2026-03-20 09:31:50
8,latent,DLinear,ETTh1,336,2021,mixed,1.0,1.0,uniform,all,0.0,none,0,0.5302525758743286,0.4978751242160797,172,2026-03-20 09:32:08
8,latent,DLinear,ETTh1,336,2022,mixed,1.0,1.0,uniform,all,0.0,none,0,0.5273934006690979,0.4976356327533722,214,2026-03-20 09:34:03
8,latent,DLinear,ETTh1,336,2021,mixed,1.0,1.0,uniform,all,0.3,none,0,0.5270363688468933,0.4966133832931518,171,2026-03-20 09:35:25
8,latent,DLinear,ETTh1,336,2023,mixed,1.0,1.0,uniform,all,0.0,none,0,0.5193401575088501,0.4883029758930206,313,2026-03-20 09:37:29
8,latent,DLinear,ETTh1,336,2022,mixed,1.0,1.0,uniform,all,0.3,none,0,0.5222082734107971,0.4941422045230865,213,2026-03-20 09:38:02
8,latent,DLinear,ETTh1,336,2021,mixed,1.0,1.0,uniform,all,0.5,none,0,0.5232102870941162,0.4940351843833923,161,2026-03-20 09:38:48
8,latent,DLinear,ETTh1,336,2023,mixed,1.0,1.0,uniform,all,0.3,none,0,0.5137593746185303,0.4866677820682525,325,2026-03-20 09:41:16
8,latent,DLinear,ETTh1,336,2022,mixed,1.0,1.0,uniform,all,0.5,none,0,0.5187654495239258,0.4919437766075134,202,2026-03-20 09:41:18
8,latent,DLinear,ETTh1,336,2021,mixed,1.0,1.0,uniform,all,0.7,none,0,0.5181251168251038,0.4902570843696594,182,2026-03-20 09:42:16
8,latent,DLinear,ETTh1,336,2023,mixed,1.0,1.0,uniform,all,0.5,none,0,0.510433554649353,0.4845582246780395,334,2026-03-20 09:44:02
8,latent,DLinear,ETTh1,336,2022,mixed,1.0,1.0,uniform,all,0.7,none,0,0.5148553848266602,0.4893432557582855,201,2026-03-20 09:45:03
8,latent,DLinear,ETTh1,336,2023,mixed,1.0,1.0,uniform,all,0.7,none,0,0.510433554649353,0.4845582246780395,220,2026-03-20 09:45:24
8,latent,DLinear,ETTm1,96,2021,mixed,1.0,1.0,uniform,all,0.0,none,0,0.4793967008590698,0.4586910307407379,394,2026-03-20 09:49:16
8,latent,DLinear,ETTm1,96,2021,mixed,1.0,1.0,uniform,all,0.3,none,0,0.4797055721282959,0.460829883813858,387,2026-03-20 09:52:17
8,latent,DLinear,ETTm1,96,2023,mixed,1.0,1.0,uniform,all,0.0,none,0,0.480939507484436,0.4597392976284027,515,2026-03-20 09:54:04
8,latent,DLinear,ETTm1,96,2022,mixed,1.0,1.0,uniform,all,0.0,none,0,0.4805536866188049,0.461593359708786,595,2026-03-20 09:54:24
8,latent,DLinear,ETTm1,96,2021,mixed,1.0,1.0,uniform,all,0.5,none,0,0.4720280468463897,0.4555074572563171,397,2026-03-20 09:56:19
8,latent,DLinear,ETTm1,96,2023,mixed,1.0,1.0,uniform,all,0.3,none,0,0.475201666355133,0.4544157087802887,513,2026-03-20 09:56:52
8,latent,DLinear,ETTm1,96,2022,mixed,1.0,1.0,uniform,all,0.3,none,0,0.473041296005249,0.4557836353778839,667,2026-03-20 09:58:25
8,latent,DLinear,ETTm1,96,2023,mixed,1.0,1.0,uniform,all,0.5,none,0,0.4662825763225555,0.4494672119617462,321,2026-03-20 09:59:51
8,latent,DLinear,ETTm1,96,2021,mixed,1.0,1.0,uniform,all,0.7,none,0,0.4647199511528015,0.4517868161201477,385,2026-03-20 10:01:15
8,latent,DLinear,ETTm1,96,2022,mixed,1.0,1.0,uniform,all,0.5,none,0,0.4641126990318298,0.4512133300304413,578,2026-03-20 10:02:22
8,latent,DLinear,ETTm1,96,2022,mixed,1.0,1.0,uniform,all,0.7,none,0,0.4641126990318298,0.4512133300304413,384,2026-03-20 10:03:10
8,latent,DLinear,ETTm1,96,2023,mixed,1.0,1.0,uniform,all,0.7,none,0,0.4650195240974426,0.4512090384960174,538,2026-03-20 10:06:16
8,latent,DLinear,ETTm1,336,2021,mixed,1.0,1.0,uniform,all,0.0,none,0,0.5343811511993408,0.4959568381309509,671,2026-03-20 10:10:03
8,latent,DLinear,ETTm1,336,2021,mixed,1.0,1.0,uniform,all,0.3,none,0,0.5343121290206909,0.4921120107173919,643,2026-03-20 10:13:32
8,latent,DLinear,ETTm1,336,2023,mixed,1.0,1.0,uniform,all,0.0,none,0,0.5314323306083679,0.4919198155403137,760,2026-03-20 10:14:21
8,latent,DLinear,ETTm1,336,2022,mixed,1.0,1.0,uniform,all,0.3,none,0,0.5281670689582825,0.4875657558441162,873,2026-03-20 10:18:09
8,latent,DLinear,ETTm1,336,2023,mixed,1.0,1.0,uniform,all,0.3,none,0,0.5248986482620239,0.4879618883132934,756,2026-03-20 10:19:18
8,latent,DLinear,ETTm1,336,2021,mixed,1.0,1.0,uniform,all,0.5,none,0,0.5188539028167725,0.4869901835918426,650,2026-03-20 10:21:19
8,latent,DLinear,ETTm1,336,2022,mixed,1.0,1.0,uniform,all,0.0,none,0,0.5280647873878479,0.4905748963356018,1273,2026-03-20 10:21:31
8,latent,DLinear,ETTm1,336,2023,mixed,1.0,1.0,uniform,all,0.5,none,0,0.517211377620697,0.4836672246456146,749,2026-03-20 10:24:22
8,latent,DLinear,ETTm1,336,2021,mixed,1.0,1.0,uniform,all,0.7,none,0,0.5188539028167725,0.4869901835918426,637,2026-03-20 10:24:37
8,latent,DLinear,ETTm1,336,2022,mixed,1.0,1.0,uniform,all,0.5,none,0,0.52020663022995,0.4862171113491058,859,2026-03-20 10:25:33
8,latent,DLinear,ETTm1,336,2023,mixed,1.0,1.0,uniform,all,0.7,none,0,0.517211377620697,0.4836672246456146,773,2026-03-20 10:28:19
8,latent,DLinear,ETTm1,336,2022,mixed,1.0,1.0,uniform,all,0.7,none,0,0.52020663022995,0.4862171113491058,913,2026-03-20 10:30:01
8,latent,DLinear,Weather,96,2021,mixed,1.0,1.0,uniform,all,0.0,none,0,0.1989662051200866,0.2731770277023315,1075,2026-03-20 10:34:11
8,latent,DLinear,Weather,96,2021,mixed,1.0,1.0,uniform,all,0.3,none,0,0.2004247009754181,0.2768625020980835,1012,2026-03-20 10:38:38
8,latent,DLinear,Weather,96,2021,mixed,1.0,1.0,uniform,all,0.5,none,0,0.2004247009754181,0.2768625020980835,1064,2026-03-20 10:42:47
8,latent,DLinear,Weather,96,2022,mixed,1.0,1.0,uniform,all,0.0,none,0,0.1973251402378082,0.2718962728977203,1461,2026-03-20 10:42:58
8,latent,DLinear,Weather,96,2023,mixed,1.0,1.0,uniform,all,0.0,none,0,0.1995879411697387,0.2749289572238922,1491,2026-03-20 10:44:36
8,latent,DLinear,Weather,96,2022,mixed,1.0,1.0,uniform,all,0.3,none,0,0.1988615095615387,0.275405615568161,1489,2026-03-20 10:46:47
8,latent,DLinear,Weather,96,2021,mixed,1.0,1.0,uniform,all,0.7,none,0,0.2004247009754181,0.2768625020980835,1111,2026-03-20 10:47:17
8,latent,DLinear,Weather,96,2022,mixed,1.0,1.0,uniform,all,0.5,none,0,0.1988615095615387,0.275405615568161,1444,2026-03-20 10:49:19
8,latent,DLinear,Weather,96,2023,mixed,1.0,1.0,uniform,all,0.5,none,0,0.1983675211668014,0.2742924094200134,1425,2026-03-20 10:49:46
8,latent,DLinear,Weather,96,2023,mixed,1.0,1.0,uniform,all,0.3,none,0,0.1983675211668014,0.2742924094200134,1503,2026-03-20 10:49:52
8,latent,DLinear,Weather,96,2022,mixed,1.0,1.0,uniform,all,0.7,none,0,0.1988615095615387,0.275405615568161,1448,2026-03-20 10:54:36
8,latent,DLinear,Weather,96,2023,mixed,1.0,1.0,uniform,all,0.7,none,0,0.1984284818172454,0.2746777534484863,2072,2026-03-20 11:09:09
8,latent,DLinear,Weather,336,2021,mixed,1.0,1.0,uniform,all,0.0,none,0,0.2870295643806457,0.3453233242034912,1856,2026-03-20 11:10:00
8,latent,DLinear,Weather,336,2021,mixed,1.0,1.0,uniform,all,0.3,none,0,0.2868013381958008,0.3454574346542358,1919,2026-03-20 11:17:01
8,latent,DLinear,Weather,336,2021,mixed,1.0,1.0,uniform,all,0.5,none,0,0.2868013381958008,0.3454574346542358,1884,2026-03-20 11:21:10
8,latent,DLinear,Weather,336,2021,mixed,1.0,1.0,uniform,all,0.7,none,0,0.2868013381958008,0.3454574346542358,2281,2026-03-20 11:33:04
8,latent,DLinear,Weather,336,2022,mixed,1.0,1.0,uniform,all,0.0,none,0,0.2869570255279541,0.3453031480312347,3612,2026-03-20 11:43:25
8,latent,DLinear,Weather,336,2023,mixed,1.0,1.0,uniform,all,0.0,none,0,0.2865776121616363,0.3445119857788086,3769,2026-03-20 11:46:13
8,latent,DLinear,Weather,336,2022,mixed,1.0,1.0,uniform,all,0.3,none,0,0.2876949608325958,0.3468413949012756,3713,2026-03-20 11:49:07
8,latent,DLinear,Weather,336,2023,mixed,1.0,1.0,uniform,all,0.5,none,0,0.2871449589729309,0.345739334821701,3587,2026-03-20 11:50:05
8,latent,DLinear,Weather,336,2023,mixed,1.0,1.0,uniform,all,0.3,none,0,0.2871449589729309,0.345739334821701,3786,2026-03-20 11:50:49
8,latent,DLinear,Weather,336,2022,mixed,1.0,1.0,uniform,all,0.5,none,0,0.2876949608325958,0.3468413949012756,3933,2026-03-20 11:55:45
8,latent,DLinear,Weather,336,2022,mixed,1.0,1.0,uniform,all,0.7,none,0,0.2876949608325958,0.3468413949012756,3683,2026-03-20 12:05:08
8,latent,DLinear,Weather,336,2023,mixed,1.0,1.0,uniform,all,0.7,none,0,0.2871449589729309,0.345739334821701,3692,2026-03-20 12:06:17
8,latent,DLinear,Electricity,96,2021,mixed,1.0,1.0,uniform,all,0.3,none,0,0.240656316280365,0.3316459655761719,9390,2026-03-20 13:53:58
8,latent,DLinear,Electricity,96,2021,mixed,1.0,1.0,uniform,all,0.0,none,0,0.240656316280365,0.3316459655761719,10144,2026-03-20 13:54:50
8,latent,DLinear,Electricity,96,2022,mixed,1.0,1.0,uniform,all,0.0,none,0,0.24673992395401,0.339790791273117,10201,2026-03-20 13:59:37
8,latent,SegRNN,ETTh1,96,2021,mixed,1.0,1.0,uniform,all,0.0,none,0,0.4142074584960937,0.4262248873710632,163,2026-03-20 14:55:05
8,latent,SegRNN,ETTh1,96,2022,mixed,1.0,1.0,uniform,all,0.0,none,0,0.4127408862113952,0.4249741733074188,185,2026-03-20 14:58:36
8,latent,SegRNN,ETTh1,96,2023,mixed,1.0,1.0,uniform,all,0.0,none,0,0.4122134745121002,0.4243742525577545,202,2026-03-20 15:00:14
8,latent,SegRNN,ETTh1,96,2021,mixed,1.0,1.0,uniform,all,0.3,none,0,0.4100050330162048,0.4237561523914337,170,2026-03-20 15:01:53
8,latent,SegRNN,ETTh1,96,2022,mixed,1.0,1.0,uniform,all,0.3,none,0,0.4087300598621368,0.4222904443740845,188,2026-03-20 15:03:48
8,latent,SegRNN,ETTh1,96,2023,mixed,1.0,1.0,uniform,all,0.3,none,0,0.4077681601047516,0.4215129315853119,197,2026-03-20 15:05:36
8,latent,SegRNN,ETTh1,96,2021,mixed,1.0,1.0,uniform,all,0.5,none,0,0.4064390063285827,0.4215152263641357,168,2026-03-20 15:07:02
8,latent,SegRNN,ETTh1,96,2022,mixed,1.0,1.0,uniform,all,0.5,none,0,0.4118441641330719,0.4251750707626343,181,2026-03-20 15:09:04
8,latent,SegRNN,ETTh1,96,2023,mixed,1.0,1.0,uniform,all,0.5,none,0,0.4047577679157257,0.4195882976055145,198,2026-03-20 15:09:40
8,latent,SegRNN,ETTh1,96,2022,mixed,1.0,1.0,uniform,all,0.7,none,0,0.4027581512928009,0.4183536767959595,179,2026-03-20 15:10:26
8,latent,SegRNN,ETTh1,96,2021,mixed,1.0,1.0,uniform,all,0.7,none,0,0.4005426168441772,0.4173238277435303,196,2026-03-20 15:10:39
8,latent,SegRNN,ETTh1,96,2023,mixed,1.0,1.0,uniform,all,0.7,none,0,0.401588886976242,0.4175711572170257,195,2026-03-20 15:12:45
8,latent,SegRNN,ETTh1,336,2022,mixed,1.0,1.0,uniform,all,0.0,none,0,0.4818601012229919,0.4604284167289734,241,2026-03-20 15:14:54
8,latent,SegRNN,ETTh1,336,2021,mixed,1.0,1.0,uniform,all,0.0,none,0,0.4933246076107025,0.4697450995445251,300,2026-03-20 15:15:06
8,latent,SegRNN,ETTh1,336,2023,mixed,1.0,1.0,uniform,all,0.0,none,0,0.4834535419940948,0.4622915983200073,324,2026-03-20 15:16:29
8,latent,SegRNN,ETTh1,336,2021,mixed,1.0,1.0,uniform,all,0.3,none,0,0.516045093536377,0.4819579720497131,297,2026-03-20 15:18:09
8,latent,SegRNN,ETTh1,336,2022,mixed,1.0,1.0,uniform,all,0.3,none,0,0.4779592454433441,0.4581731259822845,230,2026-03-20 15:19:10
8,latent,SegRNN,ETTh1,336,2023,mixed,1.0,1.0,uniform,all,0.3,none,0,0.4900207817554474,0.4670509994029999,336,2026-03-20 15:21:09
8,latent,SegRNN,ETTh1,336,2021,mixed,1.0,1.0,uniform,all,0.5,none,0,0.481257677078247,0.4604966938495636,301,2026-03-20 15:21:58
8,latent,SegRNN,ETTh1,336,2022,mixed,1.0,1.0,uniform,all,0.5,none,0,0.476218968629837,0.4573803246021271,226,2026-03-20 15:22:22
8,latent,SegRNN,ETTh1,336,2023,mixed,1.0,1.0,uniform,all,0.5,none,0,0.4892599880695343,0.4668266177177429,323,2026-03-20 15:25:00
8,latent,SegRNN,ETTh1,336,2022,mixed,1.0,1.0,uniform,all,0.7,none,0,0.473497211933136,0.4558063745498657,229,2026-03-20 15:26:13
8,latent,SegRNN,ETTh1,336,2021,mixed,1.0,1.0,uniform,all,0.7,none,0,0.4782612025737762,0.4585524201393127,302,2026-03-20 15:26:38
8,latent,SegRNN,ETTh1,336,2023,mixed,1.0,1.0,uniform,all,0.7,none,0,0.4750672876834869,0.4569036960601806,314,2026-03-20 15:28:02
8,latent,SegRNN,ETTm1,96,2021,mixed,1.0,1.0,uniform,all,0.0,none,0,0.3590512275695801,0.3900817334651947,522,2026-03-20 15:34:09
8,latent,SegRNN,ETTm1,96,2021,mixed,1.0,1.0,uniform,all,0.3,none,0,0.3590512275695801,0.3900817334651947,526,2026-03-20 15:37:15
8,latent,SegRNN,ETTm1,96,2022,mixed,1.0,1.0,uniform,all,0.0,none,0,0.3753622174263,0.3989414870738983,724,2026-03-20 15:38:43
8,latent,SegRNN,ETTm1,96,2023,mixed,1.0,1.0,uniform,all,0.0,none,0,0.363961786031723,0.3948193788528442,724,2026-03-20 15:39:08
8,latent,SegRNN,ETTm1,96,2022,mixed,1.0,1.0,uniform,all,0.3,none,0,0.3729964196681976,0.3973991870880127,608,2026-03-20 15:44:43
8,latent,SegRNN,ETTm1,96,2021,mixed,1.0,1.0,uniform,all,0.5,none,0,0.357026994228363,0.3886046111583709,548,2026-03-20 15:48:18
8,latent,SegRNN,ETTm1,96,2022,mixed,1.0,1.0,uniform,all,0.5,none,0,0.3586077392101288,0.3904972374439239,587,2026-03-20 15:49:21
8,latent,SegRNN,ETTm1,96,2023,mixed,1.0,1.0,uniform,all,0.3,none,0,0.3603193759918213,0.3918580710887909,720,2026-03-20 15:49:42
8,latent,SegRNN,ETTm1,96,2023,mixed,1.0,1.0,uniform,all,0.5,none,0,0.3599432706832886,0.3912789821624756,726,2026-03-20 15:57:17
8,latent,SegRNN,ETTm1,96,2021,mixed,1.0,1.0,uniform,all,0.7,none,0,0.354791522026062,0.387465626001358,521,2026-03-20 15:57:26
8,latent,SegRNN,ETTm1,96,2023,mixed,1.0,1.0,uniform,all,0.7,none,0,0.3560690283775329,0.3887491524219513,705,2026-03-20 16:01:54
8,latent,SegRNN,ETTm1,96,2022,mixed,1.0,1.0,uniform,all,0.7,none,0,0.3554493486881256,0.3884171545505523,741,2026-03-20 16:02:09
8,latent,SegRNN,ETTm1,336,2021,mixed,1.0,1.0,uniform,all,0.0,none,0,0.428251564502716,0.4288734793663025,1010,2026-03-20 16:14:33
8,latent,SegRNN,ETTm1,336,2022,mixed,1.0,1.0,uniform,all,0.0,none,0,0.4610451459884643,0.4499089121818542,1320,2026-03-20 16:19:53
8,latent,SegRNN,ETTm1,336,2023,mixed,1.0,1.0,uniform,all,0.0,none,0,0.4297794997692108,0.4305668473243713,1244,2026-03-20 16:23:05
8,latent,SegRNN,ETTm1,336,2021,mixed,1.0,1.0,uniform,all,0.3,none,0,0.4267394244670868,0.4273435473442077,1236,2026-03-20 16:23:11
8,latent,SegRNN,ETTm1,336,2022,mixed,1.0,1.0,uniform,all,0.3,none,0,0.4265839159488678,0.4278222024440765,1277,2026-03-20 16:36:18
8,latent,SegRNN,ETTm1,336,2021,mixed,1.0,1.0,uniform,all,0.5,none,0,0.4258089959621429,0.4271551668643951,978,2026-03-20 16:39:50
8,latent,SegRNN,ETTm1,336,2023,mixed,1.0,1.0,uniform,all,0.3,none,0,0.4272599816322326,0.4277642071247101,1287,2026-03-20 16:41:47
8,latent,SegRNN,ETTm1,336,2022,mixed,1.0,1.0,uniform,all,0.5,none,0,0.4251344799995422,0.4265501499176025,1221,2026-03-20 16:43:59
8,latent,SegRNN,ETTm1,336,2021,mixed,1.0,1.0,uniform,all,0.7,none,0,0.4241165220737457,0.4258469045162201,1022,2026-03-20 16:57:19
8,latent,SegRNN,ETTm1,336,2023,mixed,1.0,1.0,uniform,all,0.5,none,0,0.4240325093269348,0.4253472089767456,1295,2026-03-20 16:58:20
8,latent,SegRNN,ETTm1,336,2022,mixed,1.0,1.0,uniform,all,0.7,none,0,0.4231079518795013,0.4253251552581787,1246,2026-03-20 17:03:00
8,latent,SegRNN,ETTm1,336,2023,mixed,1.0,1.0,uniform,all,0.7,none,0,0.4233251214027405,0.4250917732715606,1265,2026-03-20 17:05:30
8,latent,SegRNN,Weather,96,2021,mixed,1.0,1.0,uniform,all,0.0,none,0,0.1729801446199417,0.2370858341455459,2023,2026-03-20 17:28:37
8,latent,SegRNN,Weather,96,2022,mixed,1.0,1.0,uniform,all,0.0,none,0,0.1720961034297943,0.2367654889822006,2100,2026-03-20 17:30:54
8,latent,SegRNN,Weather,96,2023,mixed,1.0,1.0,uniform,all,0.0,none,0,0.1748774349689483,0.2373318076133728,2098,2026-03-20 17:32:44
8,latent,SegRNN,Weather,96,2021,mixed,1.0,1.0,uniform,all,0.3,none,0,0.1795292347669601,0.2442140877246856,2173,2026-03-20 17:34:59
8,latent,SegRNN,Weather,96,2022,mixed,1.0,1.0,uniform,all,0.3,none,0,0.1781042963266372,0.2454649657011032,2099,2026-03-20 17:35:53
8,latent,SegRNN,Weather,96,2023,mixed,1.0,1.0,uniform,all,0.3,none,0,0.1771823316812515,0.2433186471462249,2147,2026-03-20 17:39:13
8,latent,SegRNN,Weather,96,2021,mixed,1.0,1.0,uniform,all,0.5,none,0,0.1705977022647857,0.2340245842933654,2079,2026-03-20 17:40:36
8,latent,SegRNN,Weather,96,2022,mixed,1.0,1.0,uniform,all,0.5,none,0,0.1718529462814331,0.2340421080589294,2049,2026-03-20 17:46:35
8,latent,SegRNN,Weather,96,2023,mixed,1.0,1.0,uniform,all,0.5,none,0,0.1709571182727813,0.2341631948947906,2142,2026-03-20 17:58:37
8,latent,SegRNN,Weather,96,2021,mixed,1.0,1.0,uniform,all,0.7,none,0,0.1710184812545776,0.2333187758922577,2104,2026-03-20 18:04:07
8,latent,SegRNN,Weather,96,2022,mixed,1.0,1.0,uniform,all,0.7,none,0,0.170657604932785,0.2330385744571685,2116,2026-03-20 18:06:37
8,latent,SegRNN,Weather,96,2023,mixed,1.0,1.0,uniform,all,0.7,none,0,0.1710977703332901,0.2335360646247863,2205,2026-03-20 18:09:55
8,latent,SegRNN,Weather,336,2021,mixed,1.0,1.0,uniform,all,0.0,none,0,0.2736646234989166,0.3177068829536438,3458,2026-03-20 18:32:34
8,latent,SegRNN,Weather,336,2022,mixed,1.0,1.0,uniform,all,0.0,none,0,0.2759522795677185,0.3210367262363434,3630,2026-03-20 18:35:55
8,latent,SegRNN,Weather,336,2021,mixed,1.0,1.0,uniform,all,0.3,none,0,0.2736646234989166,0.3177068829536438,3409,2026-03-20 18:36:29
8,latent,SegRNN,Weather,336,2023,mixed,1.0,1.0,uniform,all,0.0,none,0,0.2771633863449096,0.3231377303600311,3875,2026-03-20 18:40:55
8,latent,SegRNN,Weather,336,2021,mixed,1.0,1.0,uniform,all,0.5,none,0,0.2736646234989166,0.3177068829536438,3387,2026-03-20 18:43:28
8,latent,SegRNN,Weather,336,2022,mixed,1.0,1.0,uniform,all,0.3,none,0,0.2754561305046081,0.3204228281974792,3780,2026-03-20 18:44:02
8,latent,SegRNN,Weather,336,2021,mixed,1.0,1.0,uniform,all,0.7,none,0,0.2736646234989166,0.3177068829536438,3283,2026-03-20 18:47:10
8,latent,SegRNN,Weather,336,2023,mixed,1.0,1.0,uniform,all,0.3,none,0,0.27508544921875,0.3206686675548553,3741,2026-03-20 18:47:18
8,latent,SegRNN,Weather,336,2022,mixed,1.0,1.0,uniform,all,0.5,none,0,0.2750102579593658,0.3199018239974975,3795,2026-03-20 18:51:12
8,latent,SegRNN,Weather,336,2023,mixed,1.0,1.0,uniform,all,0.5,none,0,0.2749519348144531,0.3206796646118164,3989,2026-03-20 18:57:26
8,latent,SegRNN,Weather,336,2022,mixed,1.0,1.0,uniform,all,0.7,none,0,0.2751977741718292,0.3202281594276428,3833,2026-03-20 19:02:57
8,latent,SegRNN,Weather,336,2023,mixed,1.0,1.0,uniform,all,0.7,none,0,0.2752470374107361,0.3207757771015167,3974,2026-03-20 19:10:48
8,latent,TimesNet,ETTh1,96,2021,mixed,1.0,1.0,uniform,all,0.0,none,0,0.4416846334934234,0.4415576756000519,745,2026-03-20 22:04:28
8,latent,TimesNet,ETTh1,96,2022,mixed,1.0,1.0,uniform,all,0.0,none,0,0.4150194823741913,0.4265685677528381,734,2026-03-20 22:10:48
8,latent,TimesNet,ETTh1,96,2023,mixed,1.0,1.0,uniform,all,0.0,none,0,0.4388068914413452,0.4421629309654236,675,2026-03-20 22:15:19
8,latent,TimesNet,ETTh1,96,2021,mixed,1.0,1.0,uniform,all,0.3,none,0,0.4372187256813049,0.4396059811115265,738,2026-03-20 22:17:13
8,latent,TimesNet,ETTh1,96,2022,mixed,1.0,1.0,uniform,all,0.3,none,0,0.4227824807167053,0.4293133318424225,714,2026-03-20 22:23:08
8,latent,TimesNet,ETTh1,96,2023,mixed,1.0,1.0,uniform,all,0.3,none,0,0.414724588394165,0.4279323220252991,675,2026-03-20 22:23:19
8,latent,TimesNet,ETTh1,96,2021,mixed,1.0,1.0,uniform,all,0.5,none,0,0.4427436888217926,0.4438734948635101,761,2026-03-20 22:28:27
8,latent,TimesNet,ETTh1,96,2022,mixed,1.0,1.0,uniform,all,0.5,none,0,0.4129243195056915,0.4245438873767853,711,2026-03-20 22:29:31
8,latent,TimesNet,ETTh1,96,2023,mixed,1.0,1.0,uniform,all,0.5,none,0,0.4327979683876037,0.4382052421569824,673,2026-03-20 22:34:48
8,latent,TimesNet,ETTh1,96,2021,mixed,1.0,1.0,uniform,all,0.7,none,0,0.4303486049175262,0.4355908334255218,739,2026-03-20 22:36:04
8,latent,TimesNet,ETTh1,96,2022,mixed,1.0,1.0,uniform,all,0.7,none,0,0.409169465303421,0.4217555522918701,701,2026-03-20 22:40:35
8,latent,TimesNet,ETTh1,96,2023,mixed,1.0,1.0,uniform,all,0.7,none,0,0.4306480288505554,0.4363646209239959,675,2026-03-20 22:41:13
8,latent,TimesNet,ETTh1,336,2021,mixed,1.0,1.0,uniform,all,0.0,none,0,0.5244027972221375,0.4862119555473327,825,2026-03-20 22:48:59
8,latent,TimesNet,ETTh1,336,2023,mixed,1.0,1.0,uniform,all,0.0,none,0,0.4898424446582794,0.46696737408638,1038,2026-03-20 22:58:20
8,latent,TimesNet,ETTh1,336,2021,mixed,1.0,1.0,uniform,all,0.3,none,0,0.5134506225585938,0.4826601147651672,1163,2026-03-20 23:01:03
8,latent,TimesNet,ETTh1,336,2022,mixed,1.0,1.0,uniform,all,0.0,none,0,0.4928852915763855,0.4672208130359649,1599,2026-03-20 23:03:10
8,latent,TimesNet,ETTh1,336,2022,mixed,1.0,1.0,uniform,all,0.3,none,0,0.4905219376087188,0.4676212668418884,1309,2026-03-20 23:11:14
8,latent,TimesNet,ETTh1,336,2023,mixed,1.0,1.0,uniform,all,0.3,none,0,0.4983181953430176,0.4731697142124176,908,2026-03-20 23:13:55
8,latent,TimesNet,ETTh1,336,2021,mixed,1.0,1.0,uniform,all,0.5,none,0,0.5299403071403503,0.4910636246204376,1158,2026-03-20 23:20:48
8,latent,TimesNet,ETTh1,336,2023,mixed,1.0,1.0,uniform,all,0.5,none,0,0.4884067177772522,0.4675471484661102,936,2026-03-20 23:27:17
8,latent,TimesNet,ETTh1,336,2022,mixed,1.0,1.0,uniform,all,0.5,none,0,0.4997746348381042,0.474337637424469,1454,2026-03-20 23:27:50
8,latent,TimesNet,ETTh1,336,2021,mixed,1.0,1.0,uniform,all,0.7,none,0,0.5133125185966492,0.4845616519451141,820,2026-03-20 23:28:02
8,latent,TimesNet,ETTh1,336,2023,mixed,1.0,1.0,uniform,all,0.7,none,0,0.4928207993507385,0.4712879061698913,1045,2026-03-20 23:45:09
8,latent,TimesNet,ETTh1,336,2022,mixed,1.0,1.0,uniform,all,0.7,none,0,0.4972327649593353,0.4741695523262024,1495,2026-03-20 23:46:10
8,latent,TimesNet,ETTm1,96,2021,mixed,1.0,1.0,uniform,all,0.0,none,0,0.3418450951576233,0.3777759075164795,1453,2026-03-20 23:52:29
8,latent,TimesNet,ETTm1,96,2022,mixed,1.0,1.0,uniform,all,0.0,none,0,0.3274371027946472,0.3688791394233703,2338,2026-03-21 00:07:26
8,latent,TimesNet,ETTm1,96,2021,mixed,1.0,1.0,uniform,all,0.3,none,0,0.3390133678913116,0.3768973350524902,1470,2026-03-21 00:11:07
8,latent,TimesNet,ETTm1,96,2022,mixed,1.0,1.0,uniform,all,0.3,none,0,0.3313173949718475,0.3705773055553436,2338,2026-03-21 00:31:54
8,latent,TimesNet,ETTm1,96,2021,mixed,1.0,1.0,uniform,all,0.5,none,0,0.3403016626834869,0.3777542114257812,1447,2026-03-21 00:32:23
8,latent,TimesNet,ETTm1,96,2023,mixed,1.0,1.0,uniform,all,0.0,none,0,0.3400728106498718,0.3776119947433471,3360,2026-03-21 00:41:36
8,latent,TimesNet,ETTm1,96,2022,mixed,1.0,1.0,uniform,all,0.5,none,0,0.3268855810165405,0.3681262731552124,2322,2026-03-21 00:50:16
8,latent,TimesNet,ETTm1,96,2021,mixed,1.0,1.0,uniform,all,0.7,none,0,0.3354904949665069,0.3748915493488312,1426,2026-03-21 00:56:07
8,latent,TimesNet,ETTm1,96,2023,mixed,1.0,1.0,uniform,all,0.5,none,0,0.3346391916275024,0.3741107285022735,2980,2026-03-21 01:01:25
8,latent,TimesNet,ETTm1,96,2023,mixed,1.0,1.0,uniform,all,0.3,none,0,0.3351066708564758,0.3743794560432434,3377,2026-03-21 01:04:10
8,latent,TimesNet,ETTm1,96,2023,mixed,1.0,1.0,uniform,all,0.7,none,0,0.3351066708564758,0.3743794560432434,1810,2026-03-21 01:04:26
8,latent,TimesNet,ETTm1,96,2022,mixed,1.0,1.0,uniform,all,0.7,none,0,0.327743262052536,0.3678856790065765,2322,2026-03-21 01:11:31
8,latent,TimesNet,ETTm1,336,2021,mixed,1.0,1.0,uniform,all,0.0,none,0,0.4323533773422241,0.4255044162273407,2192,2026-03-21 01:14:19
8,latent,TimesNet,ETTm1,336,2021,mixed,1.0,1.0,uniform,all,0.3,none,0,0.4323533773422241,0.4255044162273407,2121,2026-03-21 01:18:09
8,latent,TimesNet,ETTm1,336,2022,mixed,1.0,1.0,uniform,all,0.0,none,0,0.4552682340145111,0.4360747635364532,3097,2026-03-21 01:29:53
8,latent,TimesNet,ETTm1,336,2021,mixed,1.0,1.0,uniform,all,0.5,none,0,0.4323533773422241,0.4255044162273407,2540,2026-03-21 01:31:08
8,latent,TimesNet,ETTm1,336,2021,mixed,1.0,1.0,uniform,all,0.7,none,0,0.4323533773422241,0.4255044162273407,2131,2026-03-21 01:32:04
8,latent,TimesNet,ETTm1,336,2022,mixed,1.0,1.0,uniform,all,0.7,none,0,0.4552682340145111,0.4360747635364532,2455,2026-03-21 01:42:47
8,latent,TimesNet,ETTm1,336,2022,mixed,1.0,1.0,uniform,all,0.3,none,0,0.4552682340145111,0.4360747635364532,3585,2026-03-21 01:45:02
8,latent,TimesNet,Weather,96,2021,mixed,1.0,1.0,uniform,all,0.0,none,0,0.1635650843381881,0.2129221260547638,2755,2026-03-21 01:50:47
8,latent,TimesNet,ETTm1,336,2023,mixed,1.0,1.0,uniform,all,0.5,none,0,0.4329530596733093,0.4235953688621521,3807,2026-03-21 01:54:10
8,latent,TimesNet,ETTm1,336,2023,mixed,1.0,1.0,uniform,all,0.0,none,0,0.4304474890232086,0.4252429008483886,4383,2026-03-21 01:55:05
8,latent,TimesNet,Weather,96,2023,mixed,1.0,1.0,uniform,all,0.0,none,0,0.1647246778011322,0.2142986059188842,2475,2026-03-21 01:56:01
8,latent,TimesNet,ETTm1,336,2022,mixed,1.0,1.0,uniform,all,0.5,none,0,0.4552682340145111,0.4360747635364532,4195,2026-03-21 01:59:13
8,latent,TimesNet,Weather,96,2022,mixed,1.0,1.0,uniform,all,0.0,none,0,0.1659400165081024,0.2157645225524902,3011,2026-03-21 02:02:08
8,latent,TimesNet,Weather,96,2021,mixed,1.0,1.0,uniform,all,0.3,none,0,0.1635698676109314,0.2130644470453262,2801,2026-03-21 02:05:17
8,latent,TimesNet,Weather,96,2023,mixed,1.0,1.0,uniform,all,0.3,none,0,0.1725371479988098,0.2219753712415695,2251,2026-03-21 02:09:05
8,latent,TimesNet,ETTm1,336,2023,mixed,1.0,1.0,uniform,all,0.3,none,0,0.4302682280540466,0.4251857399940491,5149,2026-03-21 02:11:37
8,latent,TimesNet,ETTm1,336,2023,mixed,1.0,1.0,uniform,all,0.7,none,0,0.4302682280540466,0.4251857399940491,4243,2026-03-21 02:15:19
8,latent,TimesNet,Weather,96,2021,mixed,1.0,1.0,uniform,all,0.7,none,0,0.1635698676109314,0.2130644470453262,1577,2026-03-21 02:17:31
8,latent,TimesNet,Weather,96,2021,mixed,1.0,1.0,uniform,all,0.5,none,0,0.1635698676109314,0.2130644470453262,2811,2026-03-21 02:19:21
8,latent,TimesNet,Weather,96,2022,mixed,1.0,1.0,uniform,all,0.3,none,0,0.1658411473035812,0.2161004990339279,3034,2026-03-21 02:20:54
8,latent,TimesNet,Weather,96,2023,mixed,1.0,1.0,uniform,all,0.5,none,0,0.1639595329761505,0.2123580276966095,2452,2026-03-21 02:26:21
8,latent,TimesNet,Weather,96,2022,mixed,1.0,1.0,uniform,all,0.5,none,0,0.1648854166269302,0.2147262692451477,2993,2026-03-21 02:33:07
8,latent,TimesNet,Weather,96,2023,mixed,1.0,1.0,uniform,all,0.7,none,0,0.1639595329761505,0.2123580276966095,2260,2026-03-21 02:33:11
8,latent,TimesNet,Weather,336,2022,mixed,1.0,1.0,uniform,all,0.0,none,0,0.2842472791671753,0.3067565560340881,2697,2026-03-21 02:44:37
8,latent,TimesNet,Weather,96,2022,mixed,1.0,1.0,uniform,all,0.7,none,0,0.1645837724208831,0.2142694294452667,3055,2026-03-21 02:45:32
8,latent,TimesNet,Weather,336,2021,mixed,1.0,1.0,uniform,all,0.0,none,0,0.2810668051242828,0.3037849068641662,3241,2026-03-21 02:50:28
8,latent,TimesNet,Weather,336,2022,mixed,1.0,1.0,uniform,all,0.3,none,0,0.2815757989883423,0.3037509322166443,2594,2026-03-21 02:52:46
8,latent,TimesNet,Weather,336,2021,mixed,1.0,1.0,uniform,all,0.3,none,0,0.2810668051242828,0.3037849068641662,3401,2026-03-21 03:02:24
8,latent,TimesNet,Weather,336,2021,mixed,1.0,1.0,uniform,all,0.5,none,0,0.2810668051242828,0.3037849068641662,3253,2026-03-21 03:09:59
8,latent,TimesNet,Weather,336,2022,mixed,1.0,1.0,uniform,all,0.5,none,0,0.2815757989883423,0.3037509322166443,3213,2026-03-21 03:11:30
8,latent,TimesNet,Weather,336,2022,mixed,1.0,1.0,uniform,all,0.7,none,0,0.2815757989883423,0.3037509322166443,2729,2026-03-21 03:12:16
8,latent,TimesNet,Weather,336,2021,mixed,1.0,1.0,uniform,all,0.7,none,0,0.2810668051242828,0.3037849068641662,3266,2026-03-21 03:15:47
8,latent,TimesNet,Weather,336,2023,mixed,1.0,1.0,uniform,all,0.0,none,0,0.2863614857196808,0.3079008758068084,4507,2026-03-21 03:17:41
8,latent,TimesNet,Weather,336,2023,mixed,1.0,1.0,uniform,all,0.3,none,0,0.2863614857196808,0.3079008758068084,4058,2026-03-21 03:19:41
8,latent,TimesNet,Weather,336,2023,mixed,1.0,1.0,uniform,all,0.5,none,0,0.2863614857196808,0.3079008758068084,3777,2026-03-21 03:22:44
8,latent,TimesNet,Weather,336,2023,mixed,1.0,1.0,uniform,all,0.7,none,0,0.2863614857196808,0.3079008758068084,3770,2026-03-21 03:36:23
8,latent,iTransformer,ETTh1,96,2021,mixed,1.0,1.0,uniform,all,0.5,none,0,0.392267644405365,0.4063997566699981,183,2026-03-22 09:04:15
8,latent,iTransformer,ETTh1,96,2021,mixed,1.0,1.0,uniform,all,0.3,none,0,0.392267644405365,0.4063997566699981,182,2026-03-22 09:04:15
8,latent,iTransformer,ETTh1,96,2022,mixed,1.0,1.0,uniform,all,0.0,none,0,0.3928060531616211,0.4066923558712005,193,2026-03-22 09:04:25
8,latent,iTransformer,ETTh1,96,2023,mixed,1.0,1.0,uniform,all,0.0,none,0,0.39567631483078,0.4071063995361328,195,2026-03-22 09:04:28
8,latent,iTransformer,ETTh1,96,2023,mixed,1.0,1.0,uniform,all,0.5,none,0,0.3918627500534057,0.4057260751724243,196,2026-03-22 09:04:28
8,latent,iTransformer,ETTh1,96,2022,mixed,1.0,1.0,uniform,all,0.3,none,0,0.3928060531616211,0.4066923558712005,199,2026-03-22 09:04:31
8,latent,iTransformer,ETTh1,96,2021,mixed,1.0,1.0,uniform,all,0.0,none,0,0.392267644405365,0.4063997566699981,199,2026-03-22 09:04:31
8,latent,iTransformer,ETTh1,96,2022,mixed,1.0,1.0,uniform,all,0.5,none,0,0.3928060531616211,0.4066923558712005,202,2026-03-22 09:04:34
8,latent,iTransformer,ETTh1,96,2023,mixed,1.0,1.0,uniform,all,0.3,none,0,0.3925224542617798,0.4056455492973327,205,2026-03-22 09:04:37
8,latent,iTransformer,ETTh1,96,2021,mixed,1.0,1.0,uniform,all,0.7,none,0,0.3902010917663574,0.4067859351634979,178,2026-03-22 09:07:39
8,latent,iTransformer,ETTh1,96,2022,mixed,1.0,1.0,uniform,all,0.7,none,0,0.3908883333206177,0.4058464765548706,200,2026-03-22 09:08:01
8,latent,iTransformer,ETTh1,96,2023,mixed,1.0,1.0,uniform,all,0.7,none,0,0.3917121589183807,0.4062298238277435,200,2026-03-22 09:08:11
8,latent,iTransformer,ETTh1,336,2022,mixed,1.0,1.0,uniform,all,0.0,none,0,0.4914678931236267,0.4616440534591675,281,2026-03-22 09:09:35
8,latent,iTransformer,ETTh1,336,2021,mixed,1.0,1.0,uniform,all,0.3,none,0,0.4861772060394287,0.457292377948761,311,2026-03-22 09:10:08
8,latent,iTransformer,ETTh1,336,2023,mixed,1.0,1.0,uniform,all,0.0,none,0,0.5021184086799622,0.4651607871055603,319,2026-03-22 09:10:16
8,latent,iTransformer,ETTh1,336,2021,mixed,1.0,1.0,uniform,all,0.0,none,0,0.4890513718128204,0.4585520029067993,322,2026-03-22 09:10:16
8,latent,iTransformer,ETTh1,336,2022,mixed,1.0,1.0,uniform,all,0.3,none,0,0.4916426837444305,0.4616628289222717,334,2026-03-22 09:10:34
8,latent,iTransformer,ETTh1,336,2023,mixed,1.0,1.0,uniform,all,0.3,none,0,0.5021184086799622,0.4651607871055603,340,2026-03-22 09:10:43
8,latent,iTransformer,ETTh1,336,2022,mixed,1.0,1.0,uniform,all,0.5,none,0,0.4917765855789184,0.4602507650852203,269,2026-03-22 09:12:57
8,latent,iTransformer,ETTh1,336,2021,mixed,1.0,1.0,uniform,all,0.5,none,0,0.4890849888324737,0.4602595567703247,344,2026-03-22 09:13:49
8,latent,iTransformer,ETTh1,336,2023,mixed,1.0,1.0,uniform,all,0.5,none,0,0.4889031946659088,0.4594166278839111,316,2026-03-22 09:13:53
8,latent,iTransformer,ETTh1,336,2021,mixed,1.0,1.0,uniform,all,0.7,none,0,0.4890849888324737,0.4602595567703247,280,2026-03-22 09:14:41
8,latent,iTransformer,ETTh1,336,2022,mixed,1.0,1.0,uniform,all,0.7,none,0,0.4905553460121155,0.4620749056339264,266,2026-03-22 09:15:01
8,latent,iTransformer,ETTh1,336,2023,mixed,1.0,1.0,uniform,all,0.7,none,0,0.4935505390167236,0.4628945291042328,311,2026-03-22 09:15:53
8,latent,iTransformer,ETTm1,96,2023,mixed,1.0,1.0,uniform,all,0.0,none,0,0.3354459106922149,0.3708752989768982,481,2026-03-22 09:19:10
8,latent,iTransformer,ETTm1,96,2021,mixed,1.0,1.0,uniform,all,0.0,none,0,0.3321473598480224,0.3686594069004059,537,2026-03-22 09:19:39
8,latent,iTransformer,ETTm1,96,2022,mixed,1.0,1.0,uniform,all,0.0,none,0,0.3363057374954223,0.3713615238666534,604,2026-03-22 09:21:04
8,latent,iTransformer,ETTm1,96,2022,mixed,1.0,1.0,uniform,all,0.3,none,0,0.3441005051136017,0.3771953284740448,468,2026-03-22 09:22:04
8,latent,iTransformer,ETTm1,96,2023,mixed,1.0,1.0,uniform,all,0.3,none,0,0.3304906487464905,0.3675262331962585,470,2026-03-22 09:22:09
8,latent,iTransformer,ETTm1,96,2021,mixed,1.0,1.0,uniform,all,0.3,none,0,0.3406930565834045,0.3755517899990082,545,2026-03-22 09:22:29
8,latent,iTransformer,ETTm1,96,2022,mixed,1.0,1.0,uniform,all,0.5,none,0,0.3319856524467468,0.3695301711559295,481,2026-03-22 09:23:28
8,latent,iTransformer,ETTm1,96,2021,mixed,1.0,1.0,uniform,all,0.5,none,0,0.3306776285171509,0.3686343133449554,534,2026-03-22 09:24:01
8,latent,iTransformer,ETTm1,96,2023,mixed,1.0,1.0,uniform,all,0.5,none,0,0.3465657532215118,0.3798560798168182,484,2026-03-22 09:24:23
8,latent,iTransformer,ETTm1,96,2022,mixed,1.0,1.0,uniform,all,0.7,none,0,0.3394030034542084,0.3732782304286957,476,2026-03-22 09:28:02
8,latent,iTransformer,ETTm1,96,2021,mixed,1.0,1.0,uniform,all,0.7,none,0,0.3337226510047912,0.3697519302368164,532,2026-03-22 09:28:29
8,latent,iTransformer,ETTm1,96,2023,mixed,1.0,1.0,uniform,all,0.7,none,0,0.3332644402980804,0.3700503706932068,470,2026-03-22 09:29:21
8,latent,iTransformer,ETTm1,336,2023,mixed,1.0,1.0,uniform,all,0.0,none,0,0.4199003577232361,0.420798510313034,781,2026-03-22 09:35:57
8,latent,iTransformer,ETTm1,336,2022,mixed,1.0,1.0,uniform,all,0.0,none,0,0.4322699010372162,0.4279001653194427,902,2026-03-22 09:37:37
8,latent,iTransformer,ETTm1,336,2023,mixed,1.0,1.0,uniform,all,0.3,none,0,0.4297232031822204,0.4246333241462707,813,2026-03-22 09:38:22
8,latent,iTransformer,ETTm1,336,2021,mixed,1.0,1.0,uniform,all,0.0,none,0,0.4413275122642517,0.4306155145168304,1310,2026-03-22 09:44:21
8,latent,iTransformer,ETTm1,336,2021,mixed,1.0,1.0,uniform,all,0.3,none,0,0.4413275122642517,0.4306155145168304,1265,2026-03-22 09:44:59
8,latent,iTransformer,ETTm1,336,2022,mixed,1.0,1.0,uniform,all,0.3,none,0,0.4201996326446533,0.4221825897693634,1240,2026-03-22 09:45:07
8,latent,iTransformer,ETTm1,336,2022,mixed,1.0,1.0,uniform,all,0.5,none,0,0.4364976584911346,0.4309392273426056,1049,2026-03-22 09:46:24
8,latent,iTransformer,ETTm1,336,2021,mixed,1.0,1.0,uniform,all,0.7,none,0,0.4413275122642517,0.4306155145168304,801,2026-03-22 09:49:45
8,latent,iTransformer,ETTm1,336,2021,mixed,1.0,1.0,uniform,all,0.5,none,0,0.4413275122642517,0.4306155145168304,1288,2026-03-22 09:49:57
8,latent,iTransformer,ETTm1,336,2023,mixed,1.0,1.0,uniform,all,0.5,none,0,0.4326472878456116,0.426097422838211,1270,2026-03-22 09:50:57
8,latent,iTransformer,ETTm1,336,2023,mixed,1.0,1.0,uniform,all,0.7,none,0,0.4326472878456116,0.426097422838211,802,2026-03-22 09:52:10
8,latent,iTransformer,ETTm1,336,2022,mixed,1.0,1.0,uniform,all,0.7,none,0,0.4289140403270721,0.4243255853652954,923,2026-03-22 09:53:26
8,latent,iTransformer,Weather,96,2022,mixed,1.0,1.0,uniform,all,0.0,none,0,0.1734941452741623,0.2155314236879348,1301,2026-03-22 10:07:07
8,latent,iTransformer,Weather,96,2023,mixed,1.0,1.0,uniform,all,0.0,none,0,0.172575756907463,0.2139420509338379,1346,2026-03-22 10:08:00
8,latent,iTransformer,Weather,96,2021,mixed,1.0,1.0,uniform,all,0.3,none,0,0.1706099659204483,0.2118941992521286,1397,2026-03-22 10:10:08
8,latent,iTransformer,Weather,96,2023,mixed,1.0,1.0,uniform,all,0.3,none,0,0.172575756907463,0.2139420509338379,1263,2026-03-22 10:11:27
8,latent,iTransformer,Weather,96,2022,mixed,1.0,1.0,uniform,all,0.3,none,0,0.1734941452741623,0.2155314236879348,1306,2026-03-22 10:11:58
8,latent,iTransformer,Weather,96,2022,mixed,1.0,1.0,uniform,all,0.5,none,0,0.1811386197805404,0.225508838891983,1300,2026-03-22 10:14:16
8,latent,iTransformer,Weather,96,2023,mixed,1.0,1.0,uniform,all,0.5,none,0,0.1813362091779709,0.2251125872135162,1280,2026-03-22 10:15:13
8,latent,iTransformer,Weather,96,2021,mixed,1.0,1.0,uniform,all,0.0,none,0,0.1780287772417068,0.22085902094841,1857,2026-03-22 10:15:45
8,latent,iTransformer,Weather,96,2021,mixed,1.0,1.0,uniform,all,0.5,none,0,0.1716036647558212,0.2121168822050094,2074,2026-03-22 10:25:57
8,latent,iTransformer,Weather,96,2022,mixed,1.0,1.0,uniform,all,0.7,none,0,0.1730516701936721,0.2150866538286209,1287,2026-03-22 10:29:54
8,latent,iTransformer,Weather,96,2023,mixed,1.0,1.0,uniform,all,0.7,none,0,0.1727237701416015,0.2144746035337448,1267,2026-03-22 10:31:42
8,latent,iTransformer,Weather,96,2021,mixed,1.0,1.0,uniform,all,0.7,none,0,0.1731205582618713,0.2128374725580215,2051,2026-03-22 10:41:45
8,latent,iTransformer,Weather,336,2022,mixed,1.0,1.0,uniform,all,0.3,none,0,0.2827257513999939,0.2992957234382629,2269,2026-03-22 10:54:02
8,latent,iTransformer,Weather,336,2023,mixed,1.0,1.0,uniform,all,0.0,none,0,0.2840813398361206,0.3016444742679596,2587,2026-03-22 10:57:51
8,latent,iTransformer,Weather,336,2022,mixed,1.0,1.0,uniform,all,0.0,none,0,0.2827257513999939,0.2992957234382629,2755,2026-03-22 10:58:20
8,latent,iTransformer,Weather,336,2021,mixed,1.0,1.0,uniform,all,0.0,none,0,0.279519110918045,0.2976643741130829,3171,2026-03-22 11:04:45
8,latent,iTransformer,Weather,336,2021,mixed,1.0,1.0,uniform,all,0.3,none,0,0.279519110918045,0.2976643741130829,3030,2026-03-22 11:06:10
8,latent,iTransformer,Weather,336,2023,mixed,1.0,1.0,uniform,all,0.3,none,0,0.278744488954544,0.2985709309577942,2570,2026-03-22 11:09:14
8,latent,iTransformer,Weather,336,2022,mixed,1.0,1.0,uniform,all,0.5,none,0,0.2905269861221313,0.306878000497818,2271,2026-03-22 11:09:59
8,latent,iTransformer,Weather,336,2021,mixed,1.0,1.0,uniform,all,0.5,none,0,0.2784246206283569,0.2963844537734985,2939,2026-03-22 11:19:19
8,latent,iTransformer,Weather,336,2023,mixed,1.0,1.0,uniform,all,0.5,none,0,0.2793444693088531,0.2987270653247833,2669,2026-03-22 11:26:40
8,latent,iTransformer,Weather,336,2022,mixed,1.0,1.0,uniform,all,0.7,none,0,0.2812456488609314,0.2981226742267608,2304,2026-03-22 11:36:42
8,latent,iTransformer,Weather,336,2023,mixed,1.0,1.0,uniform,all,0.7,none,0,0.2793444693088531,0.2987270653247833,2687,2026-03-22 11:43:34
8,latent,iTransformer,Weather,336,2021,mixed,1.0,1.0,uniform,all,0.7,none,0,0.2776316106319427,0.296690434217453,3102,2026-03-22 11:46:11
8,latent,PatchTST,ETTh1,96,2022,mixed,1.0,1.0,uniform,all,0.0,none,0,0.445125550031662,0.4435035288333893,154,2026-03-22 15:05:04
8,latent,PatchTST,ETTh1,96,2021,mixed,1.0,1.0,uniform,all,0.0,none,0,0.4318355619907379,0.4325752258300781,183,2026-03-22 15:05:33
8,latent,PatchTST,ETTh1,96,2023,mixed,1.0,1.0,uniform,all,0.0,none,0,0.456268161535263,0.4475107192993164,209,2026-03-22 15:06:58
8,latent,PatchTST,ETTh1,96,2021,mixed,1.0,1.0,uniform,all,0.3,none,0,0.431567519903183,0.4338452219963074,190,2026-03-22 15:07:03
8,latent,PatchTST,ETTh1,96,2022,mixed,1.0,1.0,uniform,all,0.3,none,0,0.4389984905719757,0.4391174018383026,149,2026-03-22 15:07:59
8,latent,PatchTST,ETTh1,96,2023,mixed,1.0,1.0,uniform,all,0.3,none,0,0.4529045224189758,0.4451706409454345,209,2026-03-22 15:09:28
8,latent,PatchTST,ETTh1,96,2022,mixed,1.0,1.0,uniform,all,0.5,none,0,0.4335870742797851,0.4348200857639313,149,2026-03-22 15:09:58
8,latent,PatchTST,ETTh1,96,2021,mixed,1.0,1.0,uniform,all,0.5,none,0,0.4270886778831482,0.4307614862918854,186,2026-03-22 15:10:30
8,latent,PatchTST,ETTh1,96,2023,mixed,1.0,1.0,uniform,all,0.5,none,0,0.4454648494720459,0.4409948289394378,207,2026-03-22 15:11:52
8,latent,PatchTST,ETTh1,96,2022,mixed,1.0,1.0,uniform,all,0.7,none,0,0.4286063313484192,0.4313273727893829,157,2026-03-22 15:13:01
8,latent,PatchTST,ETTh1,96,2021,mixed,1.0,1.0,uniform,all,0.7,none,0,0.4223918914794922,0.4273232221603393,188,2026-03-22 15:13:02
8,latent,PatchTST,ETTh1,96,2023,mixed,1.0,1.0,uniform,all,0.7,none,0,0.4274048209190368,0.4319240748882293,209,2026-03-22 15:14:25
8,latent,PatchTST,ETTh1,336,2021,mixed,1.0,1.0,uniform,all,0.0,none,0,0.5142049789428711,0.4812970161437988,303,2026-03-22 15:17:20
8,latent,PatchTST,ETTh1,336,2023,mixed,1.0,1.0,uniform,all,0.0,none,0,0.5181111097335815,0.4853952825069427,318,2026-03-22 15:18:46
8,latent,PatchTST,ETTh1,336,2022,mixed,1.0,1.0,uniform,all,0.0,none,0,0.5433220863342285,0.4955942630767822,341,2026-03-22 15:19:08
8,latent,PatchTST,ETTh1,336,2021,mixed,1.0,1.0,uniform,all,0.3,none,0,0.5066655874252319,0.4770273566246032,325,2026-03-22 15:20:16
8,latent,PatchTST,ETTh1,336,2022,mixed,1.0,1.0,uniform,all,0.3,none,0,0.5135226249694824,0.4804792106151581,326,2026-03-22 15:23:12
8,latent,PatchTST,ETTh1,336,2023,mixed,1.0,1.0,uniform,all,0.3,none,0,0.5127899646759033,0.4814197719097137,323,2026-03-22 15:24:35
8,latent,PatchTST,ETTh1,336,2021,mixed,1.0,1.0,uniform,all,0.5,none,0,0.5033293962478638,0.4744626581668854,351,2026-03-22 15:25:25
8,latent,PatchTST,ETTh1,336,2022,mixed,1.0,1.0,uniform,all,0.5,none,0,0.51002037525177,0.4780088365077972,351,2026-03-22 15:26:33
8,latent,PatchTST,ETTh1,336,2023,mixed,1.0,1.0,uniform,all,0.5,none,0,0.5224136710166931,0.4862046241760254,315,2026-03-22 15:28:53
8,latent,PatchTST,ETTh1,336,2021,mixed,1.0,1.0,uniform,all,0.7,none,0,0.4997239410877228,0.4717094898223877,336,2026-03-22 15:30:37
8,latent,PatchTST,ETTh1,336,2022,mixed,1.0,1.0,uniform,all,0.7,none,0,0.5057114958763123,0.4747473895549774,333,2026-03-22 15:31:25
8,latent,PatchTST,ETTh1,336,2023,mixed,1.0,1.0,uniform,all,0.7,none,0,0.5049414038658142,0.4756031632423401,336,2026-03-22 15:32:35
8,latent,PatchTST,ETTm1,96,2021,mixed,1.0,1.0,uniform,all,0.0,none,0,0.3887888193130493,0.4088363349437713,653,2026-03-22 15:40:12
8,latent,PatchTST,ETTm1,96,2023,mixed,1.0,1.0,uniform,all,0.0,none,0,0.3890400230884552,0.4028506875038147,609,2026-03-22 15:42:00
8,latent,PatchTST,ETTm1,96,2022,mixed,1.0,1.0,uniform,all,0.0,none,0,0.4489486217498779,0.436674416065216,759,2026-03-22 15:43:42
8,latent,PatchTST,ETTm1,96,2021,mixed,1.0,1.0,uniform,all,0.3,none,0,0.382012665271759,0.4016804695129394,668,2026-03-22 15:44:10
8,latent,PatchTST,ETTm1,96,2022,mixed,1.0,1.0,uniform,all,0.3,none,0,0.38472381234169,0.4031044840812683,762,2026-03-22 15:53:21
8,latent,PatchTST,ETTm1,96,2021,mixed,1.0,1.0,uniform,all,0.5,none,0,0.3787315487861633,0.4010615944862366,553,2026-03-22 15:53:22
8,latent,PatchTST,ETTm1,96,2023,mixed,1.0,1.0,uniform,all,0.3,none,0,0.3853346705436706,0.4027522802352905,734,2026-03-22 15:54:41
8,latent,PatchTST,ETTm1,96,2022,mixed,1.0,1.0,uniform,all,0.5,none,0,0.4326462745666504,0.4312550127506256,777,2026-03-22 15:57:34
8,latent,PatchTST,ETTm1,96,2021,mixed,1.0,1.0,uniform,all,0.7,none,0,0.3746969103813171,0.3981570303440094,545,2026-03-22 16:02:54
8,latent,PatchTST,ETTm1,96,2023,mixed,1.0,1.0,uniform,all,0.5,none,0,0.3857291638851166,0.4064343571662903,625,2026-03-22 16:04:12
8,latent,PatchTST,ETTm1,96,2022,mixed,1.0,1.0,uniform,all,0.7,none,0,0.3778458833694458,0.3989961743354797,755,2026-03-22 16:07:42
8,latent,PatchTST,ETTm1,96,2023,mixed,1.0,1.0,uniform,all,0.7,none,0,0.3809996843338012,0.4003895223140716,626,2026-03-22 16:08:26
8,latent,PatchTST,ETTm1,336,2021,mixed,1.0,1.0,uniform,all,0.0,none,0,0.454327791929245,0.4387259483337402,1134,2026-03-22 16:22:14
8,latent,PatchTST,ETTm1,336,2022,mixed,1.0,1.0,uniform,all,0.0,none,0,0.5048254132270813,0.4696448743343353,1293,2026-03-22 16:26:11
8,latent,PatchTST,ETTm1,336,2021,mixed,1.0,1.0,uniform,all,0.3,none,0,0.454327791929245,0.4387259483337402,1138,2026-03-22 16:27:50
8,latent,PatchTST,ETTm1,336,2023,mixed,1.0,1.0,uniform,all,0.0,none,0,0.4607913494110107,0.4405322670936584,1287,2026-03-22 16:29:36
8,latent,PatchTST,ETTm1,336,2022,mixed,1.0,1.0,uniform,all,0.3,none,0,0.4563541114330292,0.4390762150287628,1290,2026-03-22 16:44:10
8,latent,PatchTST,ETTm1,336,2021,mixed,1.0,1.0,uniform,all,0.5,none,0,0.4559819102287292,0.4408313930034637,1155,2026-03-22 16:47:31
8,latent,PatchTST,ETTm1,336,2023,mixed,1.0,1.0,uniform,all,0.3,none,0,0.4582545459270477,0.4399980008602142,1260,2026-03-22 16:47:37
8,latent,PatchTST,ETTm1,336,2022,mixed,1.0,1.0,uniform,all,0.5,none,0,0.4926464855670929,0.4609692692756653,1273,2026-03-22 16:51:16
8,latent,PatchTST,ETTm1,336,2023,mixed,1.0,1.0,uniform,all,0.5,none,0,0.4569575786590576,0.4405424892902374,1255,2026-03-22 17:05:32
8,latent,PatchTST,ETTm1,336,2021,mixed,1.0,1.0,uniform,all,0.7,none,0,0.457532525062561,0.4425421357154846,1163,2026-03-22 17:07:21
8,latent,PatchTST,ETTm1,336,2022,mixed,1.0,1.0,uniform,all,0.7,none,0,0.4560460448265075,0.4404539763927459,1325,2026-03-22 17:10:10
8,latent,PatchTST,ETTm1,336,2023,mixed,1.0,1.0,uniform,all,0.7,none,0,0.4577701389789581,0.441797137260437,1286,2026-03-22 17:13:09
8,latent,PatchTST,Weather,96,2021,mixed,1.0,1.0,uniform,all,0.0,none,0,0.1861595213413238,0.2343581169843673,2088,2026-03-22 17:40:47
8,latent,PatchTST,Weather,96,2022,mixed,1.0,1.0,uniform,all,0.0,none,0,0.188345193862915,0.2369912564754486,2066,2026-03-22 17:41:02
8,latent,PatchTST,Weather,96,2023,mixed,1.0,1.0,uniform,all,0.0,none,0,0.1860208362340927,0.2349537163972854,2025,2026-03-22 17:41:33
8,latent,PatchTST,Weather,96,2021,mixed,1.0,1.0,uniform,all,0.3,none,0,0.1873464733362198,0.2357393652200698,2149,2026-03-22 17:43:54
8,latent,PatchTST,Weather,96,2022,mixed,1.0,1.0,uniform,all,0.3,none,0,0.1863864511251449,0.2347351014614105,2036,2026-03-22 17:44:32
8,latent,PatchTST,Weather,96,2021,mixed,1.0,1.0,uniform,all,0.5,none,0,0.1873464733362198,0.2357393652200698,2086,2026-03-22 17:46:21
8,latent,PatchTST,Weather,96,2023,mixed,1.0,1.0,uniform,all,0.3,none,0,0.1858277767896652,0.2340302318334579,2155,2026-03-22 17:47:00
8,latent,PatchTST,Weather,96,2022,mixed,1.0,1.0,uniform,all,0.5,none,0,0.1854825019836425,0.233486145734787,2105,2026-03-22 17:48:40
8,latent,PatchTST,Weather,96,2023,mixed,1.0,1.0,uniform,all,0.5,none,0,0.1835187524557113,0.2323215007781982,2105,2026-03-22 17:56:11
8,latent,PatchTST,Weather,96,2021,mixed,1.0,1.0,uniform,all,0.7,none,0,0.1850688606500625,0.2327973246574401,2164,2026-03-22 18:04:42
8,latent,PatchTST,Weather,96,2022,mixed,1.0,1.0,uniform,all,0.7,none,0,0.1850524991750717,0.2325778156518936,2064,2026-03-22 18:13:03
8,latent,PatchTST,Weather,96,2023,mixed,1.0,1.0,uniform,all,0.7,none,0,0.1846814155578613,0.2323177754878997,2117,2026-03-22 18:16:38
8,latent,PatchTST,Weather,336,2021,mixed,1.0,1.0,uniform,all,0.0,none,0,0.2884463965892792,0.3088171780109405,2974,2026-03-22 18:31:03
8,latent,PatchTST,Weather,336,2023,mixed,1.0,1.0,uniform,all,0.0,none,0,0.2899455726146698,0.3101300001144409,2898,2026-03-22 18:32:38
8,latent,PatchTST,Weather,336,2021,mixed,1.0,1.0,uniform,all,0.3,none,0,0.2884463965892792,0.3088171780109405,3030,2026-03-22 18:35:28
8,latent,PatchTST,Weather,336,2023,mixed,1.0,1.0,uniform,all,0.3,none,0,0.2900041043758392,0.3104780912399292,3087,2026-03-22 18:38:15
8,latent,PatchTST,Weather,336,2021,mixed,1.0,1.0,uniform,all,0.5,none,0,0.2884463965892792,0.3088171780109405,3131,2026-03-22 18:39:37
8,latent,PatchTST,Weather,336,2023,mixed,1.0,1.0,uniform,all,0.5,none,0,0.2900041043758392,0.3104780912399292,3103,2026-03-22 18:40:49
8,latent,PatchTST,Weather,336,2022,mixed,1.0,1.0,uniform,all,0.0,none,0,0.288578987121582,0.3089984059333801,3598,2026-03-22 18:41:58
8,latent,PatchTST,Weather,336,2021,mixed,1.0,1.0,uniform,all,0.7,none,0,0.2884463965892792,0.3088171780109405,3049,2026-03-22 18:47:26
8,latent,PatchTST,Weather,336,2022,mixed,1.0,1.0,uniform,all,0.3,none,0,0.288578987121582,0.3089984059333801,3886,2026-03-22 18:49:56
8,latent,PatchTST,Weather,336,2022,mixed,1.0,1.0,uniform,all,0.5,none,0,0.2903540730476379,0.3110113143920898,3825,2026-03-22 18:51:54
8,latent,PatchTST,Weather,336,2022,mixed,1.0,1.0,uniform,all,0.7,none,0,0.288799375295639,0.3092891275882721,3784,2026-03-22 19:06:14
8,latent,PatchTST,Weather,336,2023,mixed,1.0,1.0,uniform,all,0.7,none,0,0.2900141477584839,0.3101895749568939,3795,2026-03-22 19:08:24
8,latent,DLinear,Electricity,96,2023,mixed,1.0,1.0,uniform,all,0.0,none,0,0.2483666241168975,0.3422805368900299,7110,2026-04-11 12:34:43
8,latent,DLinear,Electricity,96,2022,mixed,1.0,1.0,uniform,all,0.3,none,0,0.2576173841953277,0.3498316705226898,7962,2026-04-11 13:11:45
8,latent,DLinear,Electricity,96,2023,mixed,1.0,1.0,uniform,all,0.3,none,0,0.2462082058191299,0.3396116495132446,7206,2026-04-11 13:18:35
8,latent,DLinear,Electricity,96,2021,mixed,1.0,1.0,uniform,all,0.5,none,0,0.2420611083507537,0.3339338004589081,7890,2026-04-11 13:38:26
8,latent,DLinear,Electricity,96,2022,mixed,1.0,1.0,uniform,all,0.5,none,0,0.2418277263641357,0.3339444994926452,7985,2026-04-11 13:59:40
8,latent,DLinear,Electricity,96,2023,mixed,1.0,1.0,uniform,all,0.7,none,0,0.2446495443582534,0.3377300202846527,308,2026-04-24 19:25:35
8,latent,DLinear,Electricity,96,2023,mixed,1.0,1.0,uniform,all,0.5,none,0,0.2446495443582534,0.3377300202846527,314,2026-04-24 19:25:43
8,latent,DLinear,Electricity,96,2022,mixed,1.0,1.0,uniform,all,0.7,none,0,0.2418154180049896,0.3340564370155334,328,2026-04-24 19:25:59
8,latent,DLinear,Electricity,96,2021,mixed,1.0,1.0,uniform,all,0.7,none,0,0.2419226765632629,0.3341476321220398,379,2026-04-24 19:26:59
8,latent,DLinear,Electricity,336,2022,mixed,1.0,1.0,uniform,all,0.0,none,0,0.2531272172927856,0.3495077490806579,481,2026-04-24 19:28:27
8,latent,DLinear,Electricity,336,2021,mixed,1.0,1.0,uniform,all,0.0,none,0,0.2531186044216156,0.349748820066452,475,2026-04-24 19:28:28
8,latent,DLinear,Electricity,336,2022,mixed,1.0,1.0,uniform,all,0.3,none,0,0.2531272172927856,0.3495077490806579,473,2026-04-24 19:28:44
8,latent,DLinear,Electricity,336,2021,mixed,1.0,1.0,uniform,all,0.5,none,0,0.2563411891460418,0.3541037142276764,530,2026-04-24 19:29:43
8,latent,DLinear,Electricity,336,2021,mixed,1.0,1.0,uniform,all,0.7,none,0,0.2563411891460418,0.3541037142276764,528,2026-04-24 19:29:50
8,latent,DLinear,Electricity,336,2022,mixed,1.0,1.0,uniform,all,0.5,none,0,0.252979040145874,0.3496516644954681,561,2026-04-24 19:30:16
8,latent,DLinear,Electricity,336,2023,mixed,1.0,1.0,uniform,all,0.3,none,0,0.2531994879245758,0.3499988317489624,571,2026-04-24 19:30:23
8,latent,DLinear,Electricity,336,2023,mixed,1.0,1.0,uniform,all,0.0,none,0,0.2531994879245758,0.3499988317489624,597,2026-04-24 19:30:47
8,latent,DLinear,Electricity,336,2023,mixed,1.0,1.0,uniform,all,0.5,none,0,0.2531994879245758,0.3499988317489624,603,2026-04-24 19:30:58
8,latent,DLinear,Electricity,336,2021,mixed,1.0,1.0,uniform,all,0.3,none,0,0.2563411891460418,0.3541037142276764,613,2026-04-24 19:31:03
8,latent,DLinear,Electricity,336,2022,mixed,1.0,1.0,uniform,all,0.7,none,0,0.2497706413269043,0.3454560339450836,563,2026-04-24 19:35:24
8,latent,DLinear,Electricity,336,2023,mixed,1.0,1.0,uniform,all,0.7,none,0,0.2499467134475708,0.3457436859607696,630,2026-04-24 19:36:40
8,latent,SegRNN,Electricity,96,2021,mixed,1.0,1.0,uniform,all,0.0,none,0,0.2252597510814666,0.3146581947803497,728,2026-04-24 19:38:33
8,latent,SegRNN,Electricity,96,2022,mixed,1.0,1.0,uniform,all,0.0,none,0,0.218655452132225,0.3067603409290313,717,2026-04-24 19:39:23
8,latent,SegRNN,Electricity,96,2023,mixed,1.0,1.0,uniform,all,0.0,none,0,0.2166126668453216,0.3055087029933929,716,2026-04-24 19:42:50
8,latent,SegRNN,Electricity,96,2021,mixed,1.0,1.0,uniform,all,0.3,none,0,0.2215418666601181,0.3108971714973449,707,2026-04-24 19:42:54
8,latent,SegRNN,Electricity,96,2023,mixed,1.0,1.0,uniform,all,0.3,none,0,0.2166126668453216,0.3055087029933929,712,2026-04-24 19:43:14
8,latent,SegRNN,Electricity,96,2022,mixed,1.0,1.0,uniform,all,0.5,none,0,0.2173575758934021,0.3062031269073486,711,2026-04-24 19:43:14
8,latent,SegRNN,Electricity,96,2023,mixed,1.0,1.0,uniform,all,0.5,none,0,0.2166126668453216,0.3055087029933929,710,2026-04-24 19:43:16
8,latent,SegRNN,Electricity,96,2022,mixed,1.0,1.0,uniform,all,0.3,none,0,0.2173575758934021,0.3062031269073486,716,2026-04-24 19:43:17
8,latent,SegRNN,Electricity,96,2021,mixed,1.0,1.0,uniform,all,0.5,none,0,0.2189212888479232,0.3081946969032287,718,2026-04-24 19:43:20
8,latent,SegRNN,Electricity,96,2023,mixed,1.0,1.0,uniform,all,0.7,none,0,0.2166126668453216,0.3055087029933929,720,2026-04-24 19:43:31
8,latent,SegRNN,Electricity,96,2022,mixed,1.0,1.0,uniform,all,0.7,none,0,0.2173575758934021,0.3062031269073486,738,2026-04-24 19:43:48
8,latent,SegRNN,Electricity,96,2021,mixed,1.0,1.0,uniform,all,0.7,none,0,0.2166160494089126,0.3056820631027221,732,2026-04-24 19:44:00
8,latent,SegRNN,Electricity,336,2021,mixed,1.0,1.0,uniform,all,0.0,none,0,0.2451453059911728,0.3317387104034424,1382,2026-04-24 19:59:01
8,latent,SegRNN,Electricity,336,2022,mixed,1.0,1.0,uniform,all,0.0,none,0,0.2480383962392807,0.3353515565395355,1478,2026-04-24 20:02:04
8,latent,SegRNN,Electricity,336,2023,mixed,1.0,1.0,uniform,all,0.0,none,0,0.2437565475702285,0.3296988904476166,1513,2026-04-24 20:06:37
8,latent,SegRNN,Electricity,336,2021,mixed,1.0,1.0,uniform,all,0.3,none,0,0.2434882223606109,0.3296933472156524,1538,2026-04-24 20:07:06
8,latent,SegRNN,Electricity,336,2023,mixed,1.0,1.0,uniform,all,0.3,none,0,0.2437565475702285,0.3296988904476166,1476,2026-04-24 20:08:15
8,latent,SegRNN,Electricity,336,2022,mixed,1.0,1.0,uniform,all,0.5,none,0,0.243503913283348,0.3301131129264831,1480,2026-04-24 20:08:39
8,latent,SegRNN,Electricity,336,2023,mixed,1.0,1.0,uniform,all,0.7,none,0,0.2437565475702285,0.3296988904476166,1479,2026-04-24 20:08:48
8,latent,SegRNN,Electricity,336,2023,mixed,1.0,1.0,uniform,all,0.5,none,0,0.2437565475702285,0.3296988904476166,1503,2026-04-24 20:08:56
8,latent,SegRNN,Electricity,336,2022,mixed,1.0,1.0,uniform,all,0.7,none,0,0.2415231615304947,0.3277653753757477,1512,2026-04-24 20:08:59
8,latent,SegRNN,Electricity,336,2022,mixed,1.0,1.0,uniform,all,0.3,none,0,0.245247408747673,0.3321855962276459,1540,2026-04-24 20:09:05
8,latent,SegRNN,Electricity,336,2021,mixed,1.0,1.0,uniform,all,0.7,none,0,0.2434882223606109,0.3296933472156524,1512,2026-04-24 20:09:09
8,latent,SegRNN,Electricity,336,2021,mixed,1.0,1.0,uniform,all,0.5,none,0,0.2434882223606109,0.3296933472156524,1550,2026-04-24 20:09:38
8,latent,TimesNet,Electricity,96,2022,mixed,1.0,1.0,uniform,all,0.0,none,0,0.2218095660209655,0.3220750689506531,1759,2026-04-24 20:13:45
8,latent,TimesNet,Electricity,96,2021,mixed,1.0,1.0,uniform,all,0.0,none,0,0.2429891228675842,0.3350061178207397,1764,2026-04-24 20:13:53
8,latent,TimesNet,Electricity,336,2021,mixed,1.0,1.0,uniform,all,0.3,none,0,0.2699460387229919,0.3529986143112182,1668,2026-04-26 06:28:48
8,latent,TimesNet,Electricity,96,2023,mixed,1.0,1.0,uniform,all,0.7,none,0,0.2487369626760482,0.3389355838298797,1724,2026-04-26 06:29:47
8,latent,TimesNet,Electricity,96,2022,mixed,1.0,1.0,uniform,all,0.7,none,0,0.21287502348423,0.3154468238353729,1729,2026-04-26 06:29:54
8,latent,TimesNet,Electricity,96,2022,mixed,1.0,1.0,uniform,all,0.5,none,0,0.21287502348423,0.3154468238353729,1733,2026-04-26 06:30:05
8,latent,TimesNet,Electricity,96,2023,mixed,1.0,1.0,uniform,all,0.5,none,0,0.2487369626760482,0.3389355838298797,1745,2026-04-26 06:30:08
8,latent,TimesNet,Electricity,96,2023,mixed,1.0,1.0,uniform,all,0.3,none,0,0.2487369626760482,0.3389355838298797,1750,2026-04-26 06:30:16
8,latent,TimesNet,Electricity,96,2022,mixed,1.0,1.0,uniform,all,0.3,none,0,0.21287502348423,0.3154468238353729,1772,2026-04-26 06:30:33
8,latent,TimesNet,Electricity,96,2023,mixed,1.0,1.0,uniform,all,0.0,none,0,0.2485327124595642,0.3388409912586212,1772,2026-04-26 06:30:34
8,latent,TimesNet,Electricity,96,2021,mixed,1.0,1.0,uniform,all,0.5,none,0,0.2125684767961502,0.3146265149116516,1780,2026-04-26 06:30:41
8,latent,TimesNet,Electricity,96,2021,mixed,1.0,1.0,uniform,all,0.7,none,0,0.2066613733768463,0.3097985386848449,1780,2026-04-26 06:30:49
8,latent,TimesNet,Electricity,96,2021,mixed,1.0,1.0,uniform,all,0.3,none,0,0.2194747328758239,0.3200752437114715,1793,2026-04-26 06:30:57
8,latent,TimesNet,Electricity,336,2021,mixed,1.0,1.0,uniform,all,0.0,none,0,0.2696418762207031,0.3527123928070068,2594,2026-04-26 06:44:14
8,latent,TimesNet,Electricity,336,2022,mixed,1.0,1.0,uniform,all,0.0,none,0,0.2731534242630005,0.3563197255134582,2756,2026-04-26 06:47:02
8,latent,TimesNet,Electricity,336,2023,mixed,1.0,1.0,uniform,all,0.0,none,0,0.2696947455406189,0.3530146181583404,3231,2026-04-26 06:54:56
8,latent,TimesNet,Electricity,336,2021,mixed,1.0,1.0,uniform,all,0.5,none,0,0.273208886384964,0.3588539958000183,1669,2026-04-26 06:59:07
8,latent,iTransformer,Electricity,96,2021,mixed,1.0,1.0,uniform,all,0.0,none,0,0.1789065301418304,0.2704146802425384,1083,2026-04-26 06:59:34
8,latent,iTransformer,Electricity,96,2022,mixed,1.0,1.0,uniform,all,0.0,none,0,0.1791776865720749,0.2711042463779449,1082,2026-04-26 06:59:36
8,latent,iTransformer,Electricity,96,2023,mixed,1.0,1.0,uniform,all,0.0,none,0,0.1755419373512268,0.2673445641994476,1111,2026-04-26 07:00:05
8,latent,iTransformer,Electricity,96,2022,mixed,1.0,1.0,uniform,all,0.3,none,0,0.1778083443641662,0.269784152507782,1092,2026-04-26 07:09:26
8,latent,iTransformer,Electricity,96,2021,mixed,1.0,1.0,uniform,all,0.3,none,0,0.1774131506681442,0.269671618938446,1119,2026-04-26 07:09:50
8,latent,TimesNet,Electricity,336,2022,mixed,1.0,1.0,uniform,all,0.3,none,0,0.2702090144157409,0.3529242277145386,2724,2026-04-26 07:14:50
8,latent,iTransformer,Electricity,96,2023,mixed,1.0,1.0,uniform,all,0.3,none,0,0.171718418598175,0.263634443283081,1084,2026-04-26 07:17:39
8,latent,iTransformer,Electricity,96,2023,mixed,1.0,1.0,uniform,all,0.5,none,0,0.1742569804191589,0.2663865983486175,1083,2026-04-26 07:19:29
8,latent,iTransformer,Electricity,96,2022,mixed,1.0,1.0,uniform,all,0.5,none,0,0.1756179630756378,0.2677291333675384,1092,2026-04-26 07:19:39
8,latent,iTransformer,Electricity,96,2021,mixed,1.0,1.0,uniform,all,0.5,none,0,0.1755685359239578,0.2670326828956604,1102,2026-04-26 07:19:45
8,latent,TimesNet,Electricity,336,2023,mixed,1.0,1.0,uniform,all,0.3,none,0,0.2680886685848236,0.3512525260448456,3079,2026-04-26 07:22:36
8,latent,TimesNet,Electricity,336,2022,mixed,1.0,1.0,uniform,all,0.5,none,0,0.2682014107704162,0.3510357439517975,2609,2026-04-26 07:25:01
8,latent,TimesNet,Electricity,336,2021,mixed,1.0,1.0,uniform,all,0.7,none,0,0.2651768028736114,0.3563690781593323,2660,2026-04-26 07:25:51
8,latent,iTransformer,Electricity,96,2022,mixed,1.0,1.0,uniform,all,0.7,none,0,0.1709315478801727,0.2628301084041595,1075,2026-04-26 07:29:36
8,latent,iTransformer,Electricity,96,2021,mixed,1.0,1.0,uniform,all,0.7,none,0,0.1714125424623489,0.2628685235977173,1080,2026-04-26 07:29:39
8,latent,iTransformer,Electricity,96,2023,mixed,1.0,1.0,uniform,all,0.7,none,0,0.1700449287891388,0.2620930969715118,1079,2026-04-26 07:29:41
8,latent,TimesNet,Electricity,336,2022,mixed,1.0,1.0,uniform,all,0.7,none,0,0.2682014107704162,0.3510357439517975,2904,2026-04-26 07:29:55
8,latent,TimesNet,Electricity,336,2023,mixed,1.0,1.0,uniform,all,0.5,none,0,0.2664447724819183,0.3500761687755584,3148,2026-04-26 07:33:59
8,latent,TimesNet,Electricity,336,2023,mixed,1.0,1.0,uniform,all,0.7,none,0,0.2640978991985321,0.3484945297241211,3276,2026-04-26 07:36:07
8,latent,iTransformer,Electricity,336,2021,mixed,1.0,1.0,uniform,all,0.0,none,0,0.2022008299827575,0.2912026345729828,1276,2026-04-26 07:36:41
8,latent,iTransformer,Electricity,336,2022,mixed,1.0,1.0,uniform,all,0.0,none,0,0.2030337005853653,0.2925854325294494,1278,2026-04-26 07:39:43
8,latent,iTransformer,Electricity,336,2022,mixed,1.0,1.0,uniform,all,0.3,none,0,0.2008105963468551,0.2903419137001037,1279,2026-04-26 07:42:41
8,latent,iTransformer,Electricity,336,2021,mixed,1.0,1.0,uniform,all,0.3,none,0,0.2026214301586151,0.291831910610199,1289,2026-04-26 07:42:51
8,latent,iTransformer,Electricity,336,2023,mixed,1.0,1.0,uniform,all,0.0,none,0,0.2034980803728103,0.2925094962120056,1359,2026-04-26 07:43:58
8,latent,iTransformer,Electricity,336,2023,mixed,1.0,1.0,uniform,all,0.3,none,0,0.2015111744403839,0.2907240688800812,1294,2026-04-26 07:44:50
8,latent,iTransformer,Electricity,336,2023,mixed,1.0,1.0,uniform,all,0.7,none,0,0.198009580373764,0.2877258360385895,1269,2026-04-26 07:52:47
8,latent,iTransformer,Electricity,336,2022,mixed,1.0,1.0,uniform,all,0.5,none,0,0.1982018202543258,0.2879092693328857,1280,2026-04-26 07:52:54
8,latent,iTransformer,Electricity,336,2021,mixed,1.0,1.0,uniform,all,0.5,none,0,0.1982603073120117,0.2876430749893188,1287,2026-04-26 07:53:01
8,latent,iTransformer,Electricity,336,2023,mixed,1.0,1.0,uniform,all,0.5,none,0,0.2000191956758499,0.2892977893352508,1287,2026-04-26 07:53:01
8,latent,iTransformer,Electricity,336,2022,mixed,1.0,1.0,uniform,all,0.7,none,0,0.1981496065855026,0.2878555357456207,1289,2026-04-26 07:53:06
8,latent,iTransformer,Electricity,336,2021,mixed,1.0,1.0,uniform,all,0.7,none,0,0.1982603073120117,0.2876430749893188,1303,2026-04-26 07:53:17
8,latent,PatchTST,Electricity,96,2021,mixed,1.0,1.0,uniform,all,0.0,none,0,0.2349572330713272,0.3300457298755646,1901,2026-04-26 08:08:31
8,latent,PatchTST,Electricity,96,2022,mixed,1.0,1.0,uniform,all,0.0,none,0,0.2390751838684082,0.3313385248184204,1903,2026-04-26 08:12:01
8,latent,PatchTST,Electricity,96,2021,mixed,1.0,1.0,uniform,all,0.3,none,0,0.236042320728302,0.3297666907310486,1911,2026-04-26 08:13:14
8,latent,PatchTST,Electricity,96,2023,mixed,1.0,1.0,uniform,all,0.0,none,0,0.2405813485383987,0.3324755728244781,1915,2026-04-26 08:13:17
8,latent,PatchTST,Electricity,96,2022,mixed,1.0,1.0,uniform,all,0.5,none,0,0.2390751838684082,0.3313385248184204,1391,2026-04-26 08:14:30
8,latent,PatchTST,Electricity,96,2022,mixed,1.0,1.0,uniform,all,0.3,none,0,0.2390751838684082,0.3313385248184204,1910,2026-04-26 08:15:08
8,latent,PatchTST,Electricity,96,2022,mixed,1.0,1.0,uniform,all,0.7,none,0,0.2390751838684082,0.3313385248184204,1405,2026-04-26 08:16:53
8,latent,PatchTST,Electricity,96,2023,mixed,1.0,1.0,uniform,all,0.3,none,0,0.2373152524232864,0.3302021622657776,1899,2026-04-26 08:17:14
8,latent,PatchTST,Electricity,336,2022,mixed,1.0,1.0,uniform,all,0.0,none,0,0.2570254802703857,0.348160058259964,1739,2026-04-26 08:23:03
8,latent,PatchTST,Electricity,96,2021,mixed,1.0,1.0,uniform,all,0.5,none,0,0.2322310805320739,0.3268170654773712,1931,2026-04-26 08:23:28
8,latent,PatchTST,Electricity,96,2023,mixed,1.0,1.0,uniform,all,0.5,none,0,0.2330880761146545,0.3269910812377929,1899,2026-04-26 08:25:04
8,latent,PatchTST,Electricity,96,2023,mixed,1.0,1.0,uniform,all,0.7,none,0,0.2330880761146545,0.3269910812377929,1896,2026-04-26 08:25:04
8,latent,PatchTST,Electricity,96,2021,mixed,1.0,1.0,uniform,all,0.7,none,0,0.2322310805320739,0.3268170654773712,1923,2026-04-26 08:25:26
8,latent,PatchTST,Electricity,336,2021,mixed,1.0,1.0,uniform,all,0.0,none,0,0.2621284127235412,0.3519511222839355,2103,2026-04-26 08:28:54
8,latent,PatchTST,Electricity,336,2022,mixed,1.0,1.0,uniform,all,0.3,none,0,0.2524343430995941,0.3452613949775696,1746,2026-04-26 08:44:14
8,latent,PatchTST,Electricity,336,2023,mixed,1.0,1.0,uniform,all,0.0,none,0,0.2550382018089294,0.348254531621933,2108,2026-04-26 08:44:23
8,latent,PatchTST,Electricity,336,2021,mixed,1.0,1.0,uniform,all,0.3,none,0,0.2523819208145141,0.3466354310512543,2095,2026-04-26 08:47:31
8,latent,PatchTST,Electricity,336,2022,mixed,1.0,1.0,uniform,all,0.5,none,0,0.2512156665325165,0.3447957336902618,1736,2026-04-26 08:50:26
8,latent,PatchTST,Electricity,336,2023,mixed,1.0,1.0,uniform,all,0.3,none,0,0.2532479465007782,0.3472813069820404,2108,2026-04-26 08:52:45
8,latent,PatchTST,Electricity,336,2022,mixed,1.0,1.0,uniform,all,0.7,none,0,0.2512156665325165,0.3447957336902618,1821,2026-04-26 08:54:03
8,latent,PatchTST,Electricity,336,2021,mixed,1.0,1.0,uniform,all,0.5,none,0,0.2519027888774872,0.3457963764667511,2104,2026-04-26 08:56:23
8,latent,PatchTST,Electricity,336,2023,mixed,1.0,1.0,uniform,all,0.5,none,0,0.2532479465007782,0.3472813069820404,2095,2026-04-26 08:56:28
8,latent,PatchTST,Electricity,336,2021,mixed,1.0,1.0,uniform,all,0.7,none,0,0.2519027888774872,0.3457963764667511,2102,2026-04-26 08:56:35
8,latent,PatchTST,Electricity,336,2023,mixed,1.0,1.0,uniform,all,0.7,none,0,0.251758873462677,0.3454064726829529,2096,2026-04-26 09:04:31
9,cacheablation,PatchTST,ETTh1,96,2021,mixed,1.0,1.0,uniform,ambiguous,0.0,none,0,0.4661169946193695,0.458217591047287,107,2026-04-11 14:13:54
9,cacheablation,PatchTST,ETTh1,96,2022,mixed,1.0,1.0,uniform,cache0,0.0,none,0,0.4427136480808258,0.4413410425186157,117,2026-04-11 14:14:04
9,cacheablation,PatchTST,ETTh1,96,2023,mixed,1.0,1.0,uniform,cache0,0.0,none,0,0.512079119682312,0.4804985523223877,145,2026-04-11 14:14:32
9,cacheablation,PatchTST,ETTh1,96,2022,mixed,1.0,1.0,uniform,cache100,0.0,none,0,0.4643730223178863,0.4575231075286865,110,2026-04-11 14:15:44
9,cacheablation,PatchTST,ETTh1,96,2023,mixed,1.0,1.0,uniform,ambiguous,0.0,none,0,0.4537939429283142,0.4477804899215698,151,2026-04-11 14:16:35
9,cacheablation,PatchTST,ETTh1,336,2021,mixed,1.0,1.0,uniform,cache100,0.0,none,0,0.5135133862495422,0.4822935461997986,1395,2026-04-11 14:40:35
9,cacheablation,PatchTST,ETTh1,336,2021,mixed,1.0,1.0,uniform,cache0,0.0,none,0,0.5128191709518433,0.4816147685050964,1969,2026-04-11 14:47:21
9,cacheablation,PatchTST,ETTh1,336,2022,mixed,1.0,1.0,uniform,cache0,0.0,none,0,0.5508240461349487,0.5001096129417419,2162,2026-04-11 14:51:46
9,cacheablation,PatchTST,ETTh1,336,2023,mixed,1.0,1.0,uniform,cache0,0.0,none,0,0.6041467785835266,0.5319808721542358,2218,2026-04-11 14:53:33
9,cacheablation,PatchTST,ETTh1,336,2023,mixed,1.0,1.0,uniform,cache500,0.0,none,0,0.5483258366584778,0.5005295872688293,1029,2026-04-11 15:08:56
9,cacheablation,PatchTST,ETTh1,336,2022,mixed,1.0,1.0,uniform,cache100,0.0,none,0,0.5434409976005554,0.4961238801479339,1747,2026-04-11 15:09:42
9,cacheablation,PatchTST,ETTh1,336,2023,mixed,1.0,1.0,uniform,cache100,0.0,none,0,0.5448715686798096,0.4984569549560547,1497,2026-04-11 15:12:18
9,cacheablation,PatchTST,ETTm1,96,2021,mixed,1.0,1.0,uniform,ambiguous,0.0,none,0,0.3948866724967956,0.4132101237773895,1313,2026-04-11 15:15:26
9,cacheablation,PatchTST,ETTm1,96,2022,mixed,1.0,1.0,uniform,cache0,0.0,none,0,0.3972557783126831,0.4135020673274994,635,2026-04-11 15:19:31
9,cacheablation,PatchTST,ETTm1,96,2023,mixed,1.0,1.0,uniform,cache0,0.0,none,0,0.3873153626918793,0.4016727209091186,606,2026-04-11 15:19:48
9,cacheablation,PatchTST,ETTm1,96,2022,mixed,1.0,1.0,uniform,cache100,0.0,none,0,0.3937266767024994,0.4121922850608825,426,2026-04-11 15:22:32
9,cacheablation,PatchTST,ETTm1,96,2023,mixed,1.0,1.0,uniform,cache100,0.0,none,0,0.3925997018814087,0.4110381603240967,490,2026-04-11 15:24:29
9,cacheablation,PatchTST,ETTm1,96,2023,mixed,1.0,1.0,uniform,cache500,0.0,none,0,0.4043306708335876,0.4171222150325775,925,2026-04-11 15:34:56
9,cacheablation,PatchTST,ETTm1,336,2022,mixed,1.0,1.0,uniform,cache0,0.0,none,0,0.461440235376358,0.4447323083877563,6274,2026-04-11 17:07:06
9,cacheablation,PatchTST,ETTm1,336,2021,mixed,1.0,1.0,uniform,ambiguous,0.0,none,0,0.4731922149658203,0.4502835273742676,6763,2026-04-11 17:12:31
9,cacheablation,PatchTST,ETTm1,336,2023,mixed,1.0,1.0,uniform,cache0,0.0,none,0,0.5275974869728088,0.4748012721538543,7273,2026-04-11 17:25:43
9,cacheablation,PatchTST,ETTm1,336,2023,mixed,1.0,1.0,uniform,ambiguous,0.0,none,0,0.4868512153625488,0.4564728736877441,7892,2026-04-11 19:18:39
9,cacheablation,PatchTST,Weather,96,2021,mixed,1.0,1.0,uniform,cache0,0.0,none,0,0.1968717128038406,0.2384301275014877,9256,2026-04-11 20:00:00
9,cacheablation,PatchTST,Weather,96,2022,mixed,1.0,1.0,uniform,cache0,0.0,none,0,0.1880839616060257,0.2363859415054321,9183,2026-04-11 20:24:37
9,cacheablation,PatchTST,Weather,96,2021,mixed,1.0,1.0,uniform,cache100,0.0,none,0,0.1978537887334823,0.2391625344753265,6691,2026-04-11 21:15:03
9,cacheablation,PatchTST,Weather,96,2023,mixed,1.0,1.0,uniform,cache0,0.0,none,0,0.1909661591053009,0.237919270992279,9310,2026-04-11 21:53:49
9,cacheablation,PatchTST,Weather,96,2022,mixed,1.0,1.0,uniform,cache100,0.0,none,0,0.1982467323541641,0.2394400835037231,6944,2026-04-11 21:55:44
9,cacheablation,PatchTST,Weather,96,2023,mixed,1.0,1.0,uniform,cache100,0.0,none,0,0.1921030879020691,0.237299233675003,6194,2026-04-11 22:07:51
9,cacheablation,PatchTST,Weather,96,2023,mixed,1.0,1.0,uniform,cache500,0.0,none,0,0.1921755522489547,0.2366255670785904,6330,2026-04-11 23:00:33
9,cacheablation,PatchTST,Weather,336,2021,mixed,1.0,1.0,uniform,ambiguous,0.0,none,0,0.3026739954948425,0.3142561912536621,9980,2026-04-12 00:40:10
9,cacheablation,PatchTST,Weather,336,2022,mixed,1.0,1.0,uniform,cache0,0.0,none,0,0.3015317320823669,0.3169482946395874,11424,2026-04-12 01:06:08
9,cacheablation,PatchTST,Weather,336,2023,mixed,1.0,1.0,uniform,cache0,0.0,none,0,0.2961206436157226,0.3162727952003479,12858,2026-04-12 01:42:09
9,cacheablation,iTransformer,ETTh1,96,2021,mixed,1.0,1.0,uniform,cache0,0.0,none,0,0.3992402255535126,0.4116603434085846,419,2026-04-12 01:49:08
9,cacheablation,PatchTST,Weather,336,2022,mixed,1.0,1.0,uniform,cache100,0.0,none,0,0.3013878166675567,0.3148565292358398,4349,2026-04-12 01:52:39
9,cacheablation,iTransformer,ETTh1,96,2022,mixed,1.0,1.0,uniform,cache0,0.0,none,0,0.3985794186592102,0.4121502041816711,544,2026-04-12 01:58:12
9,cacheablation,iTransformer,ETTh1,96,2023,mixed,1.0,1.0,uniform,cache0,0.0,none,0,0.3986490666866302,0.4117828607559204,390,2026-04-12 01:59:09
9,cacheablation,iTransformer,ETTh1,96,2023,mixed,1.0,1.0,uniform,cache100,0.0,none,0,0.4085568785667419,0.4212537705898285,401,2026-04-12 02:04:53
9,cacheablation,PatchTST,Weather,336,2023,mixed,1.0,1.0,uniform,ambiguous,0.0,none,0,0.3016837835311889,0.3134667873382568,5072,2026-04-12 02:30:41
9,cacheablation,iTransformer,ETTh1,336,2021,mixed,1.0,1.0,uniform,cache0,0.0,none,0,0.4888793528079986,0.4597918093204498,2213,2026-04-12 02:36:02
9,cacheablation,iTransformer,ETTh1,336,2022,mixed,1.0,1.0,uniform,cache0,0.0,none,0,0.5304118394851685,0.4902045130729675,2296,2026-04-12 02:43:10
9,cacheablation,iTransformer,ETTh1,336,2022,mixed,1.0,1.0,uniform,cache100,0.0,none,0,0.5124204158782959,0.4786842763423919,1251,2026-04-12 02:56:54
9,cacheablation,iTransformer,ETTh1,336,2023,mixed,1.0,1.0,uniform,cache0,0.0,none,0,0.5060280561447144,0.4760716259479522,1621,2026-04-12 02:57:42
9,cacheablation,iTransformer,ETTh1,336,2023,mixed,1.0,1.0,uniform,cache100,0.0,none,0,0.5134981274604797,0.4796892404556274,1653,2026-04-12 03:10:44
9,cacheablation,iTransformer,ETTh1,336,2023,mixed,1.0,1.0,uniform,cache500,0.0,none,0,0.5141788125038147,0.4809717535972595,1125,2026-04-12 03:15:39
9,cacheablation,iTransformer,ETTm1,96,2021,mixed,1.0,1.0,uniform,cache0,0.0,none,0,0.3574096858501434,0.3865538835525512,1161,2026-04-12 03:17:04
9,cacheablation,iTransformer,ETTm1,96,2022,mixed,1.0,1.0,uniform,cache0,0.0,none,0,0.3543615341186523,0.3848912417888641,905,2026-04-12 03:18:11
9,cacheablation,iTransformer,ETTm1,96,2022,mixed,1.0,1.0,uniform,cache100,0.0,none,0,0.3445248603820801,0.37997767329216,217,2026-04-12 03:20:41
9,cacheablation,iTransformer,ETTm1,96,2021,mixed,1.0,1.0,uniform,cache100,0.0,none,0,0.3500502109527588,0.3803083002567291,302,2026-04-12 03:20:41
9,cacheablation,iTransformer,ETTm1,96,2023,mixed,1.0,1.0,uniform,cache0,0.0,none,0,0.3610072731971741,0.3893021941184997,711,2026-04-12 03:22:35
9,cacheablation,iTransformer,ETTm1,96,2023,mixed,1.0,1.0,uniform,cache100,0.0,none,0,0.359928160905838,0.3883496522903442,306,2026-04-12 03:23:17
9,cacheablation,iTransformer,ETTm1,96,2023,mixed,1.0,1.0,uniform,cache500,0.0,none,0,0.3443478941917419,0.3773747086524963,1068,2026-04-12 03:38:29
9,cacheablation,iTransformer,ETTm1,336,2021,mixed,1.0,1.0,uniform,cache100,0.0,none,0,0.432955652475357,0.4264314770698547,4986,2026-04-12 05:01:36
9,cacheablation,iTransformer,ETTm1,336,2022,mixed,1.0,1.0,uniform,cache0,0.0,none,0,0.4271104037761688,0.4240415394306183,6298,2026-04-12 05:07:33
9,cacheablation,iTransformer,ETTm1,336,2021,mixed,1.0,1.0,uniform,cache0,0.0,none,0,0.4338640570640564,0.4266533255577087,8885,2026-04-12 05:48:47
9,cacheablation,iTransformer,ETTm1,336,2023,mixed,1.0,1.0,uniform,cache0,0.0,none,0,0.4474019110202789,0.4329980015754699,9263,2026-04-12 05:57:41
9,cacheablation,iTransformer,ETTm1,336,2023,mixed,1.0,1.0,uniform,cache100,0.0,none,0,0.4284287989139557,0.4255710244178772,6685,2026-04-12 06:58:58
9,cacheablation,iTransformer,ETTm1,336,2022,mixed,1.0,1.0,uniform,cache100,0.0,none,0,0.4588561654090881,0.4410338103771209,8225,2026-04-12 07:18:41
9,cacheablation,iTransformer,ETTm1,336,2023,mixed,1.0,1.0,uniform,cache500,0.0,none,0,0.4311767816543579,0.4268530607223511,7892,2026-04-12 08:00:20
9,cacheablation,iTransformer,Weather,96,2021,mixed,1.0,1.0,uniform,cache0,0.0,none,0,0.1841484159231186,0.2257110178470611,8547,2026-04-12 08:20:09
9,cacheablation,iTransformer,Weather,96,2022,mixed,1.0,1.0,uniform,ambiguous,0.0,none,0,0.1777273565530777,0.220026820898056,7342,2026-04-12 09:01:21
9,cacheablation,iTransformer,Weather,96,2021,mixed,1.0,1.0,uniform,cache100,0.0,none,0,0.1746315360069275,0.2147580534219741,4706,2026-04-12 09:18:46
9,cacheablation,iTransformer,Weather,96,2023,mixed,1.0,1.0,uniform,cache0,0.0,none,0,0.1874808967113495,0.2284232676029205,7380,2026-04-12 09:21:41
9,cacheablation,iTransformer,Weather,96,2023,mixed,1.0,1.0,uniform,ambiguous,0.0,none,0,0.1754442006349563,0.214804857969284,3832,2026-04-12 10:21:45
9,cacheablation,iTransformer,Weather,336,2021,mixed,1.0,1.0,uniform,ambiguous,0.0,none,0,0.2818707525730133,0.3004999160766601,6689,2026-04-12 11:10:15
9,cacheablation,iTransformer,Weather,336,2022,mixed,1.0,1.0,uniform,cache0,0.0,none,0,0.2898308336734772,0.3072971701622009,7981,2026-04-12 11:34:42
9,cacheablation,iTransformer,Weather,336,2022,mixed,1.0,1.0,uniform,cache100,0.0,none,0,0.2816050350666046,0.3002547919750213,5360,2026-04-12 12:39:35
9,cacheablation,iTransformer,Weather,336,2023,mixed,1.0,1.0,uniform,ambiguous,0.0,none,0,0.2807849645614624,0.2996921837329864,9442,2026-04-12 12:59:07
9,cacheablation,PatchTST,ETTh1,96,2023,mixed,1.0,1.0,uniform,cache100,0.0,none,0,0.4686214923858642,0.4591857194900512,100,2026-04-12 21:58:22
9,cacheablation,PatchTST,ETTh1,96,2022,mixed,1.0,1.0,uniform,cache500,0.0,none,0,0.4499038755893707,0.4465349614620209,173,2026-04-12 22:01:07
9,cacheablation,PatchTST,ETTm1,96,2021,mixed,1.0,1.0,uniform,cache100,0.0,none,0,0.3876010775566101,0.406186580657959,605,2026-04-12 22:12:22
9,cacheablation,PatchTST,ETTh1,336,2021,mixed,1.0,1.0,uniform,cache500,0.0,none,0,0.5251049399375916,0.4884472489356994,1120,2026-04-12 22:17:03
9,cacheablation,PatchTST,ETTh1,336,2022,mixed,1.0,1.0,uniform,cache500,0.0,none,0,0.5295039415359497,0.4907539188861847,1124,2026-04-12 22:17:40
9,cacheablation,PatchTST,ETTm1,96,2022,mixed,1.0,1.0,uniform,cache500,0.0,none,0,0.4004430770874023,0.4153316915035248,385,2026-04-12 22:23:28
9,cacheablation,PatchTST,ETTh1,96,2021,mixed,1.0,1.0,uniform,cache100,0.0,none,0,0.4678720235824585,0.4593545496463775,98,2026-04-26 08:33:00
9,cacheablation,PatchTST,ETTh1,96,2021,mixed,1.0,1.0,uniform,cache500,0.0,none,0,0.4474345743656158,0.4440397322177887,112,2026-04-26 08:34:06
9,cacheablation,PatchTST,ETTh1,96,2021,mixed,1.0,1.0,uniform,cache0,0.0,none,0,0.4474345743656158,0.4440397322177887,189,2026-04-26 08:34:31
9,cacheablation,PatchTST,ETTh1,96,2023,mixed,1.0,1.0,uniform,cache500,0.0,none,0,0.4547896087169647,0.4494662880897522,112,2026-04-26 08:35:19
9,cacheablation,PatchTST,ETTm1,96,2021,mixed,1.0,1.0,uniform,cache500,0.0,none,0,0.387873500585556,0.4077451229095459,263,2026-04-26 08:40:38
9,cacheablation,PatchTST,ETTm1,336,2021,mixed,1.0,1.0,uniform,cache100,0.0,none,0,0.4705031812191009,0.4491012394428253,332,2026-04-26 08:43:27
9,cacheablation,PatchTST,ETTm1,96,2021,mixed,1.0,1.0,uniform,cache0,0.0,none,0,0.3837279677391052,0.4025294482707977,654,2026-04-26 08:46:18
9,cacheablation,PatchTST,ETTm1,336,2022,mixed,1.0,1.0,uniform,cache100,0.0,none,0,0.4769552052021026,0.4521578550338745,325,2026-04-26 08:46:30
9,cacheablation,PatchTST,ETTm1,336,2023,mixed,1.0,1.0,uniform,cache100,0.0,none,0,0.4910307824611664,0.4586800038814544,373,2026-04-26 08:50:10
9,cacheablation,PatchTST,ETTm1,336,2021,mixed,1.0,1.0,uniform,cache500,0.0,none,0,0.4822792410850525,0.4539247155189514,341,2026-04-26 08:50:45
9,cacheablation,PatchTST,ETTm1,336,2023,mixed,1.0,1.0,uniform,cache500,0.0,none,0,0.4865627884864807,0.455940306186676,273,2026-04-26 08:51:34
9,cacheablation,PatchTST,ETTm1,336,2022,mixed,1.0,1.0,uniform,cache500,0.0,none,0,0.4777470827102661,0.4526127576828003,353,2026-04-26 08:52:37
9,cacheablation,PatchTST,ETTm1,336,2021,mixed,1.0,1.0,uniform,cache0,0.0,none,0,0.4822792410850525,0.4539247155189514,1021,2026-04-26 08:53:59
9,cacheablation,PatchTST,Weather,96,2021,mixed,1.0,1.0,uniform,cache500,0.0,none,0,0.1930489391088485,0.2387731671333313,220,2026-04-26 08:54:12
9,cacheablation,iTransformer,ETTh1,96,2021,mixed,1.0,1.0,uniform,cache100,0.0,none,0,0.4097669422626495,0.4222328066825866,87,2026-04-26 08:57:22
9,cacheablation,PatchTST,Weather,96,2022,mixed,1.0,1.0,uniform,cache500,0.0,none,0,0.1922743320465088,0.2374239563941955,380,2026-04-26 08:57:33
9,cacheablation,PatchTST,Weather,336,2021,mixed,1.0,1.0,uniform,cache100,0.0,none,0,0.2951792478561401,0.3134763836860657,320,2026-04-26 08:58:12
9,cacheablation,iTransformer,ETTh1,96,2021,mixed,1.0,1.0,uniform,cache500,0.0,none,0,0.4220441281795501,0.4303777515888214,81,2026-04-26 08:58:37
9,cacheablation,iTransformer,ETTh1,96,2022,mixed,1.0,1.0,uniform,cache100,0.0,none,0,0.4151251018047333,0.4252181351184845,133,2026-04-26 08:59:05
9,cacheablation,PatchTST,Weather,336,2021,mixed,1.0,1.0,uniform,cache500,0.0,none,0,0.2931382954120636,0.3173604011535644,333,2026-04-26 08:59:10
9,cacheablation,iTransformer,ETTh1,96,2022,mixed,1.0,1.0,uniform,cache500,0.0,none,0,0.4151251018047333,0.4252181351184845,119,2026-04-26 08:59:20
9,cacheablation,PatchTST,Weather,336,2023,mixed,1.0,1.0,uniform,cache100,0.0,none,0,0.2955904901027679,0.3137195706367492,383,2026-04-26 08:59:44
9,cacheablation,iTransformer,ETTh1,96,2023,mixed,1.0,1.0,uniform,cache500,0.0,none,0,0.4122492671012878,0.4236879050731659,118,2026-04-26 08:59:46
9,cacheablation,iTransformer,ETTh1,336,2021,mixed,1.0,1.0,uniform,cache100,0.0,none,0,0.5280159115791321,0.4859059154987335,81,2026-04-26 09:00:24
9,cacheablation,iTransformer,ETTh1,336,2021,mixed,1.0,1.0,uniform,cache500,0.0,none,0,0.5216842889785767,0.4835869669914245,84,2026-04-26 09:01:01
9,cacheablation,PatchTST,Weather,336,2023,mixed,1.0,1.0,uniform,cache500,0.0,none,0,0.2955904901027679,0.3137195706367492,400,2026-04-26 09:01:19
9,cacheablation,iTransformer,ETTh1,336,2022,mixed,1.0,1.0,uniform,cache500,0.0,none,0,0.5131787657737732,0.4807362854480743,102,2026-04-26 09:01:28
9,cacheablation,PatchTST,Weather,336,2022,mixed,1.0,1.0,uniform,cache500,0.0,none,0,0.2955687642097473,0.3143150508403778,426,2026-04-26 09:01:31
9,cacheablation,iTransformer,ETTm1,96,2021,mixed,1.0,1.0,uniform,cache500,0.0,none,0,0.3462531268596649,0.3780518770217895,272,2026-04-26 09:05:19
9,cacheablation,iTransformer,Weather,96,2022,mixed,1.0,1.0,uniform,cache500,0.0,none,0,0.1860899180173874,0.2292690873146057,254,2026-04-26 09:06:26
9,cacheablation,iTransformer,Weather,96,2023,mixed,1.0,1.0,uniform,cache500,0.0,none,0,0.1754413992166519,0.2148020714521408,276,2026-04-26 09:06:48
9,cacheablation,iTransformer,Weather,96,2022,mixed,1.0,1.0,uniform,cache100,0.0,none,0,0.1860899180173874,0.2292690873146057,321,2026-04-26 09:07:14
9,cacheablation,iTransformer,ETTm1,96,2022,mixed,1.0,1.0,uniform,cache500,0.0,none,0,0.3460288047790527,0.3781579434871673,400,2026-04-26 09:07:30
9,cacheablation,iTransformer,Weather,96,2023,mixed,1.0,1.0,uniform,cache100,0.0,none,0,0.1754413992166519,0.2148020714521408,338,2026-04-26 09:07:32
9,cacheablation,iTransformer,ETTm1,336,2022,mixed,1.0,1.0,uniform,cache500,0.0,none,0,0.4363200962543487,0.4297854602336883,366,2026-04-26 09:07:36
9,cacheablation,iTransformer,ETTm1,336,2021,mixed,1.0,1.0,uniform,cache500,0.0,none,0,0.437248170375824,0.4288918077945709,375,2026-04-26 09:07:44
9,cacheablation,iTransformer,Weather,96,2021,mixed,1.0,1.0,uniform,cache500,0.0,none,0,0.1746294200420379,0.2150465250015258,350,2026-04-26 09:07:54
9,cacheablation,iTransformer,Weather,336,2021,mixed,1.0,1.0,uniform,cache100,0.0,none,0,0.2842094600200653,0.3022194504737854,249,2026-04-26 09:09:20
9,cacheablation,iTransformer,Weather,336,2023,mixed,1.0,1.0,uniform,cache100,0.0,none,0,0.2807748317718506,0.2996869087219238,306,2026-04-26 09:11:17
9,cacheablation,iTransformer,Weather,336,2022,mixed,1.0,1.0,uniform,cache500,0.0,none,0,0.2814518511295318,0.3006480634212494,296,2026-04-26 09:12:11
9,cacheablation,iTransformer,Weather,336,2021,mixed,1.0,1.0,uniform,cache500,0.0,none,0,0.2814286351203918,0.2998837828636169,355,2026-04-26 09:12:48
9,cacheablation,iTransformer,Weather,336,2023,mixed,1.0,1.0,uniform,cache500,0.0,none,0,0.2807748317718506,0.2996869087219238,314,2026-04-26 09:12:55
9,cacheablation,iTransformer,Weather,96,2022,mixed,1.0,1.0,uniform,cache0,0.0,none,0,0.1735128462314605,0.214649349451065,1704,2026-04-26 09:30:10
9,cacheablation,iTransformer,Weather,336,2021,mixed,1.0,1.0,uniform,cache0,0.0,none,0,0.2822584211826324,0.2998605072498321,1790,2026-04-26 09:32:03
9,cacheablation,PatchTST,Weather,336,2021,mixed,1.0,1.0,uniform,cache0,0.0,none,0,0.2909269630908966,0.3115842044353485,2997,2026-04-26 09:41:45
9,cacheablation,iTransformer,Weather,336,2023,mixed,1.0,1.0,uniform,cache0,0.0,none,0,0.2793151438236236,0.2977350950241089,2607,2026-04-26 09:46:11
